qa_id,key,kind,score
training_3539,A,letter,-0.0004626634181477
training_3539,B,letter,-9.016087532043455
training_3539,C,letter,-8.250462532043457
training_3540,A,letter,-0.0656016170978546
training_3540,B,letter,-3.940601587295532
training_3540,C,letter,-3.268726587295532
training_3541,A,letter,-9.37560749053955
training_3541,B,letter,-0.0006071869283914
training_3541,C,letter,-7.922482013702393
training_3553,A,letter,-5.024154186248779
training_3553,B,letter,-7.508529186248779
training_3553,C,letter,-0.0085291871801018
training_3557,A,letter,-0.0191466249525547
training_3557,B,letter,-5.64414644241333
training_3557,C,letter,-4.25352144241333
training_3558,A,letter,-0.0133764930069446
training_3558,B,letter,-4.763376712799072
training_3558,C,letter,-5.732126712799072
training_3561,A,letter,-2.011798858642578
training_3561,B,letter,-0.5117988586425781
training_3561,C,letter,-1.339923858642578
training_3566,A,letter,-0.0004898302140645
training_3566,B,letter,-8.969240188598633
training_3566,C,letter,-8.141115188598633
training_3574,A,letter,-0.7039687633514404
training_3574,B,letter,-2.1570937633514404
training_3574,C,letter,-0.9539687633514404
training_3577,A,letter,-10.01795768737793
training_3577,B,letter,-0.0023328252136707
training_3577,C,letter,-6.14295768737793
training_3580,A,letter,-8.205913543701172
training_3580,B,letter,-6.11216402053833
training_3580,C,letter,-0.0027888235636055
training_3581,A,letter,-0.0007204797584563
training_3581,B,letter,-7.969470500946045
training_3581,C,letter,-8.328845024108887
training_3582,A,letter,-0.0009382136631757
training_3582,B,letter,-8.329063415527344
training_3582,C,letter,-7.610313415527344
training_3965,A,letter,-1.9592716693878172
training_3965,B,letter,-2.3655216693878174
training_3965,C,letter,-0.5998967289924622
training_3965,D,letter,-1.5373966693878174
training_3586,A,letter,-4.616801738739014
training_3586,B,letter,-4.554301738739014
training_3586,C,letter,-0.0230517387390136
training_3966,A,letter,-3.63725471496582
training_3966,B,letter,-5.76225471496582
training_3966,C,letter,-3.5903797149658203
training_3966,D,letter,-0.0591296032071113
training_3587,A,letter,-6.614041328430176
training_3587,B,letter,-6.082791328430176
training_3587,C,letter,-0.004666153807193
training_3967,A,letter,-4.013519287109375
training_3967,B,letter,-0.4666440486907959
training_3967,C,letter,-1.716644048690796
training_3967,D,letter,-1.747894048690796
training_3591,A,letter,-3.9890003204345694
training_3591,B,letter,-7.86400032043457
training_3591,C,letter,-0.0202503614127635
training_3971,A,letter,-2.0739450454711914
training_3971,B,letter,-0.214570090174675
training_3971,C,letter,-4.933320045471191
training_3971,D,letter,-2.8239450454711914
training_3592,A,letter,-1.3514964580535889
training_3592,B,letter,-6.67962121963501
training_3592,C,letter,-0.3046214282512665
training_3973,A,letter,-1.2742575407028198
training_3973,B,letter,-4.336757659912109
training_3973,C,letter,-0.6648825407028198
training_3973,D,letter,-1.6492575407028198
training_3597,A,letter,-6.335580348968506
training_3597,B,letter,-5.413705348968506
training_3597,C,letter,-0.0074551468715071
training_3600,A,letter,-5.718026161193848
training_3600,B,letter,-3.218025922775269
training_3600,C,letter,-0.046150978654623
training_3604,A,letter,-0.1891505718231201
training_3604,B,letter,-2.06415057182312
training_3604,C,letter,-3.15790057182312
training_3610,A,letter,-0.3085954487323761
training_3610,B,letter,-1.3710954189300537
training_3610,C,letter,-4.605470657348633
training_3611,A,letter,-7.188716888427734
training_3611,B,letter,-3.5012168884277344
training_3611,C,letter,-0.0324668362736702
training_3991,A,letter,-1.450110912322998
training_3991,B,letter,-1.184485912322998
training_3991,C,letter,-3.606360912322998
training_3991,D,letter,-0.840735912322998
training_3621,A,letter,-0.0119283003732562
training_3621,B,letter,-5.246303081512451
training_3621,C,letter,-5.152553081512451
training_3992,A,letter,-3.501083374023437
training_3992,B,letter,-3.7510833740234375
training_3992,C,letter,-0.5479584336280823
training_3992,D,letter,-1.0010833740234375
training_3993,A,letter,-0.2452649176120758
training_3993,B,letter,-1.6046398878097534
training_3993,C,letter,-5.464015007019043
training_3993,D,letter,-4.432765007019043
training_3625,A,letter,-2.36848258972168
training_3625,B,letter,-0.1341075748205185
training_3625,C,letter,-3.49348258972168
training_3628,A,letter,-2.5383975505828857
training_3628,B,letter,-0.1633976101875305
training_3628,C,letter,-2.7102725505828857
training_3629,A,letter,-0.3434550762176513
training_3629,B,letter,-1.6403300762176514
training_3629,C,letter,-2.374705076217652
training_3633,A,letter,-1.3949980735778809
training_3633,B,letter,-1.6137480735778809
training_3633,C,letter,-0.5981231331825256
training_3634,A,letter,-5.204230308532715
training_3634,B,letter,-0.2042304128408432
training_3634,C,letter,-1.7354804277420044
training_3637,A,letter,-2.468208312988281
training_3637,B,letter,-1.2963333129882812
training_3637,C,letter,-0.4525832533836365
training_3641,A,letter,-0.0159725211560726
training_3641,B,letter,-5.23472261428833
training_3641,C,letter,-4.71909761428833
training_3644,A,letter,-6.596338748931885
training_3644,B,letter,-0.002588614122942
training_3644,C,letter,-7.049463748931885
training_3647,A,letter,-0.0147914644330739
training_3647,B,letter,-5.530416488647461
training_3647,C,letter,-4.639791488647461
training_3650,A,letter,-7.565566539764404
training_3650,B,letter,-0.003066363511607
training_3650,C,letter,-6.362441539764404
training_3654,A,letter,-1.875948905944824
training_3654,B,letter,-0.5009489059448242
training_3654,C,letter,-1.4384489059448242
training_3655,A,letter,-2.509883403778076
training_3655,B,letter,-0.9005083441734314
training_3655,C,letter,-0.6817583441734314
training_3659,A,letter,-2.819619655609131
training_3659,B,letter,-2.194619655609131
training_3659,C,letter,-0.194619596004486
training_3660,A,letter,-3.049438714981079
training_3660,B,letter,-2.518188714981079
training_3660,C,letter,-0.1431886553764343
training_3661,A,letter,-0.3567195236682892
training_3661,B,letter,-1.5129694938659668
training_3661,C,letter,-2.669219493865967
training_4004,A,letter,-1.9401811361312864
training_4004,B,letter,-2.424556016921997
training_4004,C,letter,-3.018306016921997
training_4004,D,letter,-0.3308061063289642
training_3666,A,letter,-7.676923751831055
training_3666,B,letter,-5.598798751831055
training_3666,C,letter,-0.0050487406551837
training_3671,A,letter,-10.093957901000977
training_3671,B,letter,-0.0002078793913824
training_3671,C,letter,-9.390832901000977
training_3673,A,letter,-1.8550493717193604
training_3673,B,letter,-0.3237993121147156
training_3673,C,letter,-2.2144243717193604
training_4013,A,letter,-1.8818929195404053
training_4013,B,letter,-2.4912679195404053
training_4013,C,letter,-0.3975179493427276
training_4013,D,letter,-2.3818929195404053
training_4014,A,letter,-0.6464151740074158
training_4014,B,letter,-1.6776652336120603
training_4014,C,letter,-2.1151652336120605
training_4014,D,letter,-1.7870402336120603
training_3675,A,letter,-0.1360656172037124
training_3675,B,letter,-4.870440483093262
training_3675,C,letter,-2.151690721511841
training_3676,A,letter,-0.0026045469567179
training_3676,B,letter,-6.9088544845581055
training_3676,C,letter,-6.6744794845581055
training_3678,A,letter,-0.8383349776268005
training_3678,B,letter,-2.0570850372314453
training_3678,C,letter,-0.8383349776268005
training_3682,A,letter,-0.0093876365572214
training_3682,B,letter,-8.384387969970703
training_3682,C,letter,-4.728137493133545
training_4026,A,letter,-4.051761150360107
training_4026,B,letter,-0.8642611503601074
training_4026,C,letter,-1.9267611503601076
training_4026,D,letter,-0.8798861503601074
training_4033,A,letter,-3.941232919692993
training_4033,B,letter,-2.113107919692993
training_4033,C,letter,-1.3318579196929932
training_4033,D,letter,-0.5193578600883484
training_3701,A,letter,-1.0593889951705933
training_3701,B,letter,-0.6062639951705933
training_3701,C,letter,-2.293764114379883
training_4040,A,letter,-2.4326324462890625
training_4040,B,letter,-4.932632446289063
training_4040,C,letter,-0.151382565498352
training_4040,D,letter,-3.1045074462890625
training_3703,A,letter,-1.658321738243103
training_3703,B,letter,-0.3145717680454254
training_3703,C,letter,-2.5801968574523926
training_4041,A,letter,-3.971374273300171
training_4041,B,letter,-0.0338743142783641
training_4041,C,letter,-4.75262451171875
training_4041,D,letter,-5.22137451171875
training_3708,A,letter,-0.0138038517907261
training_3708,B,letter,-4.373178958892822
training_3708,C,letter,-7.107553958892822
training_4046,A,letter,-8.866538047790527
training_4046,B,letter,-9.507163047790527
training_4046,C,letter,-4.975913047790527
training_4046,D,letter,-0.0071630808524787
training_3710,A,letter,-0.1226837038993835
training_3710,B,letter,-4.513308525085449
training_3710,C,letter,-2.2945587635040283
training_3712,A,letter,-2.0742459297180176
training_3712,B,letter,-1.667995810508728
training_3712,C,letter,-0.3867458403110504
training_4054,A,letter,-1.1147702932357788
training_4054,B,letter,-0.5366452932357788
training_4054,C,letter,-3.2241454124450684
training_4054,D,letter,-3.0678954124450684
training_4057,A,letter,-4.501044273376465
training_4057,B,letter,-2.735419273376465
training_4057,C,letter,-3.172919273376465
training_4057,D,letter,-0.1260441988706588
training_3721,A,letter,-3.52018666267395
training_3721,B,letter,-0.0514365807175636
training_3721,C,letter,-4.004561424255371
training_4063,A,letter,-6.210659503936768
training_4063,B,letter,-0.0075343023054301
training_4063,C,letter,-7.476284503936768
training_4063,D,letter,-5.335659503936768
training_3735,A,letter,-4.210214138031006
training_3735,B,letter,-3.8508388996124263
training_3735,C,letter,-0.03833894059062
training_3738,A,letter,-2.62503981590271
training_3738,B,letter,-0.0781648084521293
training_3738,C,letter,-6.453164577484131
training_3739,A,letter,-3.145060777664185
training_3739,B,letter,-0.0825606808066368
training_3739,C,letter,-3.613810777664185
training_3742,A,letter,-7.30237340927124
training_3742,B,letter,-0.0054984050802886
training_3742,C,letter,-5.73987340927124
training_3745,A,letter,-0.5205549597740173
training_3745,B,letter,-5.176805019378662
training_3745,C,letter,-0.9268049597740172
training_3751,A,letter,-0.0924200788140297
training_3751,B,letter,-6.733045101165772
training_3751,C,letter,-2.4517951011657715
training_3760,A,letter,-0.0457992888987064
training_3760,B,letter,-7.405174255371094
training_3760,C,letter,-3.1395492553710938
training_3763,A,letter,-8.236273765563965
training_3763,B,letter,-0.0018991068936884
training_3763,C,letter,-6.783149242401123
training_3768,A,letter,-0.0409093871712684
training_3768,B,letter,-6.697159290313721
training_3768,C,letter,-3.2909092903137207
training_3769,A,letter,-0.0665797740221023
training_3769,B,letter,-3.316579818725586
training_3769,C,letter,-3.707204818725586
training_3771,A,letter,-1.6049964427947998
training_3771,B,letter,-2.0268714427948
training_3771,C,letter,-0.4174964129924774
training_3777,A,letter,-3.429590940475464
training_3777,B,letter,-2.960840940475464
training_3777,C,letter,-0.1014659330248832
training_3778,A,letter,-0.0557643510401248
training_3778,B,letter,-5.368264198303223
training_3778,C,letter,-3.0401394367218018
training_3788,A,letter,-3.7082653045654297
training_3788,B,letter,-0.2238901853561401
training_3788,C,letter,-1.77076518535614
training_3794,A,letter,-5.575079917907715
training_3794,B,letter,-0.012579851783812
training_3794,C,letter,-5.028204917907715
training_3800,A,letter,-3.985145092010498
training_3800,B,letter,-0.938270092010498
training_3800,C,letter,-0.532020092010498
training_3807,A,letter,-4.059006214141846
training_3807,B,letter,-4.746506214141846
training_3807,C,letter,-0.0277560483664274
training_3808,A,letter,-0.2958791255950928
training_3808,B,letter,-1.9208791255950928
training_3808,C,letter,-2.2646291255950928
training_3814,A,letter,-6.3209004402160645
training_3814,B,letter,-0.4771504402160644
training_3814,C,letter,-0.9771504402160645
training_3822,A,letter,-1.0502681732177734
training_3822,B,letter,-0.4721431136131286
training_3822,C,letter,-3.690893173217773
training_3825,A,letter,-1.777623176574707
training_3825,B,letter,-0.1994982212781906
training_3825,C,letter,-4.574498176574707
training_3837,A,letter,-1.3851268291473389
training_3837,B,letter,-6.66637659072876
training_3837,C,letter,-0.2913767993450165
training_3840,A,letter,-3.1460554599761963
training_3840,B,letter,-3.4585554599761963
training_3840,C,letter,-0.0835554078221321
training_3842,A,letter,-2.6577420234680176
training_3842,B,letter,-0.704616904258728
training_3842,C,letter,-0.845241904258728
training_3865,A,letter,-0.0013181816320866
training_3865,B,letter,-7.657567977905273
training_3865,C,letter,-7.470067977905273
training_3872,A,letter,-2.080672264099121
training_3872,B,letter,-5.002547264099121
training_3872,C,letter,-0.1431722193956375
training_3874,A,letter,-3.66443395614624
training_3874,B,letter,-1.0706839561462402
training_3874,C,letter,-0.4613088965415954
training_3876,A,letter,-0.6353021860122681
training_3876,B,letter,-6.4946770668029785
training_3876,C,letter,-0.7603021860122681
training_3878,A,letter,-0.4196494519710541
training_3878,B,letter,-1.3571494817733765
training_3878,C,letter,-2.591524362564087
training_3884,A,letter,-5.789874076843262
training_3884,B,letter,-3.071124315261841
training_3884,C,letter,-0.055499255657196
training_3885,A,letter,-1.2841753959655762
training_3885,B,letter,-6.018550395965576
training_3885,C,letter,-0.3310503959655761
training_3887,A,letter,-5.197129726409912
training_3887,B,letter,-4.072129726409912
training_3887,C,letter,-0.025254750624299
training_3891,A,letter,-1.1152796745300293
training_3891,B,letter,-1.9590296745300293
training_3891,C,letter,-0.7246546745300293
training_3893,A,letter,-2.788093090057373
training_3893,B,letter,-2.631843090057373
training_3893,C,letter,-0.1474680006504058
training_3902,A,letter,-1.0435248613357544
training_3902,B,letter,-2.934149742126465
training_3902,C,letter,-0.5278998613357544
training_4071,A,letter,-7.561265468597412
training_4071,B,letter,-3.842515230178833
training_4071,C,letter,-4.889390468597412
training_4071,D,letter,-0.0300152525305748
training_3904,A,letter,-7.376929759979248
training_3904,B,letter,-0.0019295661477372
training_3904,C,letter,-7.001929759979248
training_3912,A,letter,-0.6382855176925659
training_3912,B,letter,-2.7789106369018555
training_3912,C,letter,-0.903910517692566
training_3917,A,letter,-0.3386098146438598
training_3917,B,letter,-1.86985981464386
training_3917,C,letter,-2.0417346954345703
training_3918,A,letter,-5.270147800445557
training_3918,B,letter,-0.4263980090618133
training_3918,C,letter,-1.0826480388641355
training_3919,A,letter,-10.719069480895996
training_3919,B,letter,-0.0003190723655279
training_3919,C,letter,-8.375319480895996
training_3925,A,letter,-1.416678547859192
training_3925,B,letter,-1.869803547859192
training_3925,C,letter,-0.5104285478591919
training_4085,A,letter,-1.8235691785812376
training_4085,B,letter,-0.5266941785812378
training_4085,C,letter,-1.9798191785812376
training_4085,D,letter,-2.214194297790528
training_3927,A,letter,-2.260348081588745
training_3927,B,letter,-1.463473200798035
training_3927,C,letter,-0.4165981709957123
training_3928,A,letter,-0.2361315190792083
training_3928,B,letter,-1.7361315488815308
training_3928,C,letter,-3.486131429672241
training_3929,A,letter,-1.4044955968856812
training_3929,B,letter,-4.951370716094971
training_3929,C,letter,-0.2951205670833587
training_3931,A,letter,-1.4624360799789429
training_3931,B,letter,-3.2436861991882324
training_3931,C,letter,-0.3218110799789428
training_4090,A,letter,-0.8454434871673584
training_4090,B,letter,-1.8454434871673584
training_4090,C,letter,-1.3923184871673584
training_4090,D,letter,-1.8141934871673584
training_3933,A,letter,-3.8295094966888423
training_3933,B,letter,-1.7513844966888428
training_3933,C,letter,-0.2201344817876815
training_4091,A,letter,-1.285487413406372
training_4091,B,letter,-1.738612413406372
training_4091,C,letter,-0.926112413406372
training_4091,D,letter,-1.894862413406372
training_3934,A,letter,-0.6706358194351196
training_3934,B,letter,-4.06126070022583
training_3934,C,letter,-0.7643858194351196
training_4092,A,letter,-1.603461742401123
training_4092,B,letter,-1.540961742401123
training_4092,C,letter,-0.978461742401123
training_4092,D,letter,-1.572211742401123
training_4094,A,letter,-2.512209892272949
training_4094,B,letter,-1.3559598922729492
training_4094,C,letter,-1.6059598922729492
training_4094,D,letter,-0.7778348922729492
training_3943,A,letter,-1.180553674697876
training_3943,B,letter,-1.305553674697876
training_3943,C,letter,-0.883678674697876
training_3945,A,letter,-7.571826934814453
training_3945,B,letter,-0.0093271704390645
training_3945,C,letter,-4.853076934814453
training_3951,A,letter,-0.295475035905838
training_3951,B,letter,-3.811100006103516
training_3951,C,letter,-1.4673500061035156
training_3955,A,letter,-5.523937702178955
training_3955,B,letter,-6.461437702178955
training_3955,C,letter,-0.0083125084638595
training_0002,A,letter,-1.6597856283187866
training_0002,B,letter,-3.144160509109497
training_0002,C,letter,-0.4097855985164642
training_0002,D,letter,-2.300410509109497
training_0813,A,present,-2.031249918043613
training_0813,B,present,-6.296874909312464
training_0813,C,present,-6.000000097090378
training_0813,D,present,-1.7031249552965164
training_1624,A,letter,-1.454740285873413
training_1624,B,letter,-0.4859903454780578
training_1624,C,letter,-2.939115285873413
training_1624,D,letter,-2.329740285873413
training_2416,ADBC,perm,1.0
training_2416,A<B,pair,1.3437500149011612
training_2416,A<C,pair,1.9687500596046448
training_2416,A<D,pair,1.0312500298023224
training_2416,B<C,pair,0.4375
training_2416,B<D,pair,-0.40625
training_2416,C<D,pair,-0.5468750596046448
training_2725,A,letter,-1.1751275062561035
training_2725,B,letter,-2.0345025062561035
training_2725,C,letter,-0.8782525062561035
training_2725,D,letter,-1.9407525062561035
training_0003,A,letter,-2.6268489360809326
training_0003,B,letter,-0.2362238615751266
training_0003,C,letter,-2.8455989360809326
training_0003,D,letter,-2.5643489360809326
training_0814,A,present,-3.4687499590218067
training_0814,B,present,-6.078124914551154
training_0814,C,present,-0.21875
training_0814,D,present,-4.51562490221113
training_1625,A,letter,-4.484938621520996
training_1625,B,letter,-0.0630637258291244
training_1625,C,letter,-3.516188621520996
training_1625,D,letter,-3.953688621520996
training_2417,DCBA,perm,1.0
training_2417,A<B,pair,-1.4843750149011612
training_2417,A<C,pair,-1.2656250298023224
training_2417,A<D,pair,-1.9999998807907104
training_2417,B<C,pair,0.09375
training_2417,B<D,pair,-0.15625
training_2417,C<D,pair,-0.375
training_2726,A,letter,-2.243022918701172
training_2726,B,letter,-2.602397918701172
training_2726,C,letter,-4.602397918701172
training_2726,D,letter,-0.2117728590965271
training_0006,A,letter,-0.0979345589876174
training_0006,B,letter,-6.519809722900391
training_0006,C,letter,-2.4416844844818115
training_0006,D,letter,-5.535434722900391
training_0817,A,present,-0.6093750298023224
training_0817,B,present,-5.437499833293259
training_0817,C,present,-7.296875022933818
training_0817,D,present,-0.5624999701976776
training_1628,A,letter,-2.3146867752075195
training_1628,B,letter,-4.01781177520752
training_1628,C,letter,-2.1428117752075195
training_1628,D,letter,-0.2678118944168091
training_2729,A,letter,-1.715358018875122
training_2729,B,letter,-1.559108018875122
training_2729,C,letter,-0.6684829592704773
training_2729,D,letter,-2.340358018875122
training_0009,A,letter,-4.678098201751709
training_0009,B,letter,-7.053098201751709
training_0009,C,letter,-4.506223201751709
training_0009,D,letter,-0.0218479931354522
training_0820,A,present,-0.5781250596046448
training_0820,B,present,-5.390624953899533
training_0820,C,present,-2.687500044703484
training_0820,D,present,-4.281250037252903
training_1631,A,letter,-0.766939103603363
training_1631,B,letter,-1.4075641632080078
training_1631,C,letter,-2.266939163208008
training_1631,D,letter,-1.6888141632080078
training_2732,A,letter,-3.2649590969085693
training_2732,B,letter,-4.218084335327148
training_2732,C,letter,-0.6555840969085693
training_2732,D,letter,-0.8587090969085693
training_0011,A,letter,-1.7569446563720703
training_0011,B,letter,-0.9444447159767152
training_0011,C,letter,-1.0381946563720703
training_0011,D,letter,-2.4913196563720703
training_0822,A,present,-1.6718750596046448
training_0822,B,present,-0.984375
training_0822,C,present,-3.9062500335276127
training_0822,D,present,-2.078125022351742
training_1633,A,letter,-0.7226805090904236
training_1633,B,letter,-0.9883055090904236
training_1633,C,letter,-4.535180568695068
training_1633,D,letter,-2.0351805686950684
training_2419,ACDB,perm,1.0
training_2419,A<B,pair,5.249999824445695
training_2419,A<C,pair,-0.296875
training_2419,A<D,pair,4.343749891966581
training_2419,B<C,pair,-7.015625105937943
training_2419,B<D,pair,-3.3749998807907104
training_2419,C<D,pair,3.703124925494194
training_2734,A,letter,-1.278459548950195
training_2734,B,letter,-1.9034595489501955
training_2734,C,letter,-0.8722095489501953
training_2734,D,letter,-1.8878345489501955
training_0013,A,letter,-2.037104606628418
training_0013,B,letter,-0.1621046513319015
training_0013,C,letter,-4.240229606628418
training_0013,D,letter,-5.833979606628418
training_0824,A,present,-2.124999977648258
training_0824,B,present,-3.046875100582838
training_0824,C,present,-0.375
training_0824,D,present,-1.4687500149011612
training_1635,A,letter,-3.0214433670043945
training_1635,B,letter,-2.6620683670043945
training_1635,C,letter,-0.1464433670043945
training_1635,D,letter,-4.0839433670043945
training_2736,A,letter,-1.9815983772277832
training_2736,B,letter,-3.497223377227783
training_2736,C,letter,-0.934723436832428
training_2736,D,letter,-0.825348436832428
training_0015,A,letter,-9.20475959777832
training_0015,B,letter,-0.0016346914926543
training_0015,C,letter,-7.32975959777832
training_0015,D,letter,-7.28288459777832
training_0826,A,present,-3.2500000074505806
training_0826,B,present,-3.203124925494194
training_0826,C,present,-1.6875000447034836
training_0826,D,present,-7.265625067404471
training_1637,A,letter,-6.515800476074219
training_1637,B,letter,-3.6251754760742183
training_1637,C,letter,-0.0470504201948642
training_1637,D,letter,-4.062675476074219
training_2738,A,letter,-4.394497871398926
training_2738,B,letter,-2.394498109817505
training_2738,C,letter,-2.863248109817505
training_2738,D,letter,-0.1757480949163437
training_0019,A,letter,-1.114403247833252
training_0019,B,letter,-2.755028247833252
training_0019,C,letter,-3.036278247833252
training_0019,D,letter,-0.583153247833252
training_0830,A,present,-1.4531249552965164
training_0830,B,present,-2.4843749925494194
training_0830,C,present,-2.968749947845936
training_0830,D,present,-2.703125089406967
training_1641,A,letter,-2.498108386993408
training_1641,B,letter,-1.5293583869934082
training_1641,C,letter,-2.123108386993408
training_1641,D,letter,-0.544983446598053
training_2742,A,letter,-3.681320190429688
training_2742,B,letter,-0.4469452202320099
training_2742,C,letter,-1.1031951904296875
training_2742,D,letter,-5.946945190429688
training_0028,A,letter,-5.175047397613525
training_0028,B,letter,-1.237547516822815
training_0028,C,letter,-4.971922397613525
training_0028,D,letter,-0.3625475168228149
training_0839,A,present,-5.68750000372529
training_0839,B,present,-4.937499892897904
training_0839,C,present,-1.0468750596046448
training_0839,D,present,-3.718750109896064
training_1650,A,letter,-0.5007472038269043
training_1650,B,letter,-4.610122203826904
training_1650,C,letter,-2.2819972038269043
training_1650,D,letter,-1.2819972038269043
training_2427,DCBA,perm,1.0
training_2427,A<B,pair,-1.09375
training_2427,A<C,pair,-2.3281250670552254
training_2427,A<D,pair,-2.7343750298023224
training_2427,B<C,pair,-1.0781250298023224
training_2427,B<D,pair,-1.21875
training_2427,C<D,pair,0.375
training_2751,A,letter,-0.6427945494651794
training_2751,B,letter,-1.970919609069824
training_2751,C,letter,-2.299044609069824
training_2751,D,letter,-1.4552946090698242
training_0032,A,letter,-1.640526533126831
training_0032,B,letter,-0.6405265927314758
training_0032,C,letter,-1.718651533126831
training_0032,D,letter,-2.328026533126831
training_0843,A,present,-3.2031249068677425
training_0843,B,present,-1.453125
training_0843,C,present,-4.374999915249646
training_0843,D,present,-4.546875230967999
training_1654,A,letter,-3.930997848510742
training_1654,B,letter,-4.180997848510742
training_1654,C,letter,-0.0559978149831295
training_1654,D,letter,-3.977872848510742
training_2431,ACBD,perm,1.0
training_2431,A<B,pair,2.4999998807907104
training_2431,A<C,pair,1.4062499850988388
training_2431,A<D,pair,2.609374985098839
training_2431,B<C,pair,-0.34375
training_2431,B<D,pair,0.265625
training_2431,C<D,pair,1.0625000298023224
training_2755,A,letter,-4.717383861541748
training_2755,B,letter,-4.842383861541748
training_2755,C,letter,-1.0611339807510376
training_2755,D,letter,-0.45175901055336
training_0387,A,letter,-0.0374020002782344
training_0387,B,letter,-3.7405269145965576
training_0387,C,letter,-5.740527153015137
training_0387,D,letter,-4.662402153015137
training_1198,A,present,-3.187499899417162
training_1198,B,present,3.8281249050050974
training_1198,C,present,-4.531249946914613
training_1198,D,present,-0.125
training_2002,A,letter,-3.365823745727539
training_2002,B,letter,-0.0689486637711525
training_2002,C,letter,-6.365823745727539
training_2002,D,letter,-3.506448745727539
training_3110,A,letter,-0.1703645288944244
training_3110,B,letter,-2.498489618301392
training_3110,C,letter,-4.1547393798828125
training_3110,D,letter,-2.842239618301392
training_0390,A,letter,-0.0167060904204845
training_0390,B,letter,-6.454205989837647
training_0390,C,letter,-4.313580989837647
training_0390,D,letter,-6.657330989837647
training_1201,A,present,-3.2500000409781933
training_1201,B,present,1.546875
training_1201,C,present,-8.437499784107786
training_1201,D,present,-2.593750096857548
training_2005,A,letter,-1.25970458984375
training_2005,B,letter,-1.55657958984375
training_2005,C,letter,-0.7909545302391052
training_2005,D,letter,-2.99407958984375
training_3113,A,letter,-2.4109771251678467
training_3113,B,letter,-0.1141020804643631
training_3113,C,letter,-5.410976886749268
training_3113,D,letter,-4.332851886749268
training_0392,A,letter,-1.800995111465454
training_0392,B,letter,-3.519745111465454
training_0392,C,letter,-0.3166200518608093
training_0392,D,letter,-2.597870111465454
training_1203,A,present,-2.046874888241291
training_1203,B,present,-1.7031249850988388
training_1203,C,present,-1.7500000596046448
training_1203,D,present,-3.0937500298023224
training_2007,A,letter,-4.232073783874512
training_2007,B,letter,-0.1851986497640609
training_2007,C,letter,-3.1070735454559326
training_2007,D,letter,-2.2164485454559326
training_3115,A,letter,-4.254936695098877
training_3115,B,letter,-0.1611867398023605
training_3115,C,letter,-2.192436695098877
training_3115,D,letter,-3.817436695098877
training_0393,A,letter,-0.6584813594818115
training_0393,B,letter,-4.705356597900391
training_0393,C,letter,-0.7522313594818115
training_0393,D,letter,-6.611606597900391
training_1204,A,present,-2.687499962747097
training_1204,B,present,-2.4531250670552254
training_1204,C,present,-7.515624821593519
training_1204,D,present,-0.5156250298023224
training_2008,A,letter,-4.466954231262207
training_2008,B,letter,-4.451329231262207
training_2008,C,letter,-5.185704231262207
training_2008,D,letter,-0.0294543746858835
training_3116,A,letter,-2.061903476715088
training_3116,B,letter,-1.7181535959243774
training_3116,C,letter,-5.249403476715088
training_3116,D,letter,-0.374403566122055
training_0401,A,letter,-1.7843046188354492
training_0401,B,letter,-6.862429618835449
training_0401,C,letter,-0.190554678440094
training_0401,D,letter,-5.596804618835449
training_1212,A,present,2.359375052154064
training_1212,B,present,-0.125
training_1212,C,present,2.203124932944774
training_1212,D,present,-7.078125166823156
training_2016,A,letter,-5.417574405670166
training_2016,B,letter,-0.0425743423402309
training_2016,C,letter,-4.464449405670166
training_2016,D,letter,-3.683199405670166
training_2564,ADBC,perm,1.0
training_2564,A<B,pair,-0.140625
training_2564,A<C,pair,1.7656249850988388
training_2564,A<D,pair,1.843750044703484
training_2564,B<C,pair,0.453125
training_2564,B<D,pair,0.25
training_2564,C<D,pair,1.6093749850988388
training_3124,A,letter,-0.5038939118385315
training_3124,B,letter,-2.1913938522338867
training_3124,C,letter,-1.6913938522338867
training_3124,D,letter,-2.3163938522338867
training_0402,A,letter,-4.146267414093018
training_0402,B,letter,-0.0212674587965011
training_0402,C,letter,-6.193142414093018
training_0402,D,letter,-5.927517414093018
training_1213,A,present,-1.1249999403953552
training_1213,B,present,-7.890625105617801
training_1213,C,present,-6.734374899649993
training_1213,D,present,-4.531249886378646
training_2017,A,letter,-4.9992756843566895
training_2017,B,letter,-0.0149005781859159
training_2017,C,letter,-5.9367756843566895
training_2017,D,letter,-5.2805256843566895
training_2565,DCAB,perm,1.0
training_2565,A<B,pair,0.53125
training_2565,A<C,pair,-0.5781249403953552
training_2565,A<D,pair,-0.7500000596046448
training_2565,B<C,pair,-0.265625
training_2565,B<D,pair,-0.5624999701976776
training_2565,C<D,pair,-0.359375
training_3125,A,letter,-3.337313652038574
training_3125,B,letter,-0.4623136222362518
training_3125,C,letter,-4.399813652038574
training_3125,D,letter,-1.1341886520385742
training_0403,A,letter,-0.0064773135818541
training_0403,B,letter,-6.709602355957031
training_0403,C,letter,-5.537727355957031
training_0403,D,letter,-6.881477355957031
training_1214,A,present,1.03125
training_1214,B,present,2.265625111758709
training_1214,C,present,-0.78125
training_1214,D,present,-6.078125124797225
training_2018,A,letter,-3.302611351013184
training_2018,B,letter,-0.7401112914085388
training_2018,C,letter,-4.818236351013184
training_2018,D,letter,-0.7401112914085388
training_2566,DBAC,perm,1.0
training_2566,A<B,pair,-1.2343749701976776
training_2566,A<C,pair,0.40625
training_2566,A<D,pair,-1.0937500298023224
training_2566,B<C,pair,1.3593750447034836
training_2566,B<D,pair,1.0781250298023224
training_2566,C<D,pair,-0.890625
training_3126,A,letter,-0.565771222114563
training_3126,B,letter,-2.518896102905273
training_3126,C,letter,-3.8157711029052734
training_3126,D,letter,-1.112646222114563
training_0405,A,letter,-2.654676675796509
training_0405,B,letter,-7.060926914215088
training_0405,C,letter,-6.076551914215088
training_0405,D,letter,-0.0765517130494117
training_1216,A,present,-7.218750196625479
training_1216,B,present,1.2187499701976776
training_1216,C,present,-4.53124993853271
training_1216,D,present,-3.968750104308128
training_2020,A,letter,-6.678477764129639
training_2020,B,letter,-2.2409777641296387
training_2020,C,letter,-0.1472276896238327
training_2020,D,letter,-3.5534777641296387
training_3128,A,letter,-3.943882465362549
training_3128,B,letter,-2.615757465362549
training_3128,C,letter,-0.162632554769516
training_3128,D,letter,-2.865757465362549
training_0408,A,letter,-2.76308012008667
training_0408,B,letter,-0.9662051796913148
training_0408,C,letter,-4.62245512008667
training_0408,D,letter,-0.6068301796913147
training_1219,A,present,-4.656249794177711
training_1219,B,present,-2.328124932944774
training_1219,C,present,0.5468750298023224
training_1219,D,present,-3.9531249534338713
training_2023,A,letter,-2.8708410263061523
training_2023,B,letter,-0.3864660263061523
training_2023,C,letter,-3.5739660263061523
training_2023,D,letter,-1.4489660263061523
training_3131,A,letter,-0.9943812489509584
training_3131,B,letter,-1.1193811893463137
training_3131,C,letter,-2.353756189346313
training_3131,D,letter,-1.5725061893463137
training_0417,A,letter,-4.756235122680664
training_0417,B,letter,-0.5999849438667297
training_0417,C,letter,-3.084359884262085
training_0417,D,letter,-0.9281099438667296
training_1228,A,present,-6.96875020978041
training_1228,B,present,-2.3281249403953552
training_1228,C,present,-1.0156249403953552
training_1228,D,present,1.7343749552965164
training_2032,A,letter,-0.7095820903778076
training_2032,B,letter,-3.693957090377808
training_2032,C,letter,-2.522082090377808
training_2032,D,letter,-0.9127070903778076
training_3140,A,letter,-1.9418329000473025
training_3140,B,letter,-1.6137079000473022
training_3140,C,letter,-0.9262079000473022
training_3140,D,letter,-1.3637079000473022
training_0421,A,letter,-1.7714335918426514
training_0421,B,letter,-2.552683591842652
training_0421,C,letter,-3.7558085918426514
training_0421,D,letter,-0.3183085918426513
training_1232,A,present,-0.9531250298023224
training_1232,B,present,-1.4062499701976776
training_1232,C,present,-3.000000026077032
training_1232,D,present,-0.5468750596046448
training_2036,A,letter,-1.1634981632232666
training_2036,B,letter,-4.304122924804688
training_2036,C,letter,-2.2416231632232666
training_2036,D,letter,-0.5697481632232666
training_2572,ADBC,perm,1.0
training_2572,A<B,pair,1.015625
training_2572,A<C,pair,0.296875
training_2572,A<D,pair,0.25
training_2572,B<C,pair,0.21875
training_2572,B<D,pair,-0.015625
training_2572,C<D,pair,-0.109375
training_3144,A,letter,-0.3218676149845123
training_3144,B,letter,-4.8374924659729
training_3144,C,letter,-3.1656177043914795
training_3144,D,letter,-1.49374258518219
training_0424,A,letter,-3.599611759185791
training_0424,B,letter,-6.037111759185791
training_0424,C,letter,-2.380861759185791
training_0424,D,letter,-0.1308618634939193
training_1235,A,present,0.328125
training_1235,B,present,-6.21874984074384
training_1235,C,present,-0.28125
training_1235,D,present,-5.093750111293048
training_2039,A,letter,-0.5091292262077332
training_2039,B,letter,-2.571629285812378
training_2039,C,letter,-1.493504285812378
training_2039,D,letter,-2.337254285812378
training_2575,DBAC,perm,1.0
training_2575,A<B,pair,0.625
training_2575,A<C,pair,4.109374906867743
training_2575,A<D,pair,-0.3125
training_2575,B<C,pair,3.1562500335276127
training_2575,B<D,pair,-1.4374999850988388
training_2575,C<D,pair,-5.546874781139195
training_3147,A,letter,-0.3004739880561828
training_3147,B,letter,-4.331724166870117
training_3147,C,letter,-1.519223928451538
training_3147,D,letter,-3.628598928451538
training_0428,A,letter,-2.4599854946136475
training_0428,B,letter,-0.1162355095148086
training_0428,C,letter,-4.850610733032227
training_0428,D,letter,-4.163110733032227
training_1239,A,present,-0.4375
training_1239,B,present,-0.328125
training_1239,C,present,-1.0781250596046448
training_1239,D,present,-0.9218750298023224
training_2043,A,letter,-2.5591061115264893
training_2043,B,letter,-1.1684811115264893
training_2043,C,letter,-1.2934811115264893
training_2043,D,letter,-1.0903561115264893
training_3151,A,letter,-1.0156632661819458
training_3151,B,letter,-2.484413146972656
training_3151,C,letter,-3.359413146972656
training_3151,D,letter,-0.6562882661819458
training_0429,A,letter,-0.3721095025539398
training_0429,B,letter,-1.6377345323562622
training_0429,C,letter,-2.7002344131469727
training_0429,D,letter,-3.0596094131469727
training_1240,A,present,-2.640624932944774
training_1240,B,present,-2.0312501043081284
training_1240,C,present,-2.921874977648258
training_1240,D,present,-0.9999999701976776
training_2044,A,letter,-2.381714344024658
training_2044,B,letter,-1.6629643440246582
training_2044,C,letter,-1.4910893440246582
training_2044,D,letter,-0.7098393440246582
training_3152,A,letter,-3.435561180114746
training_3152,B,letter,-3.107436180114746
training_3152,C,letter,-0.9980611205101012
training_3152,D,letter,-0.5918111205101013
training_0430,A,letter,-3.812615633010864
training_0430,B,letter,-1.8751156330108645
training_0430,C,letter,-0.2188655734062194
training_0430,D,letter,-3.906365633010864
training_1241,A,present,-5.124999860301614
training_1241,B,present,-6.546875166124664
training_1241,C,present,-0.203125
training_1241,D,present,-0.765625
training_2045,A,letter,-1.5083589553833008
training_2045,B,letter,-2.227108955383301
training_2045,C,letter,-1.6802339553833008
training_2045,D,letter,-0.7271089553833008
training_3153,A,letter,-0.1303362846374511
training_3153,B,letter,-3.005336284637451
training_3153,C,letter,-3.333461284637451
training_3153,D,letter,-3.333461284637451
training_0432,A,letter,-3.986437320709229
training_0432,B,letter,-0.0333122536540031
training_0432,C,letter,-5.5333123207092285
training_0432,D,letter,-4.6895623207092285
training_1243,A,present,-2.140624962747097
training_1243,B,present,-2.531250022351742
training_1243,C,present,-3.140625074505806
training_1243,D,present,-2.3593750298023224
training_2047,A,letter,-0.197419062256813
training_2047,B,letter,-3.916169166564941
training_2047,C,letter,-2.8380441665649414
training_2047,D,letter,-2.3067941665649414
training_3155,A,letter,-3.078547954559326
training_3155,B,letter,-0.2660480737686157
training_3155,C,letter,-2.500422954559326
training_3155,D,letter,-2.266047954559326
training_0438,A,letter,-4.62103271484375
training_0438,B,letter,-9.46478271484375
training_0438,C,letter,-0.0116576869040727
training_0438,D,letter,-6.44915771484375
training_1249,A,present,-3.0781248807907104
training_1249,B,present,-3.624999936670065
training_1249,C,present,-6.406249993713573
training_1249,D,present,-10.046875126528905
training_2053,A,letter,-0.0263435244560241
training_2053,B,letter,-4.30759334564209
training_2053,C,letter,-5.33884334564209
training_2053,D,letter,-4.91696834564209
training_2583,DBAC,perm,1.0
training_2583,A<B,pair,-2.656250014901161
training_2583,A<C,pair,-1.203125
training_2583,A<D,pair,-1.328125
training_2583,B<C,pair,-0.3125
training_2583,B<D,pair,0.078125
training_2583,C<D,pair,-0.3125
training_3161,A,letter,-0.8407507538795471
training_3161,B,letter,-2.1845006942749023
training_3161,C,letter,-0.8407507538795471
training_3161,D,letter,-3.7938756942749023
training_0450,A,letter,-5.752296447753906
training_0450,B,letter,-2.3929216861724854
training_0450,C,letter,-4.580421447753906
training_0450,D,letter,-0.111671581864357
training_1261,A,present,0.15625
training_1261,B,present,-6.843749827356078
training_1261,C,present,-5.828124802093953
training_1261,D,present,2.156249895691872
training_2065,A,letter,-3.924518823623657
training_2065,B,letter,-4.440143585205078
training_2065,C,letter,-0.4401437640190124
training_2065,D,letter,-1.1276438236236572
training_2592,ADBC,perm,1.0
training_2592,A<B,pair,3.750000022351742
training_2592,A<C,pair,6.531250125379302
training_2592,A<D,pair,2.609374895691872
training_2592,B<C,pair,2.250000022351742
training_2592,B<D,pair,-3.093750111758709
training_2592,C<D,pair,-5.968749856809154
training_3173,A,letter,-2.95559310913086
training_3173,B,letter,-3.25246810913086
training_3173,C,letter,-0.1118431091308593
training_3173,D,letter,-4.268093109130859
training_0454,A,letter,-6.550403594970703
training_0454,B,letter,-0.331653356552124
training_0454,C,letter,-3.237903356552124
training_0454,D,letter,-1.425403356552124
training_1265,A,present,-2.500000074505806
training_1265,B,present,-1.296875
training_1265,C,present,-8.375000016356353
training_1265,D,present,-2.2343750596046448
training_2069,A,letter,-6.581963539123535
training_2069,B,letter,-4.191338539123535
training_2069,C,letter,-5.988213539123535
training_2069,D,letter,-0.0194635055959224
training_3177,A,letter,-1.531440496444702
training_3177,B,letter,-4.172065734863281
training_3177,C,letter,-0.5001904964447021
training_3177,D,letter,-1.828315496444702
training_0456,A,letter,-0.1207767948508262
training_0456,B,letter,-4.417651653289795
training_0456,C,letter,-3.870776891708374
training_0456,D,letter,-2.527026891708374
training_1267,A,present,0.328125
training_1267,B,present,-1.1250000596046448
training_1267,C,present,-0.953125
training_1267,D,present,-2.6875000074505806
training_2071,A,letter,-3.832113981246948
training_2071,B,letter,-1.0196139812469482
training_2071,C,letter,-1.7071139812469482
training_2071,D,letter,-0.832114040851593
training_3179,A,letter,-1.9854079484939573
training_3179,B,letter,-2.126032829284668
training_3179,C,letter,-1.1885329484939575
training_3179,D,letter,-0.8291579484939575
training_0466,A,letter,-0.0480898320674896
training_0466,B,letter,-5.610589981079102
training_0466,C,letter,-3.4074647426605225
training_0466,D,letter,-4.657464981079102
training_1277,A,present,-0.296875
training_1277,B,present,-7.703124795749318
training_1277,C,present,-0.375
training_1277,D,present,-1.8281250298023224
training_2081,A,letter,-3.954634189605713
training_2081,B,letter,-4.110884189605713
training_2081,C,letter,-3.657759189605713
training_2081,D,letter,-0.0640091449022293
training_3189,A,letter,-1.565622329711914
training_3189,B,letter,-0.456247329711914
training_3189,C,letter,-3.940622329711914
training_3189,D,letter,-1.987497329711914
training_0469,A,letter,-0.1940238773822784
training_0469,B,letter,-2.240898847579956
training_0469,C,letter,-2.881523847579956
training_0469,D,letter,-4.428399085998535
training_1280,A,present,-3.1093748919665813
training_1280,B,present,-2.953124932944774
training_1280,C,present,-1.03125
training_1280,D,present,-3.5156249199062586
training_2084,A,letter,-2.6385316848754883
training_2084,B,letter,-1.6697816848754885
training_2084,C,letter,-2.4979066848754883
training_2084,D,letter,-0.4197816848754883
training_3192,A,letter,-0.746291995048523
training_3192,B,letter,-0.871291995048523
training_3192,C,letter,-4.7306671142578125
training_3192,D,letter,-2.3244171142578125
training_0471,A,letter,-0.0011393491877242
training_0471,B,letter,-8.641764640808105
training_0471,C,letter,-8.485514640808105
training_0471,D,letter,-7.266764163970947
training_1282,A,present,-0.03125
training_1282,B,present,-8.60937454989471
training_1282,C,present,-6.437499928986654
training_1282,D,present,-0.359375
training_2086,A,letter,-4.947257518768311
training_2086,B,letter,-6.806632518768311
training_2086,C,letter,-0.009757443331182
training_2086,D,letter,-6.650382518768311
training_2598,BCAD,perm,1.0
training_2598,A<B,pair,-1.078125
training_2598,A<C,pair,-1.6093750149011612
training_2598,A<D,pair,-1.2968750447034836
training_2598,B<C,pair,-0.375
training_2598,B<D,pair,1.6250000298023224
training_2598,C<D,pair,0.171875
training_3194,A,letter,-1.2668228149414062
training_3194,B,letter,-4.469947814941406
training_3194,C,letter,-0.829322874546051
training_3194,D,letter,-1.3136978149414062
training_0475,A,letter,-0.0309004243463277
training_0475,B,letter,-4.140275478363037
training_0475,C,letter,-4.905900478363037
training_0475,D,letter,-5.062150478363037
training_1286,A,present,-1.5312499850988388
training_1286,B,present,-1.8281250596046448
training_1286,C,present,-4.10937519185245
training_1286,D,present,-5.562499786261469
training_3198,A,letter,-2.7225775718688965
training_3198,B,letter,-0.519452691078186
training_3198,C,letter,-5.3788275718688965
training_3198,D,letter,-1.097577691078186
training_0494,A,letter,-5.23237419128418
training_0494,B,letter,-0.9979994297027588
training_0494,C,letter,-1.0604994297027588
training_0494,D,letter,-1.2792494297027588
training_1305,A,present,-8.046874852152541
training_1305,B,present,-0.84375
training_1305,C,present,0.09375
training_1305,D,present,-4.046874921768904
training_2106,A,letter,-5.617307186126709
training_2106,B,letter,-0.1798072010278701
training_2106,C,letter,-2.632932186126709
training_2106,D,letter,-2.429807186126709
training_3217,A,letter,-4.702388763427734
training_3217,B,letter,-4.577388763427734
training_3217,C,letter,-2.9055137634277344
training_3217,D,letter,-0.0773887112736702
training_0495,A,letter,-3.760282516479492
training_0495,B,letter,-3.072782516479492
training_0495,C,letter,-0.0884075164794921
training_0495,D,letter,-4.275907516479492
training_1306,A,present,-0.4999999701976776
training_1306,B,present,0.515625
training_1306,C,present,0.078125
training_1306,D,present,-1.7187499552965164
training_2107,A,letter,-3.740357398986816
training_2107,B,letter,-4.412232398986816
training_2107,C,letter,-0.0372323766350746
training_2107,D,letter,-7.662232398986816
training_3218,A,letter,-5.913168430328369
training_3218,B,letter,-5.616293430328369
training_3218,C,letter,-7.741293430328369
training_3218,D,letter,-0.006918640807271
training_0498,A,letter,-4.543857097625732
training_0498,B,letter,-6.559482097625732
training_0498,C,letter,-7.809482097625732
training_0498,D,letter,-0.012607280164957
training_1309,A,present,-4.421874891966581
training_1309,B,present,0.828125
training_1309,C,present,-0.6562499701976776
training_1309,D,present,0.859375
training_2110,A,letter,-5.524214744567871
training_2110,B,letter,-0.7898396253585815
training_2110,C,letter,-3.352339744567871
training_2110,D,letter,-0.6804646253585815
training_3221,A,letter,-2.576303720474243
training_3221,B,letter,-0.1544287353754043
training_3221,C,letter,-3.341928720474243
training_3221,D,letter,-3.482553720474243
training_0503,A,letter,-3.637655735015869
training_0503,B,letter,-1.7626558542251587
training_0503,C,letter,-4.825155735015869
training_0503,D,letter,-0.2314058095216751
training_1314,A,present,-1.7500000298023224
training_1314,B,present,-1.4531250149011612
training_1314,C,present,-1.0937499701976776
training_1314,D,present,0.203125
training_2115,A,letter,-0.5037044882774353
training_2115,B,letter,-3.25370454788208
training_2115,C,letter,-1.25370454788208
training_2115,D,letter,-2.65995454788208
training_3226,A,letter,-1.3116517066955566
training_3226,B,letter,-2.6397767066955566
training_3226,C,letter,-1.3429017066955566
training_3226,D,letter,-0.9366517066955566
training_0509,A,letter,-0.0563568659126758
training_0509,B,letter,-5.087606906890869
training_0509,C,letter,-4.946981906890869
training_0509,D,letter,-3.196981906890869
training_1320,A,present,-3.781249951571226
training_1320,B,present,-2.249999888241291
training_1320,C,present,-0.15625
training_1320,D,present,-7.499999837309588
training_2121,A,letter,-3.35049819946289
training_2121,B,letter,-2.28799819946289
training_2121,C,letter,-0.2254981696605682
training_2121,D,letter,-2.74112319946289
training_3232,A,letter,-1.579951286315918
training_3232,B,letter,-2.939326286315918
training_3232,C,letter,-3.423701286315918
training_3232,D,letter,-0.3455763161182403
training_0510,A,letter,-0.8346260786056519
training_0510,B,letter,-3.5065011978149414
training_0510,C,letter,-2.0690011978149414
training_0510,D,letter,-0.8971260786056519
training_1321,A,present,-2.109375014901161
training_1321,B,present,-1.0937500596046448
training_1321,C,present,-0.96875
training_1321,D,present,-6.671874843421392
training_2122,A,letter,-3.222050666809082
training_2122,B,letter,-2.065800666809082
training_2122,C,letter,-1.3001755475997925
training_2122,D,letter,-0.5814255475997925
training_3233,A,letter,-1.2834280729293823
training_3233,B,letter,-1.9553030729293823
training_3233,C,letter,-0.6115530729293823
training_3233,D,letter,-3.283428192138672
training_0515,A,letter,-6.026608943939209
training_0515,B,letter,-1.370359182357788
training_0515,C,letter,-2.620359182357788
training_0515,D,letter,-0.4016091227531433
training_1326,A,present,-5.328125081025064
training_1326,B,present,-1.015625
training_1326,C,present,-2.531250022351742
training_1326,D,present,-3.374999936670065
training_2127,A,letter,-3.138362407684326
training_2127,B,letter,-1.3102374076843262
training_2127,C,letter,-1.3414874076843262
training_2127,D,letter,-0.8571124076843262
training_2615,ADBC,perm,1.0
training_2615,A<B,pair,1.25
training_2615,A<C,pair,2.265625044703484
training_2615,A<D,pair,0.078125
training_2615,B<C,pair,1.5000000447034836
training_2615,B<D,pair,-0.125
training_2615,C<D,pair,-0.7968749701976776
training_3238,A,letter,-2.998182535171509
training_3238,B,letter,-4.15443229675293
training_3238,C,letter,-2.154432535171509
training_3238,D,letter,-0.2013074904680252
training_0525,A,letter,-4.579412460327148
training_0525,B,letter,-3.876287460327149
training_0525,C,letter,-1.3919124603271484
training_0525,D,letter,-0.3294124007225036
training_1336,A,present,0.5937499701976776
training_1336,B,present,-2.109374932944774
training_1336,C,present,-6.796874828403816
training_1336,D,present,-5.718750174390152
training_2137,A,letter,-4.9436936378479
training_2137,B,letter,-0.0374434515833854
training_2137,C,letter,-4.8186936378479
training_2137,D,letter,-3.881193399429321
training_3248,A,letter,-0.6116422414779663
training_3248,B,letter,-1.0491422414779663
training_3248,C,letter,-2.580392360687256
training_3248,D,letter,-3.502267360687256
training_0528,A,letter,-3.530541181564331
training_0528,B,letter,-8.04616641998291
training_0528,C,letter,-0.1867910772562027
training_0528,D,letter,-1.9680410623550413
training_1339,A,present,-5.718750179279596
training_1339,B,present,0.7343749701976776
training_1339,C,present,-6.218749763211235
training_1339,D,present,-4.515625031664968
training_2140,A,letter,-0.4161369502544403
training_2140,B,letter,-2.8067619800567627
training_2140,C,letter,-2.4786369800567627
training_2140,D,letter,-1.6348869800567627
training_2625,CADB,perm,1.0
training_2625,A<B,pair,1.0468750596046448
training_2625,A<C,pair,0.9843749701976776
training_2625,A<D,pair,2.8281248919665813
training_2625,B<C,pair,0.46875
training_2625,B<D,pair,1.937500074505806
training_2625,C<D,pair,0.8281249701976776
training_3251,A,letter,-2.577943086624145
training_3251,B,letter,-3.202943086624145
training_3251,C,letter,-0.4060681164264679
training_3251,D,letter,-1.5310680866241455
training_0534,A,letter,-6.348097324371338
training_0534,B,letter,-0.0043475162237882
training_0534,C,letter,-6.816847324371338
training_0534,D,letter,-6.676222324371338
training_1345,A,present,-6.765624771709554
training_1345,B,present,-6.56249987706542
training_1345,C,present,-0.21875
training_1345,D,present,-4.2500002374872565
training_2146,A,letter,-0.0195862557739019
training_2146,B,letter,-4.628961086273193
training_2146,C,letter,-6.082086086273193
training_2146,D,letter,-4.941461086273193
training_3257,A,letter,-4.168570518493652
training_3257,B,letter,-1.6216953992843628
training_3257,C,letter,-4.074820518493652
training_3257,D,letter,-0.2623203992843628
training_0546,A,letter,-6.520730972290039
training_0546,B,letter,-0.2551060616970062
training_0546,C,letter,-1.5051060914993286
training_0546,D,letter,-6.786355972290039
training_1357,A,present,-1.5468749701976776
training_1357,B,present,-3.859375031664968
training_1357,C,present,2.187500044703484
training_1357,D,present,-2.171874903142452
training_2158,A,letter,-2.474576473236084
training_2158,B,letter,-1.5058265924453735
training_2158,C,letter,-1.3027015924453735
training_2158,D,letter,-0.8652015924453735
training_3269,A,letter,-0.9483827352523804
training_3269,B,letter,-2.30775785446167
training_3269,C,letter,-1.9327577352523804
training_3269,D,letter,-1.0108827352523804
training_0549,A,letter,-0.6846186518669128
training_0549,B,letter,-2.0752437114715576
training_0549,C,letter,-3.3564937114715576
training_0549,D,letter,-1.1064937114715576
training_1360,A,present,-6.859375169733539
training_1360,B,present,1.921874925494194
training_1360,C,present,-9.046874702064088
training_1360,D,present,3.078125085681677
training_2161,A,letter,-0.0311752408742904
training_2161,B,letter,-6.093675136566162
training_2161,C,letter,-3.624925136566162
training_2161,D,letter,-6.515550136566162
training_2631,CBDA,perm,1.0
training_2631,A<B,pair,-2.4375
training_2631,A<C,pair,-1.5937499403953552
training_2631,A<D,pair,1.8749999403953552
training_2631,B<C,pair,1.2812500447034836
training_2631,B<D,pair,4.4218751369044185
training_2631,C<D,pair,3.4531250670552254
training_3272,A,letter,-0.4921920299530029
training_3272,B,letter,-2.867192029953003
training_3272,C,letter,-3.554692029953003
training_3272,D,letter,-1.195317029953003
training_0553,A,letter,-1.080660343170166
training_0553,B,letter,-2.940035343170166
training_0553,C,letter,-0.908785343170166
training_0553,D,letter,-1.627535343170166
training_1364,A,present,-5.671875122468919
training_1364,B,present,-4.328125073574483
training_1364,C,present,-3.843749932944775
training_1364,D,present,-4.281249826774001
training_2165,A,letter,-2.449483871459961
training_2165,B,letter,-1.0432339906692505
training_2165,C,letter,-2.105733871459961
training_2165,D,letter,-0.8244839906692505
training_3276,A,letter,-2.1925740242004395
training_3276,B,letter,-1.6144490242004397
training_3276,C,letter,-0.8019490838050842
training_3276,D,letter,-1.4269490242004397
training_0555,A,letter,-0.0485362261533737
training_0555,B,letter,-3.89228630065918
training_0555,C,letter,-4.06416130065918
training_0555,D,letter,-4.72041130065918
training_1366,A,present,-5.718750138534233
training_1366,B,present,-7.3750000016298145
training_1366,C,present,-6.23437502537854
training_1366,D,present,-0.25
training_2167,A,letter,-6.925882816314697
training_2167,B,letter,-5.441507816314697
training_2167,C,letter,-3.5352580547332764
training_2167,D,letter,-0.035257950425148
training_3278,A,letter,-1.4943668842315674
training_3278,B,letter,-0.3381168842315674
training_3278,C,letter,-3.4318668842315674
training_3278,D,letter,-3.5256168842315674
training_0557,A,letter,-4.151551246643066
training_0557,B,letter,-2.3859262466430664
training_0557,C,letter,-0.4640511870384216
training_0557,D,letter,-1.3390512466430664
training_1368,A,present,-6.328124884865247
training_1368,B,present,-6.375000102212653
training_1368,C,present,-0.6875000298023224
training_1368,D,present,-0.5312500298023224
training_2169,A,letter,-3.8908541202545166
training_2169,B,letter,-1.7658541202545166
training_2169,C,letter,-1.7658541202545166
training_2169,D,letter,-0.4533540606498718
training_3280,A,letter,-2.2193400859832764
training_3280,B,letter,-2.2193400859832764
training_3280,C,letter,-0.3130901157855987
training_3280,D,letter,-2.9849650859832764
training_0563,A,letter,-6.319343566894531
training_0563,B,letter,-0.069343589246273
training_0563,C,letter,-5.522468566894531
training_0563,D,letter,-2.8037185668945312
training_1374,A,present,-3.687500050291419
training_1374,B,present,-2.921875037252903
training_1374,C,present,-1.2031250298023224
training_1374,D,present,-6.796875206404366
training_2175,A,letter,-6.544158458709717
training_2175,B,letter,-6.512908458709717
training_2175,C,letter,-0.0754082798957824
training_2175,D,letter,-2.6691582202911377
training_3286,A,letter,-0.4491409063339233
training_3286,B,letter,-1.1991409063339231
training_3286,C,letter,-3.980391025543213
training_3286,D,letter,-3.199141025543213
training_0568,A,letter,-1.1690177917480469
training_0568,B,letter,-1.2002677917480469
training_0568,C,letter,-1.0127677917480469
training_0568,D,letter,-3.794017791748047
training_1379,A,present,-1.1562499403953552
training_1379,B,present,-1.890624895691872
training_1379,C,present,-1.1249999701976776
training_1379,D,present,-2.109375014901161
training_2180,A,letter,-0.3347344398498535
training_2180,B,letter,-3.365984439849853
training_2180,C,letter,-2.100359439849853
training_2180,D,letter,-2.069109439849853
training_2635,ACDB,perm,1.0
training_2635,A<B,pair,1.9531248807907104
training_2635,A<C,pair,0.46875
training_2635,A<D,pair,1.9687499850988388
training_2635,B<C,pair,-2.187500022351742
training_2635,B<D,pair,-0.296875
training_2635,C<D,pair,2.6874999552965164
training_3291,A,letter,-2.7685108184814453
training_3291,B,letter,-4.034135818481445
training_3291,C,letter,-4.502885818481445
training_3291,D,letter,-0.0966359078884124
training_0575,A,letter,-1.8103117942810056
training_0575,B,letter,-1.8259367942810056
training_0575,C,letter,-5.029061794281006
training_0575,D,letter,-0.4040617346763611
training_1386,A,present,-2.2812499552965164
training_1386,B,present,-2.484374903142452
training_1386,C,present,-3.0781249068677425
training_1386,D,present,-2.343750089406967
training_2187,A,letter,-3.685258388519287
training_2187,B,letter,-0.0602583438158035
training_2187,C,letter,-4.669633388519287
training_2187,D,letter,-3.747758388519287
training_3298,A,letter,-0.3152759075164795
training_3298,B,letter,-3.4402759075164795
training_3298,C,letter,-1.5809009075164795
training_3298,D,letter,-3.4559009075164795
training_0036,A,letter,-4.51106071472168
training_0036,B,letter,-3.99543571472168
training_0036,C,letter,-0.0423106402158737
training_0036,D,letter,-4.47981071472168
training_0847,A,present,-1.0624999701976776
training_0847,B,present,-0.5156249701976776
training_0847,C,present,-1.09375
training_0847,D,present,-4.671875169500709
training_2759,A,letter,-2.341043472290039
training_2759,B,letter,-1.028543472290039
training_2759,C,letter,-0.8566684126853943
training_2759,D,letter,-2.122293472290039
training_0037,A,letter,-5.502192974090576
training_0037,B,letter,-1.3928178548812866
training_0037,C,letter,-4.142817974090576
training_0037,D,letter,-0.3146928250789642
training_0848,A,present,-2.734375096857548
training_0848,B,present,2.515624947845936
training_0848,C,present,-4.437500133179128
training_0848,D,present,-4.76562518067658
training_1656,A,letter,-2.026172876358032
training_1656,B,letter,-0.9792978167533876
training_1656,C,letter,-1.2292978763580322
training_1656,D,letter,-1.6199228763580322
training_2760,A,letter,-1.901224136352539
training_2760,B,letter,-2.588724136352539
training_2760,C,letter,-0.2762241959571838
training_2760,D,letter,-4.151224136352539
training_0041,A,letter,-0.0247489940375089
training_0041,B,letter,-4.884123802185059
training_0041,C,letter,-5.243498802185059
training_0041,D,letter,-4.524748802185059
training_0852,A,present,-3.265625011175871
training_0852,B,present,-2.624999925494194
training_0852,C,present,-2.2187500596046448
training_0852,D,present,-7.26562516920967
training_1660,A,letter,-2.64795994758606
training_1660,B,letter,-4.0073347091674805
training_1660,C,letter,-0.2885848879814148
training_1660,D,letter,-1.83545994758606
training_2764,A,letter,-2.821965217590332
training_2764,B,letter,-0.0875902846455574
training_2764,C,letter,-4.743840217590332
training_2764,D,letter,-4.181340217590332
training_0042,A,letter,-2.9501686096191406
training_0042,B,letter,-0.2001685500144958
training_0042,C,letter,-2.0751686096191406
training_0042,D,letter,-6.075168609619141
training_0853,A,present,-3.093749888241291
training_0853,B,present,-1.8281250149011607
training_0853,C,present,-1.9062500149011607
training_0853,D,present,-6.624999999185093
training_1661,A,letter,-2.639164447784424
training_1661,B,letter,-4.951664447784424
training_1661,C,letter,-0.1391644477844238
training_1661,D,letter,-2.982914447784424
training_2765,A,letter,-1.4770848751068115
training_2765,B,letter,-2.8833348751068115
training_2765,C,letter,-3.773959875106812
training_2765,D,letter,-0.3677099049091339
training_0045,A,letter,-5.018207550048828
training_0045,B,letter,-0.8775826096534729
training_0045,C,letter,-0.5807076096534729
training_0045,D,letter,-4.158832550048828
training_0856,A,present,-1.4375
training_0856,B,present,-2.296874903142452
training_0856,C,present,-0.7656249403953552
training_0856,D,present,-1.3750000596046448
training_1664,A,letter,-1.714375615119934
training_1664,B,letter,-0.8550006151199341
training_1664,C,letter,-1.901875615119934
training_1664,D,letter,-1.417500615119934
training_2435,ADBC,perm,1.0
training_2435,A<B,pair,1.0624999701976776
training_2435,A<C,pair,0.9999999403953552
training_2435,A<D,pair,0.46875
training_2435,B<C,pair,1.4531249552965164
training_2435,B<D,pair,1.0312500298023224
training_2435,C<D,pair,0.125
training_2768,A,letter,-2.501948118209839
training_2768,B,letter,-2.298823118209839
training_2768,C,letter,-0.3925730884075165
training_2768,D,letter,-1.9550731182098389
training_0046,A,letter,-4.375668048858643
training_0046,B,letter,-6.688168048858643
training_0046,C,letter,-0.0162929892539978
training_0046,D,letter,-6.172543048858643
training_0857,A,present,-3.3906248919665813
training_0857,B,present,-4.79687477555126
training_0857,C,present,1.5625000596046448
training_0857,D,present,-2.5781249701976776
training_1665,A,letter,-0.3031336665153503
training_1665,B,letter,-1.8343837261199951
training_1665,C,letter,-3.115633726119995
training_1665,D,letter,-2.881258726119995
training_2769,A,letter,-2.65881872177124
training_2769,B,letter,-0.5338188409805298
training_2769,C,letter,-5.31506872177124
training_2769,D,letter,-1.0963188409805298
training_0047,A,letter,-6.642812728881836
training_0047,B,letter,-8.595937728881836
training_0047,C,letter,-0.0021878371480852
training_0047,D,letter,-7.470937728881836
training_0858,A,present,-4.843749965541065
training_0858,B,present,-1.3125000298023224
training_0858,C,present,-2.234374910593033
training_0858,D,present,1.5937500298023224
training_1666,A,letter,-7.2963175773620605
training_1666,B,letter,-2.061942338943481
training_1666,C,letter,-0.1400673687458038
training_1666,D,letter,-5.9994425773620605
training_2770,A,letter,-1.4101918935775757
training_2770,B,letter,-2.285191774368286
training_2770,C,letter,-0.4414418637752533
training_2770,D,letter,-4.613317012786865
training_0048,A,letter,-8.733173370361328
training_0048,B,letter,-4.280048370361328
training_0048,C,letter,-8.358173370361328
training_0048,D,letter,-0.0144231626763939
training_0859,A,present,-6.781250034109689
training_0859,B,present,2.2968751192092896
training_0859,C,present,1.8749999552965164
training_0859,D,present,-6.015625029336661
training_1667,A,letter,-7.162482261657715
training_1667,B,letter,-2.662482261657715
training_1667,C,letter,-0.2249822616577148
training_1667,D,letter,-2.037482261657715
training_2771,A,letter,-0.6224876046180725
training_2771,B,letter,-3.059987545013428
training_2771,C,letter,-0.8881126046180725
training_2771,D,letter,-5.528737545013428
training_0053,A,letter,-1.6289725303649902
training_0053,B,letter,-1.1289725303649902
training_0053,C,letter,-1.0508475303649902
training_0053,D,letter,-2.0664725303649902
training_0864,A,present,-4.031249888241291
training_0864,B,present,-4.734374774619937
training_0864,C,present,0.1875
training_0864,D,present,-3.5468750409781933
training_1672,A,letter,-2.597078561782837
training_1672,B,letter,-4.112703323364258
training_1672,C,letter,-0.3314535319805145
training_1672,D,letter,-1.659578561782837
training_2438,DBAC,perm,1.0
training_2438,A<B,pair,0.015625
training_2438,A<C,pair,1.3281250447034836
training_2438,A<D,pair,-1.0312500298023224
training_2438,B<C,pair,3.046875111758709
training_2438,B<D,pair,-0.5625000596046448
training_2438,C<D,pair,-1.9218750894069672
training_2776,A,letter,-1.6358625888824463
training_2776,B,letter,-3.0577375888824463
training_2776,C,letter,-0.7764875292778015
training_2776,D,letter,-1.2139875888824463
training_0055,A,letter,-6.638094425201416
training_0055,B,letter,-0.1224694103002548
training_0055,C,letter,-7.122469425201416
training_0055,D,letter,-2.184969425201416
training_0866,A,present,-6.796874869731255
training_0866,B,present,-3.60937493480742
training_0866,C,present,-0.703125
training_0866,D,present,-1.71875
training_1674,A,letter,-4.991864204406738
training_1674,B,letter,-6.976239204406738
training_1674,C,letter,-3.5074892044067383
training_1674,D,letter,-0.0387392528355121
training_2778,A,letter,-2.960678100585937
training_2778,B,letter,-0.4138031005859375
training_2778,C,letter,-1.2575531005859375
training_2778,D,letter,-6.1950531005859375
training_0057,A,letter,-0.5057007074356079
training_0057,B,letter,-4.943200588226318
training_0057,C,letter,-1.036950707435608
training_0057,D,letter,-3.3963255882263184
training_0868,A,present,-0.125
training_0868,B,present,-1.3593750149011612
training_0868,C,present,-2.984375074505806
training_0868,D,present,-1.9062500894069672
training_1676,A,letter,-1.9322733879089355
training_1676,B,letter,-2.1978983879089355
training_1676,C,letter,-1.3228983879089355
training_1676,D,letter,-0.7447733879089355
training_2780,A,letter,-1.4202685356140137
training_2780,B,letter,-1.1858935356140137
training_2780,C,letter,-2.1077685356140137
training_2780,D,letter,-1.1077685356140137
training_0058,A,letter,-3.826814413070679
training_0058,B,letter,-0.1080644354224205
training_0058,C,letter,-5.248689651489258
training_0058,D,letter,-2.5924394130706787
training_0869,A,present,-3.109375048428774
training_0869,B,present,-1.9218750298023224
training_0869,C,present,1.1093749403953552
training_0869,D,present,-2.3750000670552254
training_1677,A,letter,-1.1735692024230957
training_1677,B,letter,-0.9391941428184508
training_1677,C,letter,-2.282944202423096
training_1677,D,letter,-1.6266942024230957
training_2781,A,letter,-2.121421337127685
training_2781,B,letter,-0.3714213371276855
training_2781,C,letter,-4.1839213371276855
training_2781,D,letter,-1.7464213371276855
training_0061,A,letter,-3.177029848098755
training_0061,B,letter,-5.395779609680176
training_0061,C,letter,-0.2395298182964325
training_0061,D,letter,-1.8020298480987549
training_0872,A,present,-7.3281249238643795
training_0872,B,present,-2.765624910593033
training_0872,C,present,-2.906250014901161
training_0872,D,present,0.8124999701976776
training_1680,A,letter,-2.899020195007324
training_1680,B,letter,-0.1333951950073242
training_1680,C,letter,-4.524020195007324
training_1680,D,letter,-2.852145195007324
training_2784,A,letter,-2.466343641281128
training_2784,B,letter,-4.356968879699707
training_2784,C,letter,-0.1069687008857727
training_2784,D,letter,-5.747593879699707
training_0064,A,letter,-0.0172186251729726
training_0064,B,letter,-4.235968589782715
training_0064,C,letter,-7.298468589782715
training_0064,D,letter,-6.532843589782715
training_0875,A,present,-1.9687500894069672
training_0875,B,present,-1.3281250149011612
training_0875,C,present,-1.2343749701976776
training_0875,D,present,3.265624903142452
training_1683,A,letter,-8.456402778625488
training_1683,B,letter,-0.0032778840977698
training_1683,C,letter,-6.940777778625488
training_1683,D,letter,-6.222027778625488
training_2787,A,letter,-2.539767265319824
training_2787,B,letter,-2.571017265319824
training_2787,C,letter,-1.758517146110535
training_2787,D,letter,-0.399142175912857
training_0067,A,letter,-5.775137424468994
training_0067,B,letter,-4.322012424468994
training_0067,C,letter,-2.103262424468994
training_0067,D,letter,-0.1501374840736389
training_0878,A,present,-5.890625128289685
training_0878,B,present,-0.6093749403953552
training_0878,C,present,-3.999999793246389
training_0878,D,present,-2.843750052154064
training_1686,A,letter,-1.604442119598389
training_1686,B,letter,-0.8388170599937439
training_1686,C,letter,-2.2450671195983887
training_1686,D,letter,-1.354442119598389
training_2440,DCAB,perm,1.0
training_2440,A<B,pair,-0.296875
training_2440,A<C,pair,-0.34375
training_2440,A<D,pair,-1.7187500149011612
training_2440,B<C,pair,-0.140625
training_2440,B<D,pair,-1.874999925494194
training_2440,C<D,pair,-2.203124888241291
training_2790,A,letter,-1.1382025480270386
training_2790,B,letter,-0.8725775480270386
training_2790,C,letter,-2.794452667236328
training_2790,D,letter,-1.6225775480270386
training_0069,A,letter,-1.4479001760482788
training_0069,B,letter,-2.2604000568389893
training_0069,C,letter,-0.4322751462459564
training_0069,D,letter,-4.572900295257568
training_0880,A,present,-3.9062500074505806
training_0880,B,present,-2.3124999552965164
training_0880,C,present,0.25
training_0880,D,present,-5.593750172993168
training_1688,A,letter,-1.113290548324585
training_1688,B,letter,-4.988290786743164
training_1688,C,letter,-0.582040548324585
training_1688,D,letter,-2.253915548324585
training_2792,A,letter,-5.505795955657959
training_2792,B,letter,-0.052670732140541
training_2792,C,letter,-3.81829571723938
training_2792,D,letter,-3.69329571723938
training_0072,A,letter,-3.627057075500488
training_0072,B,letter,-2.1426820755004883
training_0072,C,letter,-3.2520570755004883
training_0072,D,letter,-0.2051820158958435
training_0883,A,present,1.765625
training_0883,B,present,-1.8749999850988388
training_0883,C,present,-6.578124771593139
training_0883,D,present,-1.7968750447034836
training_1691,A,letter,-2.4461236000061035
training_1691,B,letter,-4.821123600006104
training_1691,C,letter,-0.1648736894130706
training_1691,D,letter,-2.8836236000061035
training_2795,A,letter,-0.1504473537206649
training_2795,B,letter,-2.103572368621826
training_2795,C,letter,-4.572322368621826
training_2795,D,letter,-5.087947368621826
training_0073,A,letter,-2.0583267211914062
training_0073,B,letter,-0.1677017211914062
training_0073,C,letter,-6.292701721191406
training_0073,D,letter,-3.7770767211914062
training_0884,A,present,-0.7499999701976776
training_0884,B,present,-3.2656251154839997
training_0884,C,present,-9.124999778388885
training_0884,D,present,-5.843749870778993
training_1692,A,letter,-4.584503650665283
training_1692,B,letter,-2.865753650665283
training_1692,C,letter,-1.5845036506652832
training_1692,D,letter,-0.3188786208629608
training_2796,A,letter,-3.162145137786865
training_2796,B,letter,-2.146520137786865
training_2796,C,letter,-0.2715201079845428
training_2796,D,letter,-2.568395137786865
training_0076,A,letter,-0.5255948901176453
training_0076,B,letter,-2.02559494972229
training_0076,C,letter,-1.91621994972229
training_0076,D,letter,-2.05684494972229
training_0887,A,present,-1.828125
training_0887,B,present,-3.5625001192092896
training_0887,C,present,-1.5625000596046448
training_0887,D,present,-4.234375005587936
training_1695,A,letter,-2.299491167068481
training_1695,B,letter,-0.6901161074638367
training_1695,C,letter,-1.4557411670684814
training_1695,D,letter,-1.8151161670684812
training_2443,ADBC,perm,1.0
training_2443,A<B,pair,1.5312500596046448
training_2443,A<C,pair,2.6562499552965164
training_2443,A<D,pair,1.5156249850988388
training_2443,B<C,pair,1.9843749403953552
training_2443,B<D,pair,0.1875
training_2443,C<D,pair,-1.203125
training_2799,A,letter,-2.188528060913086
training_2799,B,letter,-1.547903060913086
training_2799,C,letter,-0.5791531205177307
training_2799,D,letter,-2.188528060913086
training_0581,A,letter,-0.5602745413780212
training_0581,B,letter,-3.310274600982666
training_0581,C,letter,-5.294649600982666
training_0581,D,letter,-0.9508995413780212
training_1392,A,present,-2.2656251192092896
training_1392,B,present,-0.7968750298023224
training_1392,C,present,-1.7500000447034836
training_1392,D,present,-0.6093749701976776
training_2193,A,letter,-3.203568696975708
training_2193,B,letter,-2.656693696975708
training_2193,C,letter,-0.1566937267780304
training_2193,D,letter,-3.391068696975708
training_3304,A,letter,-0.2978256344795227
training_3304,B,letter,-1.500950574874878
training_3304,C,letter,-4.141575813293457
training_3304,D,letter,-4.016575813293457
training_0595,A,letter,-1.6303179264068604
training_0595,B,letter,-2.3490679264068604
training_0595,C,letter,-2.2709429264068604
training_0595,D,letter,-0.5053179264068604
training_1406,A,present,-1.1562500298023224
training_1406,B,present,-5.953124903840944
training_1406,C,present,-0.25
training_1406,D,present,-1.796875
training_2207,A,letter,-2.1457486152648926
training_2207,B,letter,-3.5988736152648926
training_2207,C,letter,-1.317623734474182
training_2207,D,letter,-0.5363737344741821
training_3318,A,letter,-2.23132061958313
training_3318,B,letter,-0.2781955897808075
training_3318,C,letter,-2.21569561958313
training_3318,D,letter,-3.71569561958313
training_0611,A,letter,-5.712381362915039
training_0611,B,letter,-2.571756362915039
training_0611,C,letter,-0.0873813405632972
training_0611,D,letter,-5.681131362915039
training_1422,A,present,-3.8906249664723873
training_1422,B,present,-1.046875
training_1422,C,present,-0.9843750596046448
training_1422,D,present,-6.015625230502337
training_2223,A,letter,-3.373120784759521
training_2223,B,letter,-1.888745665550232
training_2223,C,letter,-2.169995784759521
training_2223,D,letter,-0.3574956655502319
training_3334,A,letter,-0.0217780116945505
training_3334,B,letter,-4.068653106689453
training_3334,C,letter,-6.709278106689453
training_3334,D,letter,-5.803028106689453
training_0616,A,letter,-1.105398178100586
training_0616,B,letter,-1.652273178100586
training_0616,C,letter,-1.292898178100586
training_0616,D,letter,-1.621023178100586
training_1427,A,present,-4.890625201165676
training_1427,B,present,-7.54687501094304
training_1427,C,present,-3.968749936670065
training_1427,D,present,0.125
training_2228,A,letter,-5.2846503257751465
training_2228,B,letter,-1.034650206565857
training_2228,C,letter,-4.1752753257751465
training_2228,D,letter,-0.4721502363681793
training_2659,CADB,perm,1.0
training_2659,A<B,pair,3.406250111758709
training_2659,A<C,pair,-0.46875
training_2659,A<D,pair,0.171875
training_2659,B<C,pair,-2.874999895691872
training_2659,B<D,pair,-2.656249895691872
training_2659,C<D,pair,0.7343750596046448
training_3339,A,letter,-0.8460524082183838
training_3339,B,letter,-1.2835524082183838
training_3339,C,letter,-4.142927169799805
training_3339,D,letter,-1.2835524082183838
training_0627,A,letter,-2.8286802768707275
training_0627,B,letter,-2.8443052768707275
training_0627,C,letter,-0.4849303066730499
training_0627,D,letter,-1.3286802768707275
training_1438,A,present,-1.6874999552965164
training_1438,B,present,-0.9218750298023224
training_1438,C,present,-1.2968750447034836
training_1438,D,present,-3.0468750558793545
training_2239,A,letter,-3.008286714553833
training_2239,B,letter,-2.352036714553833
training_2239,C,letter,-0.539536714553833
training_2239,D,letter,-1.305161714553833
training_3350,A,letter,-3.4262075424194336
training_3350,B,letter,-1.410582423210144
training_3350,C,letter,-0.4418324530124664
training_3350,D,letter,-2.5355825424194336
training_0628,A,letter,-3.555547952651977
training_0628,B,letter,-1.6336729526519775
training_0628,C,letter,-0.5555480122566223
training_0628,D,letter,-1.6180479526519775
training_1439,A,present,-3.8906250558793545
training_1439,B,present,-3.9062499664723873
training_1439,C,present,-1.7343750149011612
training_1439,D,present,-3.468750063329935
training_2240,A,letter,-4.408529758453369
training_2240,B,letter,-0.5960296392440796
training_2240,C,letter,-1.1116546392440796
training_2240,D,letter,-2.236654758453369
training_3351,A,letter,-0.6825613975524902
training_3351,B,letter,-1.3075613975524902
training_3351,C,letter,-3.0888113975524902
training_3351,D,letter,-1.7294363975524902
training_0629,A,letter,-0.0107307787984609
training_0629,B,letter,-4.932605743408203
training_0629,C,letter,-6.088855743408203
training_0629,D,letter,-6.948230743408203
training_1440,A,present,0.6249999403953552
training_1440,B,present,-3.9687498938292265
training_1440,C,present,-0.296875
training_1440,D,present,0.515625
training_2241,A,letter,-2.7255380153656006
training_2241,B,letter,-3.7099130153656006
training_2241,C,letter,-3.9599130153656006
training_2241,D,letter,-0.1161629110574722
training_3352,A,letter,-0.4196814894676208
training_3352,B,letter,-2.5603065490722656
training_3352,C,letter,-1.9196815490722656
training_3352,D,letter,-2.1540565490722656
training_0630,A,letter,-0.0078571308404207
training_0630,B,letter,-5.601607322692871
training_0630,C,letter,-5.898482322692871
training_0630,D,letter,-6.835982322692871
training_1441,A,present,-2.515625052154064
training_1441,B,present,1.03125
training_1441,C,present,0.125
training_1441,D,present,-1.71875
training_2242,A,letter,-2.143450736999512
training_2242,B,letter,-5.643450736999512
training_2242,C,letter,-0.2059508115053177
training_2242,D,letter,-2.737200736999512
training_3353,A,letter,-0.3394556641578674
training_3353,B,letter,-1.5582056045532229
training_3353,C,letter,-3.792580604553223
training_3353,D,letter,-2.9332056045532227
training_0641,A,letter,-0.7724558115005493
training_0641,B,letter,-2.86620569229126
training_0641,C,letter,-0.8505808115005493
training_0641,D,letter,-3.00683069229126
training_1452,A,present,-6.203125237021595
training_1452,B,present,-1.7656250447034836
training_1452,C,present,-2.9843751154839997
training_1452,D,present,0.328125
training_2253,A,letter,-1.736100196838379
training_2253,B,letter,-2.157975196838379
training_2253,C,letter,-1.236100196838379
training_2253,D,letter,-0.8767252564430237
training_2666,CBDA,perm,1.0
training_2666,A<B,pair,-0.484375
training_2666,A<C,pair,-3.031250063329935
training_2666,A<D,pair,-2.515624985098839
training_2666,B<C,pair,-2.703125037252903
training_2666,B<D,pair,-1.6875000149011612
training_2666,C<D,pair,2.234374910593033
training_3364,A,letter,-2.4831831455230717
training_3364,B,letter,-1.6863081455230713
training_3364,C,letter,-0.326933205127716
training_3364,D,letter,-4.70193338394165
training_0643,A,letter,-0.8679085969924927
training_0643,B,letter,-2.461658477783203
training_0643,C,letter,-0.9616585969924928
training_0643,D,letter,-2.211658477783203
training_1454,A,present,2.4062500074505806
training_1454,B,present,-3.0156250186264515
training_1454,C,present,-5.718750117346644
training_1454,D,present,1.0937500298023224
training_2255,A,letter,-2.56195068359375
training_2255,B,letter,-1.0932008028030396
training_2255,C,letter,-1.6713258028030396
training_2255,D,letter,-0.9213258028030396
training_2668,ADBC,perm,1.0
training_2668,A<B,pair,2.140625096857548
training_2668,A<C,pair,4.484374915249646
training_2668,A<D,pair,3.0156248845160007
training_2668,B<C,pair,2.6406250596046448
training_2668,B<D,pair,-0.5625
training_2668,C<D,pair,-2.0937498807907104
training_3366,A,letter,-1.8824093341827397
training_3366,B,letter,-0.8824093341827393
training_3366,C,letter,-0.8824093341827393
training_3366,D,letter,-3.9605343341827393
training_0647,A,letter,-3.131885051727295
training_0647,B,letter,-3.006885051727295
training_0647,C,letter,-0.1006351634860038
training_0647,D,letter,-6.163135051727295
training_1458,A,present,-4.999999824445695
training_1458,B,present,-1.7500000298023224
training_1458,C,present,-1.453125
training_1458,D,present,-0.5781249701976776
training_2259,A,letter,-2.656858444213867
training_2259,B,letter,-2.656858444213867
training_2259,C,letter,-0.3599833250045776
training_2259,D,letter,-1.8287333250045776
training_3370,A,letter,-3.031467914581299
training_3370,B,letter,-3.922092914581299
training_3370,C,letter,-0.4845928251743316
training_3370,D,letter,-1.1564677953720093
training_0654,A,letter,-1.451223373413086
training_0654,B,letter,-0.8574733138084412
training_0654,C,letter,-1.263723373413086
training_0654,D,letter,-2.904348373413086
training_1465,A,present,1.0156250298023224
training_1465,B,present,-7.84374998320709
training_1465,C,present,-5.437500163912773
training_1465,D,present,-8.95312525978079
training_2266,A,letter,-6.7119903564453125
training_2266,B,letter,-0.0244903191924095
training_2266,C,letter,-3.883865356445313
training_2266,D,letter,-6.1338653564453125
training_3377,A,letter,-1.3886184692382812
training_3377,B,letter,-0.997993528842926
training_3377,C,letter,-1.9198684692382808
training_3377,D,letter,-1.4667434692382812
training_0656,A,letter,-3.620811939239502
training_0656,B,letter,-3.902061939239502
training_0656,C,letter,-0.6051869988441467
training_0656,D,letter,-0.9020619988441468
training_1467,A,present,-0.328125
training_1467,B,present,-3.3906249664723878
training_1467,C,present,-0.8437499701976776
training_1467,D,present,-0.6562500298023224
training_2268,A,letter,-2.97354507446289
training_2268,B,letter,-1.3797950744628906
training_2268,C,letter,-0.8485450744628906
training_2268,D,letter,-1.3172950744628906
training_3379,A,letter,-1.1209008693695068
training_3379,B,letter,-2.433400869369507
training_3379,C,letter,-0.9646508693695068
training_3379,D,letter,-1.5896508693695068
training_0661,A,letter,-4.988554000854492
training_0661,B,letter,-0.2698039412498474
training_0661,C,letter,-1.988554000854492
training_0661,D,letter,-2.394804000854492
training_1472,A,present,-3.687500100582838
training_1472,B,present,-2.8281249068677425
training_1472,C,present,-5.484375101979822
training_1472,D,present,-1.78125
training_2273,A,letter,-1.4447839260101318
training_2273,B,letter,-3.663533926010132
training_2273,C,letter,-3.819783926010132
training_2273,D,letter,-0.3354089856147766
training_3384,A,letter,-2.947919607162476
training_3384,B,letter,-2.947919607162476
training_3384,C,letter,-1.494794487953186
training_3384,D,letter,-0.4010445177555084
training_0662,A,letter,-6.003559589385986
training_0662,B,letter,-0.0191845167428255
training_0662,C,letter,-4.159809589385986
training_0662,D,letter,-7.284809589385986
training_1473,A,present,-0.453125
training_1473,B,present,-2.0625000670552254
training_1473,C,present,-5.062499860301614
training_1473,D,present,1.1250000298023224
training_2274,A,letter,-0.1086639836430549
training_2274,B,letter,-2.655539035797119
training_2274,C,letter,-3.999289035797119
training_2274,D,letter,-4.296164035797119
training_3385,A,letter,-3.209434509277344
training_3385,B,letter,-1.1469343900680542
training_3385,C,letter,-0.7719343900680542
training_3385,D,letter,-1.7250593900680542
training_0668,A,letter,-0.0038658662233501
training_0668,B,letter,-6.956990718841553
training_0668,C,letter,-5.988240718841553
training_0668,D,letter,-8.066366195678711
training_1479,A,present,-3.734374890103936
training_1479,B,present,-4.68750009033829
training_1479,C,present,-5.031249772757292
training_1479,D,present,-2.6406249552965164
training_2280,A,letter,-4.794546604156494
training_2280,B,letter,-0.3570463955402374
training_2280,C,letter,-4.341421604156494
training_2280,D,letter,-1.278921365737915
training_2673,ABDC,perm,1.0
training_2673,A<B,pair,0.90625
training_2673,A<C,pair,3.828124932944775
training_2673,A<D,pair,4.640624920837581
training_2673,B<C,pair,1.9843749701976776
training_2673,B<D,pair,2.2187499403953552
training_2673,C<D,pair,0.484375
training_3391,A,letter,-1.6584221124649048
training_3391,B,letter,-0.4865471422672272
training_3391,C,letter,-3.3927972316741943
training_3391,D,letter,-1.8302971124649048
training_0684,A,letter,-0.5844206809997559
training_0684,B,letter,-5.381295680999756
training_0684,C,letter,-0.8344206809997559
training_0684,D,letter,-5.943795680999756
training_1495,A,present,-3.765625078231096
training_1495,B,present,0.9531249403953552
training_1495,C,present,0.09375
training_1495,D,present,-4.531250074505806
training_2296,A,letter,-3.947553157806397
training_2296,B,letter,-3.916303157806397
training_2296,C,letter,-6.8538031578063965
training_2296,D,letter,-0.041303064674139
training_3407,A,letter,-3.412846565246582
training_3407,B,letter,-1.115971565246582
training_3407,C,letter,-1.694096565246582
training_3407,D,letter,-0.7878465056419373
training_0685,A,letter,-1.9730199575424197
training_0685,B,letter,-0.8948949575424194
training_0685,C,letter,-4.176145076751709
training_0685,D,letter,-0.8323949575424194
training_1496,A,present,-5.765624783234671
training_1496,B,present,1.6093750298023224
training_1496,C,present,0.9375
training_1496,D,present,-3.234374988824129
training_2297,A,letter,-0.2296805530786514
training_2297,B,letter,-2.4328055381774902
training_2297,C,letter,-2.4640555381774902
training_2297,D,letter,-3.4953055381774902
training_3408,A,letter,-0.9874634742736816
training_3408,B,letter,-0.9874634742736816
training_3408,C,letter,-3.2530884742736816
training_3408,D,letter,-1.5343384742736816
training_0690,A,letter,-0.4234196841716766
training_0690,B,letter,-3.829669713973999
training_0690,C,letter,-1.907794713973999
training_0690,D,letter,-1.751544713973999
training_1501,A,present,-1.8906250596046448
training_1501,B,present,-0.625
training_1501,C,present,-2.2499999403953552
training_1501,D,present,-4.406250230036676
training_2302,A,letter,-1.2925124168395996
training_2302,B,letter,-4.3081374168396
training_2302,C,letter,-0.433137446641922
training_2302,D,letter,-2.7768874168396
training_3413,A,letter,-0.8013652563095093
training_3413,B,letter,-1.0044902563095093
training_3413,C,letter,-1.9107402563095093
training_3413,D,letter,-3.332615375518799
training_0696,A,letter,-1.5319058895111084
training_0696,B,letter,-1.7506558895111084
training_0696,C,letter,-2.0006558895111084
training_0696,D,letter,-0.7506559491157532
training_1507,A,present,-2.437499947845936
training_1507,B,present,-2.015624895691872
training_1507,C,present,1.0625
training_1507,D,present,-5.562499844003469
training_2308,A,letter,-0.4156962931156158
training_2308,B,letter,-2.962571382522583
training_2308,C,letter,-2.665696382522583
training_2308,D,letter,-1.5250712633132937
training_2681,ACDB,perm,1.0
training_2681,A<B,pair,4.515625218860805
training_2681,A<C,pair,0.046875
training_2681,A<D,pair,4.031250132247806
training_2681,B<C,pair,-5.078124950174242
training_2681,B<D,pair,-0.6875000596046448
training_2681,C<D,pair,4.578124966472387
training_3419,A,letter,-2.148172616958618
training_3419,B,letter,-5.976297855377197
training_3419,C,letter,-4.007547855377197
training_3419,D,letter,-0.1481726914644241
training_0699,A,letter,-0.1279691010713577
training_0699,B,letter,-8.112343788146973
training_0699,C,letter,-7.518594264984131
training_0699,D,letter,-2.127969026565552
training_1510,A,present,-5.4062500558793545
training_1510,B,present,-3.4218750782310963
training_1510,C,present,-3.7656249925494194
training_1510,D,present,-8.171875285479473
training_2311,A,letter,-4.935125350952148
training_2311,B,letter,-2.2632503509521484
training_2311,C,letter,-0.1226253882050514
training_2311,D,letter,-5.575750350952148
training_3422,A,letter,-2.6889407634735107
training_3422,B,letter,-2.2670657634735107
training_3422,C,letter,-1.0326907634735107
training_3422,D,letter,-0.7514407634735107
training_0700,A,letter,-2.37259840965271
training_0700,B,letter,-0.66947340965271
training_0700,C,letter,-3.10697340965271
training_0700,D,letter,-1.06009840965271
training_1511,A,present,-7.171875131956767
training_1511,B,present,-5.171874790918082
training_1511,C,present,-6.421874990104698
training_1511,D,present,-7.671875031664967
training_2312,A,letter,-1.575600028038025
training_2312,B,letter,-4.4662251472473145
training_2312,C,letter,-4.4193501472473145
training_2312,D,letter,-0.2631000280380249
training_3423,A,letter,-1.0494099855422974
training_3423,B,letter,-2.315034866333008
training_3423,C,letter,-0.6431599855422974
training_3423,D,letter,-3.705659866333008
training_0705,A,letter,-3.958517789840698
training_0705,B,letter,-0.0678928568959236
training_0705,C,letter,-3.849142789840698
training_0705,D,letter,-3.708517789840698
training_1516,A,present,-2.046874962747097
training_1516,B,present,-3.296875011175871
training_1516,C,present,0.46875
training_1516,D,present,-3.375000063329935
training_2317,A,letter,-3.636395215988159
training_2317,B,letter,-3.152020215988159
training_2317,C,letter,-0.5582702159881592
training_2317,D,letter,-1.0270202159881592
training_3428,A,letter,-0.5085287690162659
training_3428,B,letter,-4.977278709411621
training_3428,C,letter,-0.946028769016266
training_3428,D,letter,-5.867903709411621
training_0707,A,letter,-3.5809943675994877
training_0707,B,letter,-2.2997443675994877
training_0707,C,letter,-0.1434943825006485
training_0707,D,letter,-5.377869606018066
training_1518,A,present,-1.7343750298023224
training_1518,B,present,-2.906249962747097
training_1518,C,present,-3.343749925494194
training_1518,D,present,-7.703124785621185
training_2319,A,letter,-0.2670871317386627
training_2319,B,letter,-5.423336982727051
training_2319,C,letter,-2.51708722114563
training_2319,D,letter,-1.9077121019363403
training_3430,A,letter,-1.219943881034851
training_3430,B,letter,-0.3761938810348511
training_3430,C,letter,-4.938694000244141
training_3430,D,letter,-4.563694000244141
training_0711,A,letter,-6.178971767425537
training_0711,B,letter,-3.022722005844116
training_0711,C,letter,-6.569596767425537
training_0711,D,letter,-0.0539719238877296
training_1522,A,present,-0.234375
training_1522,B,present,-5.343749777413905
training_1522,C,present,-5.718750212807208
training_1522,D,present,-0.8593749403953552
training_2323,A,letter,-2.5700366497039795
training_2323,B,letter,-7.1169114112854
training_2323,C,letter,-3.0700366497039795
training_2323,D,letter,-0.1325365751981735
training_3434,A,letter,-2.371617555618286
training_3434,B,letter,-1.996617674827576
training_3434,C,letter,-0.3247426450252533
training_3434,D,letter,-3.152867555618286
training_0712,A,letter,-1.1138908863067627
training_0712,B,letter,-4.988890647888184
training_0712,C,letter,-3.8482658863067623
training_0712,D,letter,-0.4420158267021179
training_1523,A,present,0.6562499701976776
training_1523,B,present,-4.000000163912773
training_1523,C,present,-5.703125078463927
training_1523,D,present,-5.124999955296516
training_2324,A,letter,-1.0320377349853516
training_2324,B,letter,-4.672662734985352
training_2324,C,letter,-4.766412734985352
training_2324,D,letter,-0.4695377349853515
training_3435,A,letter,-1.91439688205719
training_3435,B,letter,-2.0081467628479004
training_3435,C,letter,-0.96127188205719
training_3435,D,letter,-1.10189688205719
training_0713,A,letter,-0.0330064222216606
training_0713,B,letter,-5.439256191253662
training_0713,C,letter,-7.126756191253662
training_0713,D,letter,-3.611131429672241
training_1524,A,present,-6.609374921768904
training_1524,B,present,1.46875
training_1524,C,present,-7.484374841209501
training_1524,D,present,-2.875000089406967
training_2325,A,letter,-0.1375660598278045
training_2325,B,letter,-3.043816089630127
training_2325,C,letter,-5.809441089630127
training_2325,D,letter,-2.559441089630127
training_3436,A,letter,-0.2438549101352691
training_3436,B,letter,-2.9313549995422363
training_3436,C,letter,-3.3688549995422363
training_3436,D,letter,-2.0876049995422363
training_0714,A,letter,-5.602247714996338
training_0714,B,letter,-8.586623191833496
training_0714,C,letter,-0.0084978649392724
training_0714,D,letter,-5.445997714996338
training_1525,A,present,0.7031250298023224
training_1525,B,present,-3.2968751154839997
training_1525,C,present,-8.87499956478132
training_1525,D,present,-4.624999915249646
training_2326,A,letter,-6.7886247634887695
training_2326,B,letter,-5.2104997634887695
training_2326,C,letter,-0.0073746833950281
training_2326,D,letter,-7.3042497634887695
training_3437,A,letter,-0.7301844358444214
training_3437,B,letter,-1.5739344358444214
training_3437,C,letter,-4.058309555053711
training_3437,D,letter,-1.2301844358444214
training_0722,A,letter,-6.076868057250977
training_0722,B,letter,-2.654993057250977
training_0722,C,letter,-0.0768680274486541
training_0722,D,letter,-7.092493057250977
training_1533,A,present,-3.671875001862645
training_1533,B,present,-2.406249932944774
training_1533,C,present,-1.2500000298023224
training_1533,D,present,-4.140625050291419
training_2334,A,letter,-5.16184663772583
training_2334,B,letter,-1.86497175693512
training_2334,C,letter,-0.1774717420339584
training_2334,D,letter,-6.44309663772583
training_3445,A,letter,-2.309837579727173
training_3445,B,letter,-1.8879625797271729
training_3445,C,letter,-0.3098376393318176
training_3445,D,letter,-4.231712818145752
training_0723,A,letter,-0.6925819516181946
training_0723,B,letter,-5.348832130432129
training_0723,C,letter,-2.27070689201355
training_0723,D,letter,-0.9425819516181946
training_1534,A,present,-6.609375160303898
training_1534,B,present,-1.0937499701976776
training_1534,C,present,-1.2968750149011612
training_1534,D,present,-2.453125111758709
training_2335,A,letter,-3.9463939666748047
training_2335,B,letter,-5.071393966674805
training_2335,C,letter,-4.305768966674805
training_2335,D,letter,-0.0401440076529979
training_3446,A,letter,-1.5216257572174072
training_3446,B,letter,-4.834125518798828
training_3446,C,letter,-4.506000518798828
training_3446,D,letter,-0.2716257572174072
training_0725,A,letter,-5.783852577209473
training_0725,B,letter,-5.393227577209473
training_0725,C,letter,-4.596352577209473
training_0725,D,letter,-0.018227806314826
training_1536,A,present,-4.421874985098839
training_1536,B,present,-5.250000006984919
training_1536,C,present,-2.140625096857548
training_1536,D,present,-1.9218749403953552
training_2337,A,letter,-5.054752826690674
training_2337,B,letter,-0.6953778266906738
training_2337,C,letter,-2.523502826690674
training_2337,D,letter,-0.8828778266906738
training_3448,A,letter,-1.7681620121002195
training_3448,B,letter,-1.0337870121002195
training_3448,C,letter,-0.924411952495575
training_3448,D,letter,-2.59628701210022
training_0726,A,letter,-0.3002622127532959
training_0726,B,letter,-5.237762451171875
training_0726,C,letter,-1.784637212753296
training_0726,D,letter,-2.472137212753296
training_1537,A,present,-4.937499903142452
training_1537,B,present,-1.7968750447034836
training_1537,C,present,-5.70312519534491
training_1537,D,present,-5.578124843537808
training_2338,A,letter,-0.270443320274353
training_2338,B,letter,-4.395443439483643
training_2338,C,letter,-2.8016934394836426
training_2338,D,letter,-1.817318320274353
training_3449,A,letter,-0.7939028739929199
training_3449,B,letter,-2.87202787399292
training_3449,C,letter,-1.07515287399292
training_3449,D,letter,-1.90327787399292
training_0729,A,letter,-5.762850761413574
training_0729,B,letter,-0.294100821018219
training_0729,C,letter,-4.778475761413574
training_0729,D,letter,-1.4191007614135742
training_1540,A,present,-6.171874816296622
training_1540,B,present,-3.953125024214387
training_1540,C,present,-3.671875074505806
training_1540,D,present,-1.7656250298023224
training_3452,A,letter,-1.7735261917114258
training_3452,B,letter,-1.6641511917114258
training_3452,C,letter,-0.5547762513160706
training_3452,D,letter,-2.726651191711426
training_0734,A,letter,-3.542311668395996
training_0734,B,letter,-5.870436668395996
training_0734,C,letter,-4.682936668395996
training_0734,D,letter,-0.042311668395996
training_1545,A,present,1.1874999403953552
training_1545,B,present,-0.328125
training_1545,C,present,-0.640625
training_1545,D,present,-1.3125000447034836
training_2343,A,letter,-5.344076156616211
training_2343,B,letter,-1.344076156616211
training_2343,C,letter,-0.3753261566162109
training_2343,D,letter,-3.062826156616211
training_2692,CBDA,perm,1.0
training_2692,A<B,pair,-2.812500093132257
training_2692,A<C,pair,-5.203125157859176
training_2692,A<D,pair,0.515625
training_2692,B<C,pair,-1.5781249403953552
training_2692,B<D,pair,2.999999988824129
training_2692,C<D,pair,4.2656251564621925
training_3457,A,letter,-1.4350786209106443
training_3457,B,letter,-3.2163286209106445
training_3457,C,letter,-1.5288286209106443
training_3457,D,letter,-0.6850786805152893
training_0735,A,letter,-3.311085700988769
training_0735,B,letter,-5.0298357009887695
training_0735,C,letter,-0.061085756868124
training_0735,D,letter,-4.1548357009887695
training_1546,A,present,-4.406249809078872
training_1546,B,present,2.078124888241291
training_1546,C,present,-2.515625014901161
training_1546,D,present,-0.5468750298023224
training_2344,A,letter,-0.5235455632209778
training_2344,B,letter,-5.257920742034912
training_2344,C,letter,-3.304795503616333
training_2344,D,letter,-1.007920503616333
training_3458,A,letter,-3.312960386276245
training_3458,B,letter,-2.516085386276245
training_3458,C,letter,-0.1567104309797287
training_3458,D,letter,-3.609835386276245
training_0742,A,letter,-0.0587541200220584
training_0742,B,letter,-2.918129205703736
training_0742,C,letter,-6.340003967285156
training_0742,D,letter,-6.918128967285156
training_1553,A,present,0.375
training_1553,B,present,-4.734375221654773
training_1553,C,present,-5.093749813269824
training_1553,D,present,-5.406249857507646
training_2351,A,letter,-3.5763344764709477
training_2351,B,letter,-3.1075844764709477
training_2351,C,letter,-0.4200845062732696
training_2351,D,letter,-1.3107094764709473
training_3465,A,letter,-2.544127941131592
training_3465,B,letter,-0.7785030007362366
training_3465,C,letter,-4.137877941131592
training_3465,D,letter,-0.8097530007362366
training_0746,A,letter,-0.9130954146385192
training_0746,B,letter,-3.975595474243164
training_0746,C,letter,-1.522470474243164
training_0746,D,letter,-1.022470474243164
training_1557,A,present,-4.578125103376806
training_1557,B,present,-2.562499925494194
training_1557,C,present,-1.859374895691872
training_1557,D,present,-1.5156249701976776
training_2355,A,letter,-1.8012034893035889
training_2355,B,letter,-3.910578489303589
training_2355,C,letter,-2.129328489303589
training_2355,D,letter,-0.3637034296989441
training_3469,A,letter,-1.6922616958618164
training_3469,B,letter,-2.5516366958618164
training_3469,C,letter,-0.3328866958618164
training_3469,D,letter,-3.895386695861816
training_0750,A,letter,-1.7088892459869385
training_0750,B,letter,-4.599514007568359
training_0750,C,letter,-0.2245141863822937
training_0750,D,letter,-4.724514007568359
training_1561,A,present,-1.0312500298023224
training_1561,B,present,-1.7500000596046448
training_1561,C,present,-0.9062499701976776
training_1561,D,present,-4.328124875202775
training_2359,A,letter,-1.0673372745513916
training_2359,B,letter,-0.4735872745513916
training_2359,C,letter,-3.645462274551392
training_2359,D,letter,-5.1142120361328125
training_3473,A,letter,-2.526925802230835
training_3473,B,letter,-3.651925802230835
training_3473,C,letter,-0.7456758618354797
training_3473,D,letter,-0.8706758618354797
training_0751,A,letter,-3.551224946975708
training_0751,B,letter,-0.894974946975708
training_0751,C,letter,-1.973099946975708
training_0751,D,letter,-0.863724946975708
training_1562,A,present,-2.2812500670552254
training_1562,B,present,-1.3906250447034836
training_1562,C,present,-6.85937484621536
training_1562,D,present,-1.3125000149011612
training_2360,A,letter,-1.9364371299743648
training_2360,B,letter,-1.3739371299743652
training_2360,C,letter,-1.0458121299743652
training_2360,D,letter,-1.3895621299743652
training_2693,ACDB,perm,1.0
training_2693,A<B,pair,1.25
training_2693,A<C,pair,0.8593750298023224
training_2693,A<D,pair,1.2187499701976776
training_2693,B<C,pair,-0.484375
training_2693,B<D,pair,0.7343750298023224
training_2693,C<D,pair,0.9687500298023224
training_3474,A,letter,-2.4384493827819824
training_3474,B,letter,-2.7040743827819824
training_3474,C,letter,-0.4071994423866272
training_3474,D,letter,-1.7196993827819824
training_0753,A,letter,-3.6101303100585938
training_0753,B,letter,-0.3445053100585937
training_0753,C,letter,-4.250755310058594
training_0753,D,letter,-1.3913803100585938
training_1564,A,present,-3.906250100582838
training_1564,B,present,-1.828125
training_1564,C,present,-4.671874901279807
training_1564,D,present,2.749999925494194
training_2362,A,letter,-3.5452606678009038
training_2362,B,letter,-0.8890106081962585
training_2362,C,letter,-0.6702606081962585
training_2362,D,letter,-3.0452606678009038
training_3476,A,letter,-0.3381708562374115
training_3476,B,letter,-1.760045886039734
training_3476,C,letter,-4.072546005249023
training_3476,D,letter,-2.3381707668304443
training_0757,A,letter,-1.153376817703247
training_0757,B,letter,-2.731501817703247
training_0757,C,letter,-1.684626817703247
training_0757,D,letter,-0.8408768177032471
training_1568,A,present,-0.8593750298023224
training_1568,B,present,-5.54687506146729
training_1568,C,present,-5.437500176951289
training_1568,D,present,-6.515624794294126
training_3480,A,letter,-0.788130521774292
training_3480,B,letter,-2.835005521774292
training_3480,C,letter,-4.694380760192871
training_3480,D,letter,-0.741255521774292
training_0761,A,letter,-0.1860736161470413
training_0761,B,letter,-5.779823780059815
training_0761,C,letter,-2.154823541641236
training_0761,D,letter,-3.014198541641236
training_1572,A,present,-0.34375
training_1572,B,present,-4.031250054016709
training_1572,C,present,-2.218749985098839
training_1572,D,present,-5.281249837949872
training_2367,A,letter,-1.053422451019287
training_2367,B,letter,-0.6315473914146423
training_2367,C,letter,-3.272172451019287
training_2367,D,letter,-2.522172451019287
training_3484,A,letter,-3.883132934570313
training_3484,B,letter,-0.3206328451633453
training_3484,C,letter,-1.805007815361023
training_3484,D,letter,-2.4300079345703125
training_0762,A,letter,-3.483073711395264
training_0762,B,letter,-0.2799488008022308
training_0762,C,letter,-3.154948711395264
training_0762,D,letter,-1.7799488306045532
training_1573,A,present,-2.749999899417162
training_1573,B,present,0.34375
training_1573,C,present,-4.765625054948032
training_1573,D,present,-6.203125160885975
training_2368,A,letter,-2.8282103538513184
training_2368,B,letter,-7.500085353851318
training_2368,C,letter,-7.031335353851318
training_2368,D,letter,-0.0625854730606079
training_3485,A,letter,-0.3752274513244629
training_3485,B,letter,-2.203352451324463
training_3485,C,letter,-2.656477451324463
training_3485,D,letter,-2.031477451324463
training_0763,A,letter,-6.560525417327881
training_0763,B,letter,-2.07615065574646
training_0763,C,letter,-0.138650581240654
training_0763,D,letter,-6.060525417327881
training_1574,A,present,0.4687499701976776
training_1574,B,present,-8.890624908104655
training_1574,C,present,-1.328125
training_1574,D,present,-4.750000034458935
training_2369,A,letter,-1.9632911682128904
training_2369,B,letter,-4.963291168212891
training_2369,C,letter,-2.05704116821289
training_2369,D,letter,-0.3226661384105682
training_3486,A,letter,-3.485164165496826
training_3486,B,letter,-0.8132891058921814
training_3486,C,letter,-0.6882891058921814
training_3486,D,letter,-3.797664165496826
training_0766,A,letter,-1.4852933883666992
training_0766,B,letter,-1.0946683883666992
training_0766,C,letter,-2.000918388366699
training_0766,D,letter,-1.2040433883666992
training_1577,A,present,-4.406250202096999
training_1577,B,present,-0.6562499701976776
training_1577,C,present,-0.578125
training_1577,D,present,1.9218750894069672
training_2372,A,letter,-4.248804569244385
training_2372,B,letter,-5.014429569244385
training_2372,C,letter,-2.2175545692443848
training_2372,D,letter,-0.1394296288490295
training_2699,DCBA,perm,1.0
training_2699,A<B,pair,0.5937500596046448
training_2699,A<C,pair,-0.984375
training_2699,A<D,pair,-0.375
training_2699,B<C,pair,-1.9375
training_2699,B<D,pair,-0.6406250298023224
training_2699,C<D,pair,0.40625
training_3489,A,letter,-2.251249074935913
training_3489,B,letter,-2.454374074935913
training_3489,C,letter,-5.251248836517334
training_3489,D,letter,-0.2199990302324295
training_0767,A,letter,-5.254742622375488
training_0767,B,letter,-0.6922425031661987
training_0767,C,letter,-2.2703676223754883
training_0767,D,letter,-0.9422425031661988
training_1578,A,present,-2.984375052154064
training_1578,B,present,-3.390624895691872
training_1578,C,present,-8.171875293715857
training_1578,D,present,-3.0624999701976776
training_3490,A,letter,-3.1418938636779785
training_3490,B,letter,-4.7668938636779785
training_3490,C,letter,-1.7043938636779783
training_3490,D,letter,-0.2668938040733337
training_0768,A,letter,-1.9388933181762693
training_0768,B,letter,-2.329518318176269
training_0768,C,letter,-1.6732683181762695
training_0768,D,letter,-0.5638933181762695
training_1579,A,present,-3.5781249292194843
training_1579,B,present,-4.234375154599547
training_1579,C,present,-1.1875
training_1579,D,present,-0.03125
training_3491,A,letter,-1.2377843856811523
training_3491,B,letter,-0.6127843856811523
training_3491,C,letter,-1.8627843856811523
training_3491,D,letter,-4.425284385681152
training_0772,A,letter,-4.280406951904297
training_0772,B,letter,-7.827281951904297
training_0772,C,letter,-7.921031951904297
training_0772,D,letter,-0.0147818326950073
training_1583,A,present,-4.187499916180968
training_1583,B,present,-2.734374903142452
training_1583,C,present,1.6250000149011612
training_1583,D,present,0.15625
training_2375,A,letter,-1.246448278427124
training_2375,B,letter,-1.308948278427124
training_2375,C,letter,-1.699573278427124
training_2375,D,letter,-1.355823278427124
training_2702,ACBD,perm,1.0
training_2702,A<B,pair,2.6874999925494194
training_2702,A<C,pair,0.140625
training_2702,A<D,pair,4.921875209547579
training_2702,B<C,pair,-1.03125
training_2702,B<D,pair,3.343749895691872
training_2702,C<D,pair,2.859375052154064
training_3495,A,letter,-2.5222878456115723
training_3495,B,letter,-2.6941628456115723
training_3495,C,letter,-0.2879128456115722
training_3495,D,letter,-2.2879128456115723
training_0781,A,letter,-1.41794753074646
training_0781,B,letter,-1.58982253074646
training_0781,C,letter,-1.05857253074646
training_0781,D,letter,-1.58982253074646
training_1592,A,present,0.015625
training_1592,B,present,-4.9218747690320015
training_1592,C,present,-1.8750000596046448
training_1592,D,present,-4.359375026077032
training_2384,A,letter,-0.6281219720840454
training_2384,B,letter,-1.3937469720840454
training_2384,C,letter,-2.971871852874756
training_2384,D,letter,-1.7999969720840454
training_2705,ADBC,perm,1.0
training_2705,A<B,pair,3.265625093132257
training_2705,A<C,pair,2.937499899417162
training_2705,A<D,pair,-1.453125
training_2705,B<C,pair,0.7187499403953552
training_2705,B<D,pair,-4.390624830499291
training_2705,C<D,pair,-5.734374802559614
training_3504,A,letter,-0.7433861494064331
training_3504,B,letter,-2.0871362686157227
training_3504,C,letter,-1.180886149406433
training_3504,D,letter,-2.3840112686157227
training_0784,A,letter,-0.7931915521621704
training_0784,B,letter,-2.136941432952881
training_0784,C,letter,-0.8556915521621704
training_0784,D,letter,-5.715066432952881
training_1595,A,present,-4.421875189058483
training_1595,B,present,-0.8593749403953552
training_1595,C,present,-2.656249932944774
training_1595,D,present,-1.2656250298023224
training_2387,A,letter,-3.113614082336426
training_2387,B,letter,-6.191739082336426
training_2387,C,letter,-1.8011140823364258
training_2387,D,letter,-0.2386141270399093
training_2708,DBCA,perm,1.0
training_2708,A<B,pair,-4.890625238418579
training_2708,A<C,pair,-3.0312499701976776
training_2708,A<D,pair,-4.656250103376806
training_2708,B<C,pair,2.171874888241291
training_2708,B<D,pair,1.0312500298023224
training_2708,C<D,pair,-1.7968749701976776
training_3507,A,letter,-0.1261960417032241
training_3507,B,letter,-4.391820907592773
training_3507,C,letter,-2.5793211460113525
training_3507,D,letter,-3.5168211460113525
training_0785,A,letter,-3.719066381454468
training_0785,B,letter,-2.312816381454468
training_0785,C,letter,-1.0315663814544678
training_0785,D,letter,-0.6565664410591125
training_1596,A,present,-3.874999955296517
training_1596,B,present,-4.640625015832484
training_1596,C,present,-1.1406250298023224
training_1596,D,present,-3.359375085681677
training_2388,A,letter,-4.411174774169922
training_2388,B,letter,-5.161174774169922
training_2388,C,letter,-6.098674774169922
training_2388,D,letter,-0.0205497257411479
training_3508,A,letter,-4.816332340240479
training_3508,B,letter,-0.1132074519991874
training_3508,C,letter,-2.3944573402404785
training_3508,D,letter,-5.003832340240479
training_0786,A,letter,-0.3713150322437286
training_0786,B,letter,-1.1994400024414062
training_0786,C,letter,-5.636940002441406
training_0786,D,letter,-5.465065002441406
training_1597,A,present,-2.359375014901161
training_1597,B,present,-1.7187499701976776
training_1597,C,present,-3.937499986961484
training_1597,D,present,-4.828124958090484
training_2389,A,letter,-3.2909038066864014
training_2389,B,letter,-2.0096538066864014
training_2389,C,letter,-0.7127788066864014
training_2389,D,letter,-1.0877788066864014
training_3509,A,letter,-3.982124567031861
training_3509,B,letter,-4.06024980545044
training_3509,C,letter,-0.0446245707571506
training_3509,D,letter,-4.96649980545044
training_0787,A,letter,-7.165263652801514
training_0787,B,letter,-8.243388175964355
training_0787,C,letter,-0.0090134404599666
training_0787,D,letter,-4.868388652801514
training_1598,A,present,-3.687499968335033
training_1598,B,present,-0.7968750298023224
training_1598,C,present,-7.000000010011718
training_1598,D,present,-5.156249945983291
training_2390,A,letter,-5.913388729095459
training_2390,B,letter,-6.694638729095459
training_2390,C,letter,-0.0071389353834092
training_2390,D,letter,-5.819638729095459
training_3510,A,letter,-4.713732719421387
training_3510,B,letter,-1.5574824810028076
training_3510,C,letter,-3.869982481002808
training_3510,D,letter,-0.2762325406074524
training_0788,A,letter,-0.1417003571987152
training_0788,B,letter,-2.469825267791748
training_0788,C,letter,-6.376075267791748
training_0788,D,letter,-3.094825267791748
training_1599,A,present,-4.421875105239451
training_1599,B,present,-1.7968749552965164
training_1599,C,present,-1.2812499701976776
training_1599,D,present,-7.125000014086254
training_2391,A,letter,-1.8468561172485352
training_2391,B,letter,-2.018731117248535
training_2391,C,letter,-0.95623117685318
training_2391,D,letter,-1.1281061172485352
training_3511,A,letter,-0.93046772480011
training_3511,B,letter,-1.00859272480011
training_3511,C,letter,-2.4617176055908203
training_3511,D,letter,-1.8679677248001096
training_0791,A,letter,-6.3560004234313965
training_0791,B,letter,-0.2153753489255905
training_0791,C,letter,-1.746625304222107
training_0791,D,letter,-4.1060004234313965
training_1602,A,present,1.5156249552965164
training_1602,B,present,-2.406249918043613
training_1602,C,present,-2.0781250074505806
training_1602,D,present,-1.6718750596046448
training_2394,A,letter,-0.1938411444425583
training_2394,B,letter,-4.037590980529785
training_2394,C,letter,-2.4594662189483643
training_2394,D,letter,-2.6313412189483643
training_2709,DCAB,perm,1.0
training_2709,A<B,pair,0.8593750298023224
training_2709,A<C,pair,-3.1562498845160007
training_2709,A<D,pair,-2.4062500298023224
training_2709,B<C,pair,-3.859374981373549
training_2709,B<D,pair,-3.125000011175871
training_2709,C<D,pair,0.4843749701976776
training_3514,A,letter,-1.854877233505249
training_3514,B,letter,-1.386127233505249
training_3514,C,letter,-0.8861272931098938
training_3514,D,letter,-1.714252233505249
training_0795,A,letter,-0.0088280625641345
training_0795,B,letter,-4.790078163146973
training_0795,C,letter,-8.524453163146973
training_0795,D,letter,-8.649453163146973
training_1606,A,present,-5.781250060768798
training_1606,B,present,-5.124999886844307
training_1606,C,present,-7.484375185333192
training_1606,D,present,-1.2656250596046448
training_2398,A,letter,-5.441361427307129
training_2398,B,letter,-0.269486516714096
training_2398,C,letter,-2.847611427307129
training_2398,D,letter,-1.7538615465164185
training_3518,A,letter,-3.2841875553131104
training_3518,B,letter,-1.9560625553131104
training_3518,C,letter,-0.2216875702142715
training_3518,D,letter,-3.9560625553131104
training_0797,A,letter,-2.380842447280884
training_0797,B,letter,-0.2558424472808838
training_0797,C,letter,-2.130842447280884
training_0797,D,letter,-4.318342208862305
training_1608,A,present,-3.796875072643161
training_1608,B,present,0.46875
training_1608,C,present,-1.1562500596046448
training_1608,D,present,-6.921874768449925
training_2400,A,letter,-3.825883388519287
training_2400,B,letter,-2.685258388519287
training_2400,C,letter,-0.1383833289146423
training_2400,D,letter,-3.263383388519287
training_2712,BDCA,perm,1.0
training_2712,A<B,pair,-2.171875014901161
training_2712,A<C,pair,1.2812500596046448
training_2712,A<D,pair,-2.9062499552965164
training_2712,B<C,pair,3.5156249161809683
training_2712,B<D,pair,0.15625
training_2712,C<D,pair,-3.421874903142452
training_3520,A,letter,-0.893846869468689
training_3520,B,letter,-1.065721869468689
training_3520,C,letter,-1.425096869468689
training_3520,D,letter,-5.2688469886779785
training_0800,A,letter,-5.981109142303467
training_0800,B,letter,-0.0123593397438526
training_0800,C,letter,-5.590484142303467
training_0800,D,letter,-5.184234142303467
training_1611,A,present,-3.5468750055879354
training_1611,B,present,-6.843750067753717
training_1611,C,present,-3.812500001862645
training_1611,D,present,-1.7343749850988388
training_2403,A,letter,-2.3689584732055664
training_2403,B,letter,-5.697083473205566
training_2403,C,letter,-0.4002085626125335
training_2403,D,letter,-1.462708592414856
training_2715,CDAB,perm,1.0
training_2715,A<B,pair,-0.859375
training_2715,A<C,pair,-1.8125000149011607
training_2715,A<D,pair,-3.0937499813735485
training_2715,B<C,pair,-1.2656249552965164
training_2715,B<D,pair,-2.234374985098839
training_2715,C<D,pair,-0.7656250596046448
training_3523,A,letter,-1.881051778793335
training_3523,B,letter,-2.802926778793335
training_3523,C,letter,-1.224801778793335
training_3523,D,letter,-0.7091768383979797
training_0801,A,letter,-3.9215829372406006
training_0801,B,letter,-0.0934579223394393
training_0801,C,letter,-4.9372076988220215
training_0801,D,letter,-2.8278329372406006
training_1612,A,present,2.031250022351742
training_1612,B,present,-2.921875037252903
training_1612,C,present,-6.375000133179128
training_1612,D,present,-0.8593749701976776
training_2404,A,letter,-6.145182132720947
training_2404,B,letter,-0.2701820433139801
training_2404,C,letter,-1.4733070135116575
training_2404,D,letter,-5.317057132720947
training_2716,ADBC,perm,1.0
training_2716,A<B,pair,2.7499999701976776
training_2716,A<C,pair,2.859374895691872
training_2716,A<D,pair,0.1875
training_2716,B<C,pair,-0.390625
training_2716,B<D,pair,-1.4687499701976776
training_2716,C<D,pair,-1.2031250298023224
training_3524,A,letter,-0.9571073055267334
training_3524,B,letter,-1.9571073055267332
training_3524,C,letter,-0.9102323055267334
training_3524,D,letter,-2.6446073055267334
training_0806,A,letter,-8.366249084472656
training_0806,B,letter,-3.538124322891236
training_0806,C,letter,-4.850624084472656
training_0806,D,letter,-0.0381242670118808
training_1617,A,present,-3.1874999590218067
training_1617,B,present,-2.8281250186264515
training_1617,C,present,-2.2968751043081284
training_1617,D,present,-8.718749977037078
training_2409,A,letter,-0.1645186096429824
training_2409,B,letter,-5.5395188331604
training_2409,C,letter,-2.1020185947418213
training_2409,D,letter,-3.695768594741821
training_2718,CBAD,perm,1.0
training_2718,A<B,pair,-2.796874921768904
training_2718,A<C,pair,-0.5312499701976776
training_2718,A<D,pair,0.9218750298023224
training_2718,B<C,pair,2.5624998807907104
training_2718,B<D,pair,3.437500111758709
training_2718,C<D,pair,1.0624999701976776
training_3529,A,letter,-3.3518340587615967
training_3529,B,letter,-0.5237091183662415
training_3529,C,letter,-1.086209058761597
training_3529,D,letter,-3.3987090587615967
training_0077,A,letter,-3.7770068645477295
training_0077,B,letter,-6.12075662612915
training_0077,C,letter,-0.0270067565143108
training_0077,D,letter,-6.65200662612915
training_0888,A,present,-1.6562499850988388
training_0888,B,present,-5.703125063795596
training_0888,C,present,1.84375
training_0888,D,present,-3.718749947845936
training_1696,A,letter,-4.823898315429688
training_1696,B,letter,-8.886398315429688
training_1696,C,letter,-5.777023315429688
training_1696,D,letter,-0.0113983144983649
training_2800,A,letter,-1.643887639045715
training_2800,B,letter,-0.6438876390457153
training_2800,C,letter,-1.9407626390457156
training_2800,D,letter,-1.9876376390457156
training_0081,A,letter,-0.1056272462010383
training_0081,B,letter,-3.5587522983551025
training_0081,C,letter,-3.1525022983551025
training_0081,D,letter,-3.5900022983551025
training_0892,A,present,-6.859374801861122
training_0892,B,present,-2.6718750298023224
training_0892,C,present,-0.9531250596046448
training_0892,D,present,-3.99999981187284
training_1700,A,letter,-6.30791711807251
training_1700,B,letter,-4.58916711807251
training_1700,C,letter,-1.2141669988632202
training_1700,D,letter,-0.3704169690608978
training_2804,A,letter,-1.2651993036270142
training_2804,B,letter,-3.0620741844177246
training_2804,C,letter,-0.8745743036270142
training_2804,D,letter,-1.3745743036270142
training_0096,A,letter,-2.2812156677246094
training_0096,B,letter,-0.6718407273292542
training_0096,C,letter,-2.6562156677246094
training_0096,D,letter,-1.1562156677246094
training_0907,A,present,-1.0937500298023224
training_0907,B,present,-2.812499951571226
training_0907,C,present,-3.078125100582838
training_0907,D,present,-2.484375022351742
training_1715,A,letter,-2.3371500968933105
training_1715,B,letter,-2.7902750968933105
training_1715,C,letter,-0.3059000670909881
training_1715,D,letter,-2.2902750968933105
training_2454,ACDB,perm,1.0
training_2454,A<B,pair,2.046874888241291
training_2454,A<C,pair,-0.34375
training_2454,A<D,pair,0.4375
training_2454,B<C,pair,-2.109374888241291
training_2454,B<D,pair,-1.1406249701976776
training_2454,C<D,pair,1.3593750447034836
training_2819,A,letter,-2.1374716758728027
training_2819,B,letter,-3.4968466758728027
training_2819,C,letter,-0.543721616268158
training_2819,D,letter,-1.3093466758728027
training_0101,A,letter,-3.776372194290161
training_0101,B,letter,-1.870122194290161
training_0101,C,letter,-4.213871955871582
training_0101,D,letter,-0.2138721942901611
training_0912,A,present,-2.4218749701976776
training_0912,B,present,-2.453124903142452
training_0912,C,present,-4.406249765306711
training_0912,D,present,-1.2343749701976776
training_1720,A,letter,-2.8205935955047607
training_1720,B,letter,-2.2424685955047607
training_1720,C,letter,-1.3518435955047607
training_1720,D,letter,-0.5549685955047607
training_2456,ACDB,perm,1.0
training_2456,A<B,pair,4.703124859370291
training_2456,A<C,pair,-1.7187499701976776
training_2456,A<D,pair,3.734374986961484
training_2456,B<C,pair,-4.124999810010195
training_2456,B<D,pair,-0.859375
training_2456,C<D,pair,4.078124800696969
training_2824,A,letter,-1.8079125881195068
training_2824,B,letter,-3.776662588119507
training_2824,C,letter,-5.198537349700928
training_2824,D,letter,-0.2141625583171844
training_0102,A,letter,-0.7864744663238525
training_0102,B,letter,-3.708349466323853
training_0102,C,letter,-0.6614744663238525
training_0102,D,letter,-5.927099227905273
training_0913,A,present,1.0781249701976776
training_0913,B,present,-1.812500044703484
training_0913,C,present,0.390625
training_0913,D,present,-6.468750023050234
training_1721,A,letter,-1.860005617141724
training_1721,B,letter,-2.860005617141724
training_1721,C,letter,-0.4693806767463684
training_1721,D,letter,-1.875630617141724
training_2457,BDAC,perm,1.0
training_2457,A<B,pair,-2.671875089406967
training_2457,A<C,pair,1.3124999552965164
training_2457,A<D,pair,-0.453125
training_2457,B<C,pair,5.296874773688614
training_2457,B<D,pair,3.0156250298023224
training_2457,C<D,pair,-0.984375
training_2825,A,letter,-2.6217029094696045
training_2825,B,letter,-1.5435779094696045
training_2825,C,letter,-0.3404529392719269
training_2825,D,letter,-6.434203147888184
training_0133,A,letter,-0.012835269793868
training_0133,B,letter,-5.325335502624512
training_0133,C,letter,-7.762835502624512
training_0133,D,letter,-4.919085502624512
training_0944,A,present,-6.18749991664663
training_0944,B,present,-4.562499936670065
training_0944,C,present,-2.187500037252903
training_0944,D,present,-5.640624768100679
training_1752,A,letter,-5.45775842666626
training_1752,B,letter,-1.785883545875549
training_1752,C,letter,-4.19213342666626
training_1752,D,letter,-0.2077585309743881
training_2856,A,letter,-1.1323812007904053
training_2856,B,letter,-2.5855062007904053
training_2856,C,letter,-0.6480062007904053
training_2856,D,letter,-2.5542562007904053
training_0136,A,letter,-3.760166645050049
training_0136,B,letter,-4.291416645050049
training_0136,C,letter,-5.978916645050049
training_0136,D,letter,-0.0414167568087577
training_0947,A,present,2.406249910593033
training_0947,B,present,-1.8593749552965164
training_0947,C,present,-1.6406249552965164
training_0947,D,present,-3.937499925494194
training_1755,A,letter,-5.147822856903076
training_1755,B,letter,-3.241572856903076
training_1755,C,letter,-0.6165727376937866
training_1755,D,letter,-0.8821977376937866
training_2859,A,letter,-2.7249672412872314
training_2859,B,letter,-5.521842002868652
training_2859,C,letter,-0.3655921518802643
training_2859,D,letter,-1.443717122077942
training_0138,A,letter,-3.5617542266845703
training_0138,B,letter,-0.9367541670799256
training_0138,C,letter,-1.2492542266845703
training_0138,D,letter,-1.2336292266845703
training_0949,A,present,-0.46875
training_0949,B,present,-2.9531248845160007
training_0949,C,present,-2.531250052154064
training_0949,D,present,-1.8593749701976776
training_1757,A,letter,-3.35117769241333
training_1757,B,letter,-2.50742769241333
training_1757,C,letter,-0.6480527520179749
training_1757,D,letter,-1.02305269241333
training_2469,DCBA,perm,1.0
training_2469,A<B,pair,-0.296875
training_2469,A<C,pair,-3.7343749962747097
training_2469,A<D,pair,-4.187499926425517
training_2469,B<C,pair,-3.015625093132257
training_2469,B<D,pair,-3.2187500819563866
training_2469,C<D,pair,0.25
training_2861,A,letter,-2.8835811614990234
training_2861,B,letter,-1.1960811614990234
training_2861,C,letter,-0.5242062211036682
training_2861,D,letter,-3.0242061614990234
training_0143,A,letter,-6.769473075866699
training_0143,B,letter,-8.0975980758667
training_0143,C,letter,-2.019473075866699
training_0143,D,letter,-0.1444730460643768
training_0954,A,present,-1.375
training_0954,B,present,-8.140624705760274
training_0954,C,present,-4.578124941326678
training_0954,D,present,-1.140625
training_1762,A,letter,-5.893932342529297
training_1762,B,letter,-0.0345573350787162
training_1762,C,letter,-7.034557342529297
training_1762,D,letter,-3.503307342529297
training_2866,A,letter,-0.5701934099197388
training_2866,B,letter,-2.913943290710449
training_2866,C,letter,-1.3670684099197388
training_2866,D,letter,-2.085818290710449
training_0144,A,letter,-1.2535759210586548
training_0144,B,letter,-0.4410759508609772
training_0144,C,letter,-2.9410760402679443
training_0144,D,letter,-4.112950801849365
training_0955,A,present,-8.046874951047357
training_0955,B,present,-1.9062499105930328
training_0955,C,present,-0.03125
training_0955,D,present,-1.7968749701976776
training_1763,A,letter,-3.901069641113281
training_1763,B,letter,-3.385444641113281
training_1763,C,letter,-0.3698195517063141
training_1763,D,letter,-1.3698195219039917
training_2867,A,letter,-0.4945487976074219
training_2867,B,letter,-3.791423797607422
training_2867,C,letter,-1.213298797607422
training_2867,D,letter,-2.666423797607422
training_0148,A,letter,-4.643380641937256
training_0148,B,letter,-4.877755641937256
training_0148,C,letter,-0.0183805525302886
training_0148,D,letter,-7.190255641937256
training_0959,A,present,-2.437500111758709
training_0959,B,present,1.5625000298023224
training_0959,C,present,-1.4843750298023224
training_0959,D,present,-2.390625037252903
training_1767,A,letter,-1.925094723701477
training_1767,B,letter,-1.550094723701477
training_1767,C,letter,-2.2375946044921875
training_1767,D,letter,-0.628219723701477
training_2476,ACDB,perm,1.0
training_2476,A<B,pair,2.812500048428774
training_2476,A<C,pair,-0.8437499701976776
training_2476,A<D,pair,3.031250100582838
training_2476,B<C,pair,-2.6406250819563866
training_2476,B<D,pair,0.0625
training_2476,C<D,pair,5.203125082422048
training_2871,A,letter,-0.0217450018972158
training_2871,B,letter,-5.552995204925537
training_2871,C,letter,-4.646745204925537
training_2871,D,letter,-4.849870204925537
training_0152,A,letter,-0.5029386281967163
training_0152,B,letter,-3.159188747406006
training_0152,C,letter,-1.0498136281967163
training_0152,D,letter,-6.612313747406006
training_0963,A,present,-0.6875
training_0963,B,present,-0.390625
training_0963,C,present,-8.999999560473952
training_0963,D,present,-2.999999977648258
training_1771,A,letter,-6.785999774932861
training_1771,B,letter,-2.6609997749328613
training_1771,C,letter,-0.0828748866915702
training_1771,D,letter,-4.801624774932861
training_2875,A,letter,-1.574488878250122
training_2875,B,letter,-2.480738878250122
training_2875,C,letter,-0.4026138484477997
training_2875,D,letter,-3.230738878250122
training_0155,A,letter,-2.8616390228271484
training_0155,B,letter,-0.9241390228271484
training_0155,C,letter,-1.1897640228271484
training_0155,D,letter,-1.4397640228271484
training_0966,A,present,-3.453125096857548
training_0966,B,present,-1.7499999552965164
training_0966,C,present,-3.062500048428774
training_0966,D,present,-3.4687498938292265
training_1774,A,letter,-2.5665762424468994
training_1774,B,letter,-3.5197012424468994
training_1774,C,letter,-0.2697012722492218
training_1774,D,letter,-2.0509512424468994
training_2878,A,letter,-0.7407431602478027
training_2878,B,letter,-1.4594931602478027
training_2878,C,letter,-1.2719931602478027
training_2878,D,letter,-4.646993160247803
training_0160,A,letter,-5.772730350494385
training_0160,B,letter,-5.710230350494385
training_0160,C,letter,-0.1321053653955459
training_0160,D,letter,-2.1477303504943848
training_0971,A,present,-4.093750111758709
training_0971,B,present,-4.656249780207872
training_0971,C,present,0.046875
training_0971,D,present,-4.687500000931323
training_1779,A,letter,-2.863903522491455
training_1779,B,letter,-4.457653522491455
training_1779,C,letter,-0.1295286417007446
training_1779,D,letter,-2.957653522491455
training_2479,DBCA,perm,1.0
training_2479,A<B,pair,-1.7656249552965164
training_2479,A<C,pair,-0.8437500298023224
training_2479,A<D,pair,-2.4687499925494194
training_2479,B<C,pair,0.6249999403953552
training_2479,B<D,pair,-0.7187499403953552
training_2479,C<D,pair,-1.375
training_2883,A,letter,-2.127061605453491
training_2883,B,letter,-4.595811367034912
training_2883,C,letter,-0.1426865607500076
training_2883,D,letter,-5.798936367034912
training_0161,A,letter,-1.1775299310684204
training_0161,B,letter,-2.083779811859131
training_0161,C,letter,-4.208779811859131
training_0161,D,letter,-0.5994049310684204
training_0972,A,present,-1.046875
training_0972,B,present,-1.46875
training_0972,C,present,-1.2656250298023224
training_0972,D,present,-4.578125013038516
training_1780,A,letter,-1.789872407913208
training_1780,B,letter,-0.3367474675178528
training_1780,C,letter,-4.399247646331787
training_1780,D,letter,-2.258622407913208
training_2884,A,letter,-2.3539741039276123
training_2884,B,letter,-2.6820991039276123
training_2884,C,letter,-1.6352241039276123
training_2884,D,letter,-0.4477240443229675
training_0162,A,letter,-3.5212135314941406
training_0162,B,letter,-1.771213412284851
training_0162,C,letter,-2.8180885314941406
training_0162,D,letter,-0.3024634122848511
training_0973,A,present,-2.203125089406967
training_0973,B,present,-1.5937500447034836
training_0973,C,present,-1.6093750149011612
training_0973,D,present,-0.6875
training_1781,A,letter,-2.742853164672852
training_1781,B,letter,-0.7741032838821411
training_1781,C,letter,-3.227228164672852
training_1781,D,letter,-0.8366032838821411
training_2885,A,letter,-1.575048804283142
training_2885,B,letter,-4.215673923492432
training_2885,C,letter,-0.2625488042831421
training_2885,D,letter,-4.778173923492432
training_0163,A,letter,-0.0146270086988806
training_0163,B,letter,-5.280251979827881
training_0163,C,letter,-4.858376979827881
training_0163,D,letter,-6.577126979827881
training_0974,A,present,-5.890624844003469
training_0974,B,present,-6.062500167405233
training_0974,C,present,0.796875
training_0974,D,present,-1.5781249403953552
training_1782,A,letter,-2.043783187866211
training_1782,B,letter,-2.325033187866211
training_1782,C,letter,-0.8875333070755005
training_1782,D,letter,-1.0281583070755005
training_2886,A,letter,-3.152057886123657
training_2886,B,letter,-3.527057886123657
training_2886,C,letter,-0.3083079755306244
training_2886,D,letter,-1.6520580053329468
training_0176,A,letter,-1.076524019241333
training_0176,B,letter,-1.920274019241333
training_0176,C,letter,-1.248399019241333
training_0176,D,letter,-1.498399019241333
training_0987,A,present,-4.390624901279807
training_0987,B,present,-4.203124823980033
training_0987,C,present,-1.9687500298023224
training_0987,D,present,-5.42187520256266
training_1795,A,letter,-2.8298568725585938
training_1795,B,letter,-2.9236068725585938
training_1795,C,letter,-3.0798568725585938
training_1795,D,letter,-0.1736067831516266
training_2899,A,letter,-2.362539291381836
training_2899,B,letter,-4.300039291381836
training_2899,C,letter,-0.1594143360853195
training_2899,D,letter,-3.253164291381836
training_0177,A,letter,-0.6099058389663696
training_0177,B,letter,-2.81303071975708
training_0177,C,letter,-1.6724058389663696
training_0177,D,letter,-1.5786558389663696
training_0988,A,present,-1.5624999701976776
training_0988,B,present,-0.6718749701976776
training_0988,C,present,-3.2187499068677425
training_0988,D,present,-1.1406250596046448
training_1796,A,letter,-3.244982481002808
training_1796,B,letter,-4.416857719421387
training_1796,C,letter,-0.2606075704097748
training_1796,D,letter,-1.7293576002120972
training_2900,A,letter,-2.2068495750427246
training_2900,B,letter,-3.1599745750427246
training_2900,C,letter,-2.1443495750427246
training_2900,D,letter,-0.3162246942520141
training_0183,A,letter,-1.6851136684417725
training_0183,B,letter,-0.2163636535406112
training_0183,C,letter,-5.356988430023193
training_0183,D,letter,-5.731988430023193
training_0994,A,present,-0.6562500298023224
training_0994,B,present,0.21875
training_0994,C,present,-2.078124910593033
training_0994,D,present,-5.781250037485734
training_1802,A,letter,-3.1245603561401367
training_1802,B,letter,-1.6089353561401367
training_1802,C,letter,-0.3433102965354919
training_1802,D,letter,-3.1870603561401367
training_2906,A,letter,-4.12766695022583
training_2906,B,letter,-0.0339169539511203
training_2906,C,letter,-5.25266695022583
training_2906,D,letter,-4.51829195022583
training_0187,A,letter,-3.825103044509888
training_0187,B,letter,-4.637602806091309
training_0187,C,letter,-3.215728044509888
training_0187,D,letter,-0.0751029998064041
training_0998,A,present,-1.2343749701976776
training_0998,B,present,-5.390624905470759
training_0998,C,present,-1.8593750149011607
training_0998,D,present,-2.468749910593033
training_1806,A,letter,-2.735015153884888
training_1806,B,letter,-0.4537651538848877
training_1806,C,letter,-2.172515153884888
training_1806,D,letter,-1.6881401538848877
training_2485,BCDA,perm,1.0
training_2485,A<B,pair,-3.8124999403953552
training_2485,A<C,pair,-0.7499999701976776
training_2485,A<D,pair,-0.484375
training_2485,B<C,pair,2.7656251080334187
training_2485,B<D,pair,3.203124932944774
training_2485,C<D,pair,0.171875
training_2910,A,letter,-2.584058284759521
training_2910,B,letter,-1.1465582847595217
training_2910,C,letter,-1.3809332847595217
training_2910,D,letter,-1.0371832847595217
training_0191,A,letter,-2.9803237915039062
training_0191,B,letter,-2.1053237915039062
training_0191,C,letter,-0.1990738362073898
training_0191,D,letter,-5.074073791503906
training_1002,A,present,-5.578125154599547
training_1002,B,present,-7.062500186788384
training_1002,C,present,-2.531249947845936
training_1002,D,present,-2.828125026077032
training_1810,A,letter,-3.094268560409546
training_1810,B,letter,-2.047393560409546
training_1810,C,letter,-0.2348936051130294
training_1810,D,letter,-3.391143560409546
training_2914,A,letter,-1.7764036655426023
training_2914,B,letter,-0.3545286059379577
training_2914,C,letter,-2.5107786655426025
training_2914,D,letter,-3.0576536655426025
training_0195,A,letter,-0.2776739597320556
training_0195,B,letter,-3.793298959732056
training_0195,C,letter,-1.5901739597320557
training_0195,D,letter,-4.215173721313477
training_1006,A,present,-0.9843749403953552
training_1006,B,present,-3.5781249161809683
training_1006,C,present,-2.546874910593033
training_1006,D,present,-0.9999999701976776
training_1814,A,letter,-4.182323455810547
training_1814,B,letter,-4.197948455810547
training_1814,C,letter,-0.8229484558105469
training_1814,D,letter,-0.6354484558105469
training_2918,A,letter,-4.589766979217529
training_2918,B,letter,-2.66789174079895
training_2918,C,letter,-5.152266979217529
training_2918,D,letter,-0.0897668078541755
training_0197,A,letter,-4.150683879852295
training_0197,B,letter,-0.1506840288639068
training_0197,C,letter,-2.181934118270874
training_0197,D,letter,-4.603808879852295
training_1008,A,present,-5.312499952036887
training_1008,B,present,-2.140624888241291
training_1008,C,present,-4.781249776482582
training_1008,D,present,-1.5625000596046448
training_1816,A,letter,-5.072409152984619
training_1816,B,letter,-2.19740891456604
training_1816,C,letter,-0.1349090188741684
training_1816,D,letter,-4.791159152984619
training_2920,A,letter,-3.8386409282684326
training_2920,B,letter,-0.0886410102248191
training_2920,C,letter,-4.994891166687012
training_2920,D,letter,-2.8855159282684326
training_0201,A,letter,-6.015407085418701
training_0201,B,letter,-0.0935321897268295
training_0201,C,letter,-4.718532085418701
training_0201,D,letter,-2.562282085418701
training_1012,A,present,-9.203124895211658
training_1012,B,present,-4.624999877996743
training_1012,C,present,-1.4218750596046448
training_1012,D,present,-10.421875242675014
training_1820,A,letter,-2.528132915496826
training_1820,B,letter,-0.7781328558921814
training_1820,C,letter,-0.9656328558921814
training_1820,D,letter,-2.543757915496826
training_2924,A,letter,-2.0987789630889893
training_2924,B,letter,-0.1612790673971176
training_2924,C,letter,-4.051904201507568
training_2924,D,letter,-4.817529201507568
training_0202,A,letter,-1.5001113414764404
training_0202,B,letter,-7.3438615798950195
training_0202,C,letter,-1.5001113414764404
training_0202,D,letter,-0.5938613414764404
training_1013,A,present,-3.0312499068677425
training_1013,B,present,-3.859375052154064
training_1013,C,present,-3.8281250596046448
training_1013,D,present,-6.406250015133992
training_1821,A,letter,-3.222241163253784
training_1821,B,letter,-6.050366401672363
training_1821,C,letter,-0.0972412601113319
training_1821,D,letter,-3.003491163253784
training_2925,A,letter,-5.197505950927734
training_2925,B,letter,-4.041255950927734
training_2925,C,letter,-0.5100060105323792
training_2925,D,letter,-0.9787560105323792
training_0207,A,letter,-4.921695232391357
training_0207,B,letter,-0.0623200498521328
training_0207,C,letter,-3.0310699939727783
training_0207,D,letter,-5.593570232391357
training_1018,A,present,-6.390624875552021
training_1018,B,present,-0.15625
training_1018,C,present,-4.656249769963324
training_1018,D,present,0.09375
training_1826,A,letter,-1.6512829065322876
training_1826,B,letter,-0.3544079065322876
training_1826,C,letter,-5.838782787322998
training_1826,D,letter,-2.276282787322998
training_2487,DBAC,perm,1.0
training_2487,A<B,pair,-0.8750000298023224
training_2487,A<C,pair,1.34375
training_2487,A<D,pair,-1.2499999701976776
training_2487,B<C,pair,2.0625001043081284
training_2487,B<D,pair,-0.09375
training_2487,C<D,pair,-2.359374962747097
training_2930,A,letter,-2.998690366744995
training_2930,B,letter,-0.3893154263496399
training_2930,C,letter,-2.045565366744995
training_2930,D,letter,-1.9518153667449951
training_0209,A,letter,-5.026275157928467
training_0209,B,letter,-0.1044001951813697
training_0209,C,letter,-4.166900157928467
training_0209,D,letter,-2.573150157928467
training_1020,A,present,-9.124999546489562
training_1020,B,present,-4.031249947845936
training_1020,C,present,-2.046874962747097
training_1020,D,present,-1.9375000894069672
training_1828,A,letter,-0.7348372340202332
training_1828,B,letter,-4.734837055206299
training_1828,C,letter,-1.906712293624878
training_1828,D,letter,-1.016087293624878
training_2932,A,letter,-1.7713558673858645
training_2932,B,letter,-1.7244808673858645
training_2932,C,letter,-2.0682308673858643
training_2932,D,letter,-0.646355926990509
training_0211,A,letter,-2.667413711547852
training_0211,B,letter,-2.104913711547852
training_0211,C,letter,-1.5736637115478516
training_0211,D,letter,-0.5111636519432068
training_1022,A,present,-1.7656249403953552
training_1022,B,present,-0.59375
training_1022,C,present,-1.2812499701976776
training_1022,D,present,-1.890625044703484
training_1830,A,letter,-1.3471757173538208
training_1830,B,letter,-1.2065507173538208
training_1830,C,letter,-3.0034255981445312
training_1830,D,letter,-0.9409257173538208
training_2934,A,letter,-1.4463098049163818
training_2934,B,letter,-0.5869347453117371
training_2934,C,letter,-1.8838098049163816
training_2934,D,letter,-2.899434804916382
training_0216,A,letter,-2.343034505844116
training_0216,B,letter,-4.186784267425537
training_0216,C,letter,-5.296159267425537
training_0216,D,letter,-0.1242844611406326
training_1027,A,present,-4.812500111758709
training_1027,B,present,-4.687499997206032
training_1027,C,present,0.6406249701976776
training_1027,D,present,-5.421874929685146
training_1835,A,letter,-0.7064935564994812
training_1835,B,letter,-2.612743616104126
training_1835,C,letter,-1.956493616104126
training_1835,D,letter,-1.237743616104126
training_2490,CDAB,perm,1.0
training_2490,A<B,pair,-1.3906250596046448
training_2490,A<C,pair,-3.4375000558793545
training_2490,A<D,pair,-2.625000037252903
training_2490,B<C,pair,-1.4375
training_2490,B<D,pair,-1.9218750596046448
training_2490,C<D,pair,-0.109375
training_2939,A,letter,-0.958567202091217
training_2939,B,letter,-1.9273171424865725
training_2939,C,letter,-0.942942202091217
training_2939,D,letter,-2.5210671424865723
training_0217,A,letter,-5.8012776374816895
training_0217,B,letter,-3.520027875900269
training_0217,C,letter,-0.8794028162956238
training_0217,D,letter,-0.5981528162956238
training_1028,A,present,-6.3281250754371285
training_1028,B,present,-4.421875127591193
training_1028,C,present,-7.23437510576332
training_1028,D,present,-3.531250102445483
training_1836,A,letter,-5.102198600769043
training_1836,B,letter,-0.0553234256803989
training_1836,C,letter,-5.024073600769043
training_1836,D,letter,-3.211573362350464
training_2491,ACBD,perm,1.0
training_2491,A<B,pair,-0.6406249403953552
training_2491,A<C,pair,0.53125
training_2491,A<D,pair,2.7343750074505806
training_2491,B<C,pair,1.2343750596046448
training_2491,B<D,pair,4.76562500372529
training_2491,C<D,pair,1.0781250596046448
training_2940,A,letter,-1.496053695678711
training_2940,B,letter,-2.152303695678711
training_2940,C,letter,-0.6835537552833557
training_2940,D,letter,-1.871053695678711
training_0219,A,letter,-1.579312801361084
training_0219,B,letter,-3.110562801361084
training_0219,C,letter,-0.6730627417564392
training_0219,D,letter,-1.438687801361084
training_1030,A,present,-1.15625
training_1030,B,present,-1.0625000298023224
training_1030,C,present,-5.3281251192092896
training_1030,D,present,-4.60937481187284
training_1838,A,letter,-1.9674193859100344
training_1838,B,letter,-2.264294385910034
training_1838,C,letter,-0.4830443859100342
training_1838,D,letter,-1.9830443859100344
training_2942,A,letter,-4.044164180755615
training_2942,B,letter,-0.2785390615463257
training_2942,C,letter,-3.0441641807556152
training_2942,D,letter,-1.7316640615463257
training_0222,A,letter,-2.863256931304932
training_0222,B,letter,-1.035131812095642
training_0222,C,letter,-0.6288818120956421
training_0222,D,letter,-2.972631931304932
training_1033,A,present,-0.6874999701976776
training_1033,B,present,-6.12499981909059
training_1033,C,present,1.0781249701976776
training_1033,D,present,-1.65625
training_1841,A,letter,-5.995824813842773
training_1841,B,letter,-2.7614500522613525
training_1841,C,letter,-3.0427000522613525
training_1841,D,letter,-0.1208249703049659
training_2945,A,letter,-0.1736743301153183
training_2945,B,letter,-2.2674243450164795
training_2945,C,letter,-3.5486743450164795
training_2945,D,letter,-3.75179934501648
training_0224,A,letter,-2.942493438720703
training_0224,B,letter,-1.3956184387207031
training_0224,C,letter,-2.723743438720703
training_0224,D,letter,-0.4581184685230255
training_1035,A,present,-1.9843750596046448
training_1035,B,present,-2.515625044703484
training_1035,C,present,-3.499999936670065
training_1035,D,present,-4.515624926425517
training_1843,A,letter,-1.82409143447876
training_1843,B,letter,-0.8553414344787598
training_1843,C,letter,-2.10534143447876
training_1843,D,letter,-1.2459664344787598
training_2492,ABCD,perm,1.0
training_2492,A<B,pair,1.046875
training_2492,A<C,pair,3.390624899417162
training_2492,A<D,pair,3.921874994412065
training_2492,B<C,pair,1.8906249552965164
training_2492,B<D,pair,2.03125
training_2492,C<D,pair,0.4375
training_2947,A,letter,-5.678343772888184
training_2947,B,letter,-5.693968772888184
training_2947,C,letter,-3.506468772888184
training_2947,D,letter,-0.0377186574041843
training_0229,A,letter,-0.0027227257378399
training_0229,B,letter,-8.00272274017334
training_0229,C,letter,-6.15897274017334
training_0229,D,letter,-8.42459774017334
training_1040,A,present,0.796875
training_1040,B,present,-6.593750234460458
training_1040,C,present,1.8125000149011607
training_1040,D,present,-0.6562499403953552
training_1848,A,letter,-3.8593173027038574
training_1848,B,letter,-3.1561923027038574
training_1848,C,letter,-0.078067347407341
training_1848,D,letter,-4.499942302703857
training_2952,A,letter,-3.034320831298828
training_2952,B,letter,-0.5655708909034729
training_2952,C,letter,-0.9874458909034728
training_2952,D,letter,-4.612445831298828
training_0236,A,letter,-1.8754327297210691
training_0236,B,letter,-0.1879326999187469
training_0236,C,letter,-6.28168249130249
training_0236,D,letter,-4.18793249130249
training_1047,A,present,-4.968749817926437
training_1047,B,present,-1.6093750298023224
training_1047,C,present,-5.890625160885975
training_1047,D,present,-6.312500197906047
training_1855,A,letter,-3.1330385208129883
training_1855,B,letter,-3.773663520812988
training_1855,C,letter,-3.1486635208129883
training_1855,D,letter,-0.1174134686589241
training_2959,A,letter,-0.985057771205902
training_2959,B,letter,-0.985057771205902
training_2959,C,letter,-4.016307830810547
training_2959,D,letter,-1.4538078308105469
training_0243,A,letter,-0.8051778674125671
training_0243,B,letter,-4.602052688598633
training_0243,C,letter,-0.6958028674125671
training_0243,D,letter,-3.148927927017212
training_1054,A,present,-3.2812498845160007
training_1054,B,present,-1.5624999403953552
training_1054,C,present,-7.4843748469720595
training_1054,D,present,-0.9218749701976776
training_1862,A,letter,-6.834095001220703
training_1862,B,letter,-4.068470001220703
training_1862,C,letter,-0.0215948671102523
training_1862,D,letter,-5.818470001220703
training_2502,ACDB,perm,1.0
training_2502,A<B,pair,1.890625
training_2502,A<C,pair,0.8750000596046448
training_2502,A<D,pair,1.78125
training_2502,B<C,pair,-1.5312500447034836
training_2502,B<D,pair,-0.203125
training_2502,C<D,pair,1.968749925494194
training_2966,A,letter,-2.419241189956665
training_2966,B,letter,-0.606741189956665
training_2966,C,letter,-1.950491189956665
training_2966,D,letter,-1.512991189956665
training_0244,A,letter,-1.534907341003418
training_0244,B,letter,-4.534907341003418
training_0244,C,letter,-0.2692823410034179
training_0244,D,letter,-4.784907341003418
training_1055,A,present,-0.6249999701976776
training_1055,B,present,-3.0000000782310963
training_1055,C,present,-6.015625209314749
training_1055,D,present,-2.2812500819563866
training_1863,A,letter,-6.88568115234375
training_1863,B,letter,-5.62005615234375
training_1863,C,letter,-0.1356812119483947
training_1863,D,letter,-2.10443115234375
training_2503,DABC,perm,1.0
training_2503,A<B,pair,0.890625
training_2503,A<C,pair,0.078125
training_2503,A<D,pair,0.1875
training_2503,B<C,pair,-0.9687499701976776
training_2503,B<D,pair,-0.6249999403953552
training_2503,C<D,pair,-0.125
training_2967,A,letter,-1.5516432523727417
training_2967,B,letter,-0.9735182523727416
training_2967,C,letter,-2.7703933715820312
training_2967,D,letter,-1.0672682523727417
training_0251,A,letter,-4.782972812652588
training_0251,B,letter,-3.345472574234009
training_0251,C,letter,-0.0954726412892341
training_0251,D,letter,-3.064222574234009
training_1062,A,present,-3.312500048428774
training_1062,B,present,-1.9843749105930328
training_1062,C,present,-3.625000052154064
training_1062,D,present,-6.656250129104592
training_1870,A,letter,-0.9205103516578674
training_1870,B,letter,-3.858010292053223
training_1870,C,letter,-0.7798853516578674
training_1870,D,letter,-2.1236352920532227
training_2507,ACDB,perm,1.0
training_2507,A<B,pair,2.3906250819563866
training_2507,A<C,pair,-2.1249999403953552
training_2507,A<D,pair,1.6093750447034836
training_2507,B<C,pair,-2.8750001080334187
training_2507,B<D,pair,0.1875
training_2507,C<D,pair,3.9843748044222593
training_2974,A,letter,-3.158888578414917
training_2974,B,letter,-3.471388578414917
training_2974,C,letter,-0.0963885709643364
training_2974,D,letter,-4.049513339996338
training_0265,A,letter,-0.1700068712234497
training_0265,B,letter,-4.04500675201416
training_0265,C,letter,-3.31063175201416
training_0265,D,letter,-2.29500675201416
training_1076,A,present,-5.749999958556145
training_1076,B,present,-3.203125085681677
training_1076,C,present,-0.25
training_1076,D,present,-4.640624899417162
training_1884,A,letter,-1.730337619781494
training_1884,B,letter,-4.995962619781494
training_1884,C,letter,-2.683462619781494
training_1884,D,letter,-0.2928376793861389
training_2515,BCAD,perm,1.0
training_2515,A<B,pair,-1.4218750447034836
training_2515,A<C,pair,-1.859375044703484
training_2515,A<D,pair,0.4687500298023224
training_2515,B<C,pair,-1.0625
training_2515,B<D,pair,1.3750000298023224
training_2515,C<D,pair,2.765624888241291
training_2988,A,letter,-0.7706456780433655
training_2988,B,letter,-1.2393956184387207
training_2988,C,letter,-4.036270618438721
training_2988,D,letter,-1.4737706184387207
training_0271,A,letter,-5.161478519439697
training_0271,B,letter,-5.442728519439697
training_0271,C,letter,-0.2396037429571151
training_0271,D,letter,-1.5989787578582764
training_1082,A,present,-2.343749985098839
training_1082,B,present,-3.671874897554517
training_1082,C,present,-3.9374999962747097
training_1082,D,present,-2.203125111758709
training_1890,A,letter,-1.8274775743484497
training_1890,B,letter,-1.2806025743484497
training_1890,C,letter,-1.1243525743484497
training_1890,D,letter,-1.4524775743484497
training_2994,A,letter,-1.3926032781600952
training_2994,B,letter,-2.7519783973693848
training_2994,C,letter,-0.3926032781600952
training_2994,D,letter,-4.455103397369385
training_0274,A,letter,-0.628539502620697
training_0274,B,letter,-3.691039562225342
training_0274,C,letter,-5.628539562225342
training_0274,D,letter,-0.831664502620697
training_1085,A,present,-2.531249962747097
training_1085,B,present,-1.078125
training_1085,C,present,-1.5156250149011612
training_1085,D,present,-0.9843750298023224
training_1893,A,letter,-3.385880470275879
training_1893,B,letter,-0.6358804702758789
training_1893,C,letter,-1.464005470275879
training_1893,D,letter,-1.589005470275879
training_2997,A,letter,-0.9335246682167052
training_2997,B,letter,-0.5585246682167053
training_2997,C,letter,-3.777274608612061
training_2997,D,letter,-4.5272746086120605
training_0295,A,letter,-2.8330893516540527
training_0295,B,letter,-0.4893393516540527
training_0295,C,letter,-1.7393393516540527
training_0295,D,letter,-1.8955893516540527
training_1106,A,present,-2.890625052154064
training_1106,B,present,-2.890624936670065
training_1106,C,present,-2.7812499701976776
training_1106,D,present,-3.3593749590218067
training_1911,A,letter,-1.8279612064361568
training_1911,B,letter,-1.2498362064361572
training_1911,C,letter,-2.452961206436157
training_1911,D,letter,-0.7654612064361572
training_2524,BDCA,perm,1.0
training_2524,A<B,pair,-5.406249792315066
training_2524,A<C,pair,-3.281249973922968
training_2524,A<D,pair,-4.6562499813735485
training_2524,B<C,pair,3.968750001862645
training_2524,B<D,pair,0.9375000298023224
training_2524,C<D,pair,-1.5312499552965164
training_3018,A,letter,-0.1456662565469741
training_3018,B,letter,-3.4737913608551025
training_3018,C,letter,-6.005041122436523
training_3018,D,letter,-2.2862913608551025
training_0302,A,letter,-0.0010856455191969
training_0302,B,letter,-7.7042107582092285
training_0302,C,letter,-8.39171028137207
training_0302,D,letter,-7.9698357582092285
training_1113,A,present,-5.312500142026693
training_1113,B,present,-5.79687492386438
training_1113,C,present,-5.7968748363200575
training_1113,D,present,0.125
training_1918,A,letter,-3.886033296585083
training_1918,B,letter,-0.0266583655029535
training_1918,C,letter,-6.151658535003662
training_1918,D,letter,-5.729783535003662
training_3025,A,letter,-1.490977764129639
training_3025,B,letter,-1.615977764129639
training_3025,C,letter,-1.662852764129639
training_3025,D,letter,-0.9597277641296388
training_0308,A,letter,-0.0804008543491363
training_0308,B,letter,-2.8616509437561035
training_0308,C,letter,-5.142900943756104
training_0308,D,letter,-4.314775943756104
training_1119,A,present,-0.9843749701976776
training_1119,B,present,-4.624999810010195
training_1119,C,present,1.234375
training_1119,D,present,-2.281249977648258
training_1924,A,letter,-2.48269271850586
training_1924,B,letter,-1.3420677185058594
training_1924,C,letter,-0.5295676589012146
training_1924,D,letter,-2.73269271850586
training_3031,A,letter,-2.2719221115112305
training_3031,B,letter,-0.86567223072052
training_3031,C,letter,-0.94379723072052
training_3031,D,letter,-2.4594221115112305
training_0309,A,letter,-4.086920738220215
training_0309,B,letter,-2.727545976638794
training_0309,C,letter,-2.024420976638794
training_0309,D,letter,-0.2431709021329879
training_1120,A,present,-1.4999999403953552
training_1120,B,present,1.3906249403953552
training_1120,C,present,-4.453124975785613
training_1120,D,present,-1.5312499850988388
training_1925,A,letter,-4.913042068481445
training_1925,B,letter,-0.194291889667511
training_1925,C,letter,-4.709917068481445
training_1925,D,letter,-1.8349168300628664
training_3032,A,letter,-1.9418976306915283
training_3032,B,letter,-4.082522392272949
training_3032,C,letter,-1.0200226306915283
training_3032,D,letter,-0.7387725710868835
training_0310,A,letter,-0.1279792785644531
training_0310,B,letter,-3.018604278564453
training_0310,C,letter,-4.096729278564453
training_0310,D,letter,-2.924854278564453
training_1121,A,present,-1.3906249850988388
training_1121,B,present,-3.859374901279807
training_1121,C,present,0.8906249701976776
training_1121,D,present,-1.015625
training_1926,A,letter,-4.346175670623779
training_1926,B,letter,-5.533675670623779
training_1926,C,letter,-0.189925879240036
training_1926,D,letter,-1.8618009090423584
training_3033,A,letter,-1.456009030342102
training_3033,B,letter,-3.0810089111328125
training_3033,C,letter,-0.581009030342102
training_3033,D,letter,-1.831009030342102
training_0312,A,letter,-2.5395216941833496
training_0312,B,letter,-0.1645217388868332
training_0312,C,letter,-7.41452169418335
training_0312,D,letter,-2.6332716941833496
training_1123,A,present,0.40625
training_1123,B,present,-6.609374905820005
training_1123,C,present,-0.5
training_1123,D,present,1.21875
training_1928,A,letter,-3.3092081546783447
training_1928,B,letter,-3.6373331546783447
training_1928,C,letter,-3.7623331546783447
training_1928,D,letter,-0.0904582291841507
training_2529,CADB,perm,1.0
training_2529,A<B,pair,0.8593749403953552
training_2529,A<C,pair,-2.328125
training_2529,A<D,pair,0.921875
training_2529,B<C,pair,-3.437500052154064
training_2529,B<D,pair,-0.7812500298023224
training_2529,C<D,pair,4.437500165775418
training_3035,A,letter,-3.2945032119750977
training_3035,B,letter,-4.607003211975098
training_3035,C,letter,-3.6695032119750977
training_3035,D,letter,-0.0757532492280006
training_0316,A,letter,-3.7955074310302734
training_0316,B,letter,-6.764257431030273
training_0316,C,letter,-0.1392574906349182
training_0316,D,letter,-2.248632431030273
training_1127,A,present,-5.890624986262992
training_1127,B,present,-5.046874917577952
training_1127,C,present,-5.92187518090941
training_1127,D,present,-1.0312499701976776
training_1932,A,letter,-0.5449662208557129
training_1932,B,letter,-2.232466220855713
training_1932,C,letter,-1.763716220855713
training_1932,D,letter,-1.966841220855713
training_3039,A,letter,-0.961567521095276
training_3039,B,letter,-2.1803174018859863
training_3039,C,letter,-2.1646924018859863
training_3039,D,letter,-0.945942521095276
training_0320,A,letter,-4.8736572265625
training_0320,B,letter,-0.0455321073532104
training_0320,C,letter,-3.3892822265625
training_0320,D,letter,-5.9517822265625
training_1131,A,present,0.4374999701976776
training_1131,B,present,1.2187500596046448
training_1131,C,present,-0.390625
training_1131,D,present,-4.531250172294676
training_1936,A,letter,-4.903947830200195
training_1936,B,letter,-5.325822830200195
training_1936,C,letter,-2.419572591781616
training_1936,D,letter,-0.1070725992321968
training_2534,DBAC,perm,1.0
training_2534,A<B,pair,-1.7187499850988388
training_2534,A<C,pair,-0.390625
training_2534,A<D,pair,-2.625000037252903
training_2534,B<C,pair,1.2343749403953552
training_2534,B<D,pair,1.0312499701976776
training_2534,C<D,pair,-1.5000000149011612
training_3043,A,letter,-0.0396458432078361
training_3043,B,letter,-4.086520671844482
training_3043,C,letter,-4.133395671844482
training_3043,D,letter,-5.164645671844482
training_0323,A,letter,-3.996678590774536
training_0323,B,letter,-5.027928352355957
training_0323,C,letter,-0.0279285609722137
training_0323,D,letter,-6.137303352355957
training_1134,A,present,-3.515624949708581
training_1134,B,present,-3.0156249962747097
training_1134,C,present,-0.78125
training_1134,D,present,-1.2812499850988388
training_1939,A,letter,-1.4191532135009766
training_1939,B,letter,-0.7941532135009766
training_1939,C,letter,-3.669153213500977
training_1939,D,letter,-1.2785282135009766
training_2537,BADC,perm,1.0
training_2537,A<B,pair,-1.1718749701976776
training_2537,A<C,pair,1.515625
training_2537,A<D,pair,0.6249999701976776
training_2537,B<C,pair,2.7812500409781933
training_2537,B<D,pair,2.046874910593033
training_2537,C<D,pair,-1.1718749701976776
training_3046,A,letter,-2.132764339447021
training_3046,B,letter,-1.929639220237732
training_3046,C,letter,-0.6483892202377319
training_3046,D,letter,-1.554639220237732
training_0324,A,letter,-5.237309455871582
training_0324,B,letter,-0.1435595452785492
training_0324,C,letter,-2.549809455871582
training_0324,D,letter,-3.018559455871582
training_1135,A,present,-3.000000070780516
training_1135,B,present,-0.1875
training_1135,C,present,-5.093749839812517
training_1135,D,present,-3.5156250055879354
training_1940,A,letter,-4.791354656219482
training_1940,B,letter,-3.8851046562194815
training_1940,C,letter,-0.1194795593619346
training_1940,D,letter,-2.4944796562194824
training_2538,CBDA,perm,1.0
training_2538,A<B,pair,-3.984374796971679
training_2538,A<C,pair,-2.7812500335276127
training_2538,A<D,pair,-0.140625
training_2538,B<C,pair,1.9531249403953552
training_2538,B<D,pair,3.875000035390258
training_2538,C<D,pair,2.7031251192092896
training_3047,A,letter,-1.5889341831207275
training_3047,B,letter,-2.8545591831207275
training_3047,C,letter,-0.8545591235160828
training_3047,D,letter,-1.1670591831207275
training_0325,A,letter,-1.295596718788147
training_0325,B,letter,-1.748721718788147
training_0325,C,letter,-0.623721718788147
training_0325,D,letter,-4.233096599578857
training_1136,A,present,-4.328125115483999
training_1136,B,present,-1.6406249701976776
training_1136,C,present,-3.5781249459832907
training_1136,D,present,-2.703125089406967
training_1941,A,letter,-0.312263548374176
training_1941,B,letter,-3.0310134887695312
training_1941,C,letter,-4.484138488769531
training_1941,D,letter,-1.5778884887695312
training_2539,CBDA,perm,1.0
training_2539,A<B,pair,-0.375
training_2539,A<C,pair,-1.1875000596046448
training_2539,A<D,pair,0.0625
training_2539,B<C,pair,-1.234375
training_2539,B<D,pair,0.7812499403953552
training_2539,C<D,pair,2.187500037252903
training_3048,A,letter,-0.9045643210411072
training_3048,B,letter,-1.560814380645752
training_3048,C,letter,-1.217064380645752
training_3048,D,letter,-2.435814380645752
training_0326,A,letter,-0.8878754377365112
training_0326,B,letter,-3.216000556945801
training_0326,C,letter,-0.6222504377365112
training_0326,D,letter,-4.747250556945801
training_1137,A,present,-2.0781249552965164
training_1137,B,present,-2.4374999552965164
training_1137,C,present,-5.65624997834675
training_1137,D,present,1.0937499701976776
training_1942,A,letter,-4.820737361907959
training_1942,B,letter,-3.805112361907959
training_1942,C,letter,-0.0394872575998306
training_1942,D,letter,-4.883237361907959
training_2540,BADC,perm,1.0
training_2540,A<B,pair,-4.15625012293458
training_2540,A<C,pair,-2.1093749925494194
training_2540,A<D,pair,-1.6718749701976776
training_2540,B<C,pair,1.4999999552965164
training_2540,B<D,pair,2.578125111758709
training_2540,C<D,pair,0.140625
training_3049,A,letter,-5.661543846130371
training_3049,B,letter,-3.020918846130371
training_3049,C,letter,-3.177168846130371
training_3049,D,letter,-0.0990437939763069
training_0330,A,letter,-1.4959056377410889
training_0330,B,letter,-5.620905876159668
training_0330,C,letter,-0.5740306377410889
training_0330,D,letter,-1.5740306377410889
training_1141,A,present,-3.4062500186264515
training_1141,B,present,-3.437499973922968
training_1141,C,present,0.5937500298023224
training_1141,D,present,-1.9999999701976776
training_1946,A,letter,-1.390101194381714
training_1946,B,letter,-0.6401011347770691
training_1946,C,letter,-2.015101194381714
training_1946,D,letter,-2.436976194381714
training_3053,A,letter,-2.5758183002471924
training_3053,B,letter,-1.903943419456482
training_3053,C,letter,-0.2789433896541595
training_3053,D,letter,-4.075818538665772
training_0334,A,letter,-1.1749027967453003
training_0334,B,letter,-3.6592776775360103
training_0334,C,letter,-7.25302791595459
training_0334,D,letter,-0.4092777669429779
training_1145,A,present,-1.1874999701976776
training_1145,B,present,2.031250014901161
training_1145,C,present,-1.3593750447034836
training_1145,D,present,-0.7656250298023224
training_1950,A,letter,-5.920356750488281
training_1950,B,letter,-1.5609817504882812
training_1950,C,letter,-4.967231750488281
training_1950,D,letter,-0.2484817504882812
training_2545,CBAD,perm,1.0
training_2545,A<B,pair,-0.5781249701976776
training_2545,A<C,pair,-2.812500093132257
training_2545,A<D,pair,-0.140625
training_2545,B<C,pair,-1.5937500298023224
training_2545,B<D,pair,0.765625
training_2545,C<D,pair,2.406250052154064
training_3057,A,letter,-2.060774564743042
training_3057,B,letter,-3.404524564743042
training_3057,C,letter,-0.2482746690511703
training_3057,D,letter,-2.842024564743042
training_0335,A,letter,-5.475813388824463
training_0335,B,letter,-0.0070631811395287
training_0335,C,letter,-6.272688388824463
training_0335,D,letter,-7.257063388824463
training_1146,A,present,0.8593749403953552
training_1146,B,present,-3.093749962747097
training_1146,C,present,-2.609375089406967
training_1146,D,present,-3.390625052154064
training_1951,A,letter,-6.137670040130615
training_1951,B,letter,-8.762670516967773
training_1951,C,letter,-0.0126701388508081
training_1951,D,letter,-4.590795040130615
training_2546,BADC,perm,1.0
training_2546,A<B,pair,-1.8593749105930328
training_2546,A<C,pair,0.71875
training_2546,A<D,pair,3.0000001154839997
training_2546,B<C,pair,4.796874837018549
training_2546,B<D,pair,6.703125103376806
training_2546,C<D,pair,3.4375000558793545
training_3058,A,letter,-0.9563416838645936
training_3058,B,letter,-1.9563417434692385
training_3058,C,letter,-0.8000916838645935
training_3058,D,letter,-3.7532167434692383
training_0341,A,letter,-1.368769645690918
training_0341,B,letter,-1.556269645690918
training_0341,C,letter,-0.6500195860862732
training_0341,D,letter,-4.665644645690918
training_1152,A,present,-1.1562499701976776
training_1152,B,present,0.078125
training_1152,C,present,-3.343749951571226
training_1152,D,present,-6.15624987706542
training_1957,A,letter,-4.837709903717041
training_1957,B,letter,-0.0252098813652992
training_1957,C,letter,-6.197084903717041
training_1957,D,letter,-4.228334903717041
training_3064,A,letter,-1.0928878784179688
training_3064,B,letter,-0.6866379380226135
training_3064,C,letter,-3.4522628784179688
training_3064,D,letter,-2.0616378784179688
training_0345,A,letter,-1.3857765197753906
training_0345,B,letter,-3.948276519775391
training_0345,C,letter,-0.448276549577713
training_0345,D,letter,-2.40140151977539
training_1156,A,present,-2.5000001043081284
training_1156,B,present,-0.9375
training_1156,C,present,-1.3750000149011612
training_1156,D,present,-3.8750000074505806
training_1961,A,letter,-1.686202883720398
training_1961,B,letter,-0.3580778837203979
training_1961,C,letter,-3.764328002929688
training_1961,D,letter,-2.3893280029296875
training_3068,A,letter,-3.259493112564087
training_3068,B,letter,-4.306367874145508
training_3068,C,letter,-5.915742874145508
training_3068,D,letter,-0.0563680231571197
training_0347,A,letter,-4.73654317855835
training_0347,B,letter,-4.95529317855835
training_0347,C,letter,-0.017793083563447
training_0347,D,letter,-6.53341817855835
training_1158,A,present,0.6874999403953552
training_1158,B,present,-2.6406249552965164
training_1158,C,present,0.125
training_1158,D,present,-1.6718749552965164
training_1963,A,letter,-2.338306427001953
training_1963,B,letter,-4.541431427001953
training_1963,C,letter,-0.1351814866065979
training_1963,D,letter,-3.978931427001953
training_3070,A,letter,-1.1877201795578003
training_3070,B,letter,-1.6095951795578003
training_3070,C,letter,-1.9064701795578003
training_3070,D,letter,-1.0627201795578003
training_0350,A,letter,-3.2588818073272705
training_0350,B,letter,-0.0401318669319152
training_0350,C,letter,-7.44638204574585
training_0350,D,letter,-8.540131568908691
training_1161,A,present,-4.500000203028321
training_1161,B,present,-1.5937500149011612
training_1161,C,present,-2.4062500670552254
training_1161,D,present,2.5312500596046448
training_1966,A,letter,-2.3285837173461914
training_1966,B,letter,-1.7660837173461914
training_1966,C,letter,-1.5942087173461914
training_1966,D,letter,-0.6410837173461914
training_3073,A,letter,-3.187546968460083
training_3073,B,letter,-3.812546968460083
training_3073,C,letter,-2.984421968460083
training_3073,D,letter,-0.125046893954277
training_0353,A,letter,-5.285057067871094
training_0353,B,letter,-5.269432067871094
training_0353,C,letter,-1.4413073062896729
training_0353,D,letter,-0.2850572466850281
training_1164,A,present,-3.4062500074505806
training_1164,B,present,-1.3125000447034836
training_1164,C,present,-2.0468750596046448
training_1164,D,present,-3.5312500949949026
training_1969,A,letter,-2.0880279541015625
training_1969,B,letter,-2.1349029541015625
training_1969,C,letter,-0.869278073310852
training_1969,D,letter,-1.088028073310852
training_2549,ABDC,perm,1.0
training_2549,A<B,pair,0.046875
training_2549,A<C,pair,0.9375000298023224
training_2549,A<D,pair,-1.0468750298023224
training_2549,B<C,pair,1.6874999403953552
training_2549,B<D,pair,0.046875
training_2549,C<D,pair,-1.7343749850988388
training_3076,A,letter,-0.8757733106613159
training_3076,B,letter,-0.938273310661316
training_3076,C,letter,-1.891398310661316
training_3076,D,letter,-3.250773429870605
training_0374,A,letter,-4.745265483856201
training_0374,B,letter,-0.0421404764056205
training_0374,C,letter,-3.542140483856201
training_0374,D,letter,-5.745265483856201
training_1185,A,present,-0.453125
training_1185,B,present,-6.281250037718564
training_1185,C,present,-2.5781249701976776
training_1185,D,present,-3.234374903142452
training_1989,A,letter,-0.3914015591144562
training_1989,B,letter,-3.672651529312134
training_1989,C,letter,-1.6414015293121338
training_1989,D,letter,-2.266401529312134
training_2555,ABDC,perm,1.0
training_2555,A<B,pair,5.765624941326678
training_2555,A<C,pair,7.015625192900188
training_2555,A<D,pair,4.578124879859388
training_2555,B<C,pair,4.031250160187483
training_2555,B<D,pair,0.6406250596046448
training_2555,C<D,pair,-2.984374944120645
training_3097,A,letter,-0.4052094221115112
training_3097,B,letter,-1.4833344221115112
training_3097,C,letter,-2.311459541320801
training_3097,D,letter,-5.045834541320801
training_0376,A,letter,-1.8380093574523928
training_0376,B,letter,-3.2286343574523926
training_0376,C,letter,-0.5723843574523926
training_0376,D,letter,-1.4473843574523926
training_1187,A,present,-4.765624769963324
training_1187,B,present,-8.64062504118192
training_1187,C,present,0.0625
training_1187,D,present,-1.6093750596046448
training_1991,A,letter,-1.0573824644088743
training_1991,B,letter,-4.666757583618164
training_1991,C,letter,-0.5417574644088745
training_1991,D,letter,-2.807382583618164
training_2557,BCAD,perm,1.0
training_2557,A<B,pair,-3.500000052154064
training_2557,A<C,pair,-1.2031250596046448
training_2557,A<D,pair,0.9062499403953552
training_2557,B<C,pair,5.125000067986548
training_2557,B<D,pair,5.484374829102308
training_2557,C<D,pair,1.8750000596046448
training_3099,A,letter,-0.8566291332244873
training_3099,B,letter,-5.216004371643066
training_3099,C,letter,-0.9816291332244872
training_3099,D,letter,-1.6378791332244873
training_0378,A,letter,-3.4116830825805664
training_0378,B,letter,-0.8648081421852112
training_0378,C,letter,-0.6460581421852112
training_0378,D,letter,-3.9273080825805664
training_1189,A,present,-2.796875096857548
training_1189,B,present,-2.406250052154064
training_1189,C,present,-3.4843748919665813
training_1189,D,present,-1.2656249701976776
training_1993,A,letter,-1.4312036037445068
training_1993,B,letter,-2.118703603744507
training_1993,C,letter,-2.478078603744507
training_1993,D,letter,-0.5874536633491516
training_2559,CBDA,perm,1.0
training_2559,A<B,pair,-2.0
training_2559,A<C,pair,-2.4843749925494194
training_2559,A<D,pair,-1.6406249701976776
training_2559,B<C,pair,-0.09375
training_2559,B<D,pair,0.7031249701976776
training_2559,C<D,pair,1.5937500447034836
training_3101,A,letter,-1.326676845550537
training_3101,B,letter,-0.7173018455505371
training_3101,C,letter,-2.764176845550537
training_3101,D,letter,-1.701676845550537
training_0381,A,letter,-4.385406017303467
training_0381,B,letter,-0.1197811067104339
training_0381,C,letter,-4.557281017303467
training_0381,D,letter,-2.432281017303467
training_1192,A,present,-2.6562499403953552
training_1192,B,present,-9.062500066764189
training_1192,C,present,-6.562500143889338
training_1192,D,present,-6.921875169384293
training_1996,A,letter,-2.4888389110565186
training_1996,B,letter,-0.7075889110565186
training_1996,C,letter,-1.0825889110565186
training_1996,D,letter,-2.4888389110565186
training_3104,A,letter,-2.5532643795013428
training_3104,B,letter,-3.4907643795013428
training_3104,C,letter,-0.1313894689083099
training_3104,D,letter,-4.256389617919922
training_0382,A,letter,-3.7636988162994394
training_0382,B,letter,-2.0605738162994385
training_0382,C,letter,-4.029324054718018
training_0382,D,letter,-0.1855738908052444
training_1193,A,present,-1.6718749403953552
training_1193,B,present,-9.312500322586857
training_1193,C,present,-7.93749979470158
training_1193,D,present,-1.0468750298023224
training_1997,A,letter,-0.0920313447713851
training_1997,B,letter,-4.701406478881836
training_1997,C,letter,-3.092031240463257
training_1997,D,letter,-3.435781240463257
training_3105,A,letter,-0.1170701757073402
training_3105,B,letter,-2.913945198059082
training_3105,C,letter,-3.367070198059082
training_3105,D,letter,-3.851445198059082
training_0383,A,letter,-0.5700743198394775
training_0383,B,letter,-1.835699319839477
training_0383,C,letter,-3.320074319839477
training_0383,D,letter,-1.4450743198394775
training_1194,A,present,3.000000052154064
training_1194,B,present,-2.249999918043613
training_1194,C,present,-7.031249884748831
training_1194,D,present,-4.062500100582838
training_1998,A,letter,-2.5688459873199463
training_1998,B,letter,-0.7719709277153015
training_1998,C,letter,-3.2563459873199463
training_1998,D,letter,-0.8657209277153015
training_2561,ABDC,perm,1.0
training_2561,A<B,pair,0.6875
training_2561,A<C,pair,1.5156249552965164
training_2561,A<D,pair,3.078124985098839
training_2561,B<C,pair,0.7343750298023224
training_2561,B<D,pair,2.328125037252903
training_2561,C<D,pair,0.9218749403953552
training_3106,A,letter,-1.0423040390014648
training_3106,B,letter,-0.7923040390014648
training_3106,C,letter,-3.479804039001465
training_3106,D,letter,-1.8235540390014648
training_0385,A,letter,-2.491109848022461
training_0385,B,letter,-5.584859848022461
training_0385,C,letter,-0.2254849374294281
training_0385,D,letter,-2.178609848022461
training_1196,A,present,-5.453124826774001
training_1196,B,present,-1.4843750596046448
training_1196,C,present,-2.562499962747097
training_1196,D,present,-4.843750060535967
training_2000,A,letter,-2.492587089538574
training_2000,B,letter,-0.1175871938467025
training_2000,C,letter,-4.976962089538574
training_2000,D,letter,-3.898837089538574
training_2563,CBDA,perm,1.0
training_2563,A<B,pair,-1.8750000894069672
training_2563,A<C,pair,-1.5781250447034836
training_2563,A<D,pair,-1.6406249403953552
training_2563,B<C,pair,0.5
training_2563,B<D,pair,2.312500111758709
training_2563,C<D,pair,0.390625
training_3108,A,letter,-1.1825613975524902
training_3108,B,letter,-2.5575613975524902
training_3108,C,letter,-0.6669363379478455
training_3108,D,letter,-2.3075613975524902
training_3535,A,letter,-10.01602268218994
training_3535,B,letter,-0.0003973648126702
training_3535,C,letter,-8.281647682189941
training_3537,A,letter,-8.094609260559082
training_3537,B,letter,-8.500859260559082
training_3537,C,letter,-0.0008594871615059
training_3542,A,letter,-7.737976551055908
training_3542,B,letter,-5.956726551055908
training_3542,C,letter,-0.0036013764329254
training_3544,A,letter,-9.25062370300293
training_3544,B,letter,-0.0006233894382603
training_3544,C,letter,-7.8599982261657715
training_3546,A,letter,-5.7594499588012695
training_3546,B,letter,-0.0094497529789805
training_3546,C,letter,-5.3844499588012695
training_3548,A,letter,-0.0525562763214111
training_3548,B,letter,-3.240056276321411
training_3548,C,letter,-4.755681037902832
training_3550,A,letter,-0.1584581285715103
training_3550,B,letter,-2.0490832328796387
training_3550,C,letter,-4.470958232879639
training_3552,A,letter,-0.1689213067293167
training_3552,B,letter,-2.7939212322235107
training_3552,C,letter,-2.3876712322235107
training_3555,A,letter,-1.6854314804077148
training_3555,B,letter,-1.3573064804077148
training_3555,C,letter,-0.5916815400123596
training_3559,A,letter,-3.69845461845398
training_3559,B,letter,-0.8390796184539795
training_3559,C,letter,-0.6203296184539795
training_3562,A,letter,-4.93117618560791
training_3562,B,letter,-0.0093014230951666
training_3562,C,letter,-6.57180118560791
training_3564,A,letter,-0.3193348050117492
training_3564,B,letter,-7.272459983825684
training_3564,C,letter,-1.3037097454071045
training_3567,A,letter,-0.0005654881824739
training_3567,B,letter,-8.406815528869629
training_3567,C,letter,-8.297440528869629
training_3569,A,letter,-3.782684803009033
training_3569,B,letter,-4.954559803009033
training_3569,C,letter,-0.0326848067343235
training_3571,A,letter,-0.2199991196393966
training_3571,B,letter,-1.829374074935913
training_3571,C,letter,-3.344999074935913
training_3573,A,letter,-7.532167911529541
training_3573,B,letter,-8.8759183883667
training_3573,C,letter,-0.0009180859779007
training_3576,A,letter,-9.157998085021973
training_3576,B,letter,-0.0017483439296483
training_3576,C,letter,-6.548623561859131
training_3579,A,letter,-0.0534699782729148
training_3579,B,letter,-5.584720134735107
training_3579,C,letter,-3.0534698963165283
training_3584,A,letter,-6.843307495117188
training_3584,B,letter,-0.015182526782155
training_3584,C,letter,-4.312057495117188
training_3585,A,letter,-3.058727502822876
training_3585,B,letter,-0.4493525624275207
training_3585,C,letter,-1.183727502822876
training_3968,A,letter,-1.9811995029449463
training_3968,B,letter,-1.0124495029449463
training_3968,C,letter,-0.7311995029449463
training_3968,D,letter,-4.106199264526367
training_3970,A,letter,-4.305384635925293
training_3970,B,letter,-2.211634397506714
training_3970,C,letter,-0.5553843975067139
training_3970,D,letter,-1.196009397506714
training_3590,A,letter,-5.032081604003906
training_3590,B,letter,-0.4852065443992615
training_3590,C,letter,-0.9852065443992616
training_3594,A,letter,-3.2622148990631104
training_3594,B,letter,-5.7309651374816895
training_3594,C,letter,-0.0434649065136909
training_3596,A,letter,-1.219893217086792
training_3596,B,letter,-2.188643217086792
training_3596,C,letter,-0.532393217086792
training_3599,A,letter,-8.423863410949707
training_3599,B,letter,-0.0019885781221091
training_3599,C,letter,-6.611363410949707
training_3602,A,letter,-7.927730083465576
training_3602,B,letter,-3.912105083465576
training_3602,C,letter,-0.021480182185769
training_3974,A,letter,-3.742946147918701
training_3974,B,letter,-4.399196147918701
training_3974,C,letter,-0.0710711628198623
training_3974,D,letter,-3.430446147918701
training_3606,A,letter,-0.0396894961595535
training_3606,B,letter,-3.508439540863037
training_3606,C,letter,-4.852189540863037
training_3975,A,letter,-1.7037111520767212
training_3975,B,letter,-1.5787111520767212
training_3975,C,letter,-1.1724611520767212
training_3975,D,letter,-1.2037111520767212
training_3607,A,letter,-0.3330168426036834
training_3607,B,letter,-3.536141872406006
training_3607,C,letter,-1.379891872406006
training_3977,A,letter,-2.000494718551636
training_3977,B,letter,-1.5161197185516355
training_3977,C,letter,-0.609869658946991
training_3977,D,letter,-2.297369718551636
training_3609,A,letter,-1.6293576955795288
training_3609,B,letter,-0.23873271048069
training_3609,C,letter,-4.254357814788818
training_3612,A,letter,-0.1408559828996658
training_3612,B,letter,-2.0471060276031494
training_3612,C,letter,-6.45335578918457
training_3613,A,letter,-0.8434411287307739
training_3613,B,letter,-0.905941128730774
training_3613,C,letter,-1.812191128730774
training_3982,A,letter,-2.891329050064087
training_3982,B,letter,-1.860079050064087
training_3982,C,letter,-0.3444540500640869
training_3982,D,letter,-2.531954050064087
training_3984,A,letter,-0.5375291109085083
training_3984,B,letter,-2.7875289916992188
training_3984,C,letter,-1.0687791109085083
training_3984,D,letter,-4.600028991699219
training_3985,A,letter,-1.0079855918884275
training_3985,B,letter,-4.445485591888428
training_3985,C,letter,-3.023610591888428
training_3985,D,letter,-0.5548605918884277
training_3986,A,letter,-3.2666523456573486
training_3986,B,letter,-3.5635273456573486
training_3986,C,letter,-0.5322774052619934
training_3986,D,letter,-1.0635273456573486
training_3987,A,letter,-0.8930833339691162
training_3987,B,letter,-3.018083333969116
training_3987,C,letter,-1.0337083339691162
training_3987,D,letter,-1.6899583339691162
training_3988,A,letter,-4.042845726013184
training_3988,B,letter,-1.0272207260131836
training_3988,C,letter,-0.4803456962108612
training_3988,D,letter,-5.245970726013184
training_3990,A,letter,-0.863193154335022
training_3990,B,letter,-0.988193154335022
training_3990,C,letter,-1.628818154335022
training_3990,D,letter,-4.722568035125732
training_3620,A,letter,-1.4720934629440308
training_3620,B,letter,-4.01896858215332
training_3620,C,letter,-0.3002184331417084
training_3623,A,letter,-7.501426696777344
training_3623,B,letter,-0.0014265133067965
training_3623,C,letter,-7.610801696777344
training_3626,A,letter,-0.9646221399307252
training_3626,B,letter,-1.933372139930725
training_3626,C,letter,-0.7614971399307251
training_3630,A,letter,-0.3855967223644256
training_3630,B,letter,-1.182471752166748
training_3630,C,letter,-4.651221752166748
training_3632,A,letter,-6.762721538543701
training_3632,B,letter,-4.559596538543701
training_3632,C,letter,-0.0127214584499597
training_3636,A,letter,-1.572857141494751
training_3636,B,letter,-2.588482141494751
training_3636,C,letter,-0.3384822010993957
training_3638,A,letter,-0.7823728919029236
training_3638,B,letter,-0.9229978919029236
training_3638,C,letter,-1.9542479515075684
training_3640,A,letter,-3.669968366622925
training_3640,B,letter,-4.201218605041504
training_3640,C,letter,-0.0449684672057628
training_3996,A,letter,-1.1866302490234375
training_3996,B,letter,-4.0772552490234375
training_3996,C,letter,-3.8741302490234375
training_3996,D,letter,-0.4210052192211151
training_3642,A,letter,-1.9375351667404173
training_3642,B,letter,-1.5312851667404177
training_3642,C,letter,-0.4531601667404175
training_3998,A,letter,-0.2970304787158966
training_3998,B,letter,-5.281405448913574
training_3998,C,letter,-1.4376554489135742
training_3998,D,letter,-4.281405448913574
training_4000,A,letter,-2.738893508911133
training_4000,B,letter,-0.3170185387134552
training_4000,C,letter,-5.488893508911133
training_4000,D,letter,-1.5982685089111328
training_3643,A,letter,-7.307837963104248
training_3643,B,letter,-0.010962851345539
training_3643,C,letter,-4.651587963104248
training_3646,A,letter,-5.445263385772705
training_3646,B,letter,-6.054638385772705
training_3646,C,letter,-0.0077633331529796
training_3649,A,letter,-0.0397299379110336
training_3649,B,letter,-3.774104833602905
training_3649,C,letter,-4.227230072021484
training_3652,A,letter,-8.328959465026855
training_3652,B,letter,-8.188334465026855
training_3652,C,letter,-0.0008344743982888
training_3656,A,letter,-0.9960069060325624
training_3656,B,letter,-0.4960069060325622
training_3656,C,letter,-3.964756965637207
training_3658,A,letter,-5.36836576461792
training_3658,B,letter,-6.00899076461792
training_3658,C,letter,-0.0089909937232732
training_4002,A,letter,-1.160933494567871
training_4002,B,letter,-0.8796834945678711
training_4002,C,letter,-2.739058494567871
training_4002,D,letter,-1.582808494567871
training_3663,A,letter,-2.371342897415161
training_3663,B,letter,-2.480717897415161
training_3663,C,letter,-0.1994679421186447
training_3665,A,letter,-1.331613540649414
training_3665,B,letter,-4.144113540649414
training_3665,C,letter,-0.3316135704517364
training_4005,A,letter,-3.7692713737487793
training_4005,B,letter,-4.378646373748779
training_4005,C,letter,-3.5661463737487797
training_4005,D,letter,-0.0661464929580688
training_4007,A,letter,-0.7640954256057739
training_4007,B,letter,-2.6234703063964844
training_4007,C,letter,-0.951595425605774
training_4007,D,letter,-2.5922203063964844
training_3668,A,letter,-5.228156566619873
training_3668,B,letter,-3.415656566619873
training_3668,C,letter,-0.0406565740704536
training_3670,A,letter,-0.7676013708114624
training_3670,B,letter,-3.267601490020752
training_3670,C,letter,-0.7051013708114624
training_3672,A,letter,-4.939677238464356
training_3672,B,letter,-0.0178021006286144
training_3672,C,letter,-4.767802238464356
training_4010,A,letter,-3.1228487491607666
training_4010,B,letter,-0.9822238087654114
training_4010,C,letter,-3.3259737491607666
training_4010,D,letter,-0.6072238087654114
training_3674,A,letter,-4.31252908706665
training_3674,B,letter,-6.65627908706665
training_3674,C,letter,-0.0156540628522634
training_4012,A,letter,-0.7046376466751099
training_4012,B,letter,-1.54838764667511
training_4012,C,letter,-1.8921376466751096
training_4012,D,letter,-1.9546376466751096
training_4016,A,letter,-0.8938250541687012
training_4016,B,letter,-1.8469500541687007
training_4016,C,letter,-1.4719500541687012
training_4016,D,letter,-1.5969500541687012
training_4018,A,letter,-2.944699287414551
training_4018,B,letter,-1.1946994066238403
training_4018,C,letter,-0.9446994066238404
training_4018,D,letter,-1.3665744066238403
training_3677,A,letter,-2.3207480907440186
training_3677,B,letter,-0.9926230907440186
training_3677,C,letter,-0.6488730907440186
training_3680,A,letter,-0.0004308487405069
training_3680,B,letter,-9.125431060791016
training_3680,C,letter,-8.406681060791016
training_4021,A,letter,-1.8918203115463257
training_4021,B,letter,-2.3449454307556152
training_4021,C,letter,-1.1105703115463257
training_4021,D,letter,-0.8605703115463257
training_4022,A,letter,-1.3739598989486694
training_4022,B,letter,-1.1864598989486694
training_4022,C,letter,-1.5145848989486694
training_4022,D,letter,-1.5145848989486694
training_4023,A,letter,-2.51273512840271
training_4023,B,letter,-0.4658600687980652
training_4023,C,letter,-1.59086012840271
training_4023,D,letter,-2.45023512840271
training_3686,A,letter,-0.10849629342556
training_3686,B,letter,-2.733496189117432
training_3686,C,letter,-3.358496189117432
training_3688,A,letter,-3.88574743270874
training_3688,B,letter,-2.43262243270874
training_3688,C,letter,-0.120122417807579
training_3690,A,letter,-8.080629348754883
training_3690,B,letter,-0.0025045475922524
training_3690,C,letter,-6.533754348754883
training_4028,A,letter,-0.5602637529373169
training_4028,B,letter,-1.169638752937317
training_4028,C,letter,-2.279013633728028
training_4028,D,letter,-4.169638633728027
training_4030,A,letter,-2.6331353187561035
training_4030,B,letter,-2.6018853187561035
training_4030,C,letter,-5.273760318756104
training_4030,D,letter,-0.1643853187561035
training_4031,A,letter,-0.6286103129386902
training_4031,B,letter,-3.206735372543335
training_4031,C,letter,-1.487985372543335
training_4031,D,letter,-1.612985372543335
training_4032,A,letter,-2.307623863220215
training_4032,B,letter,-1.7919988632202148
training_4032,C,letter,-0.7138739228248596
training_4032,D,letter,-1.4169988632202148
training_4034,A,letter,-2.099754095077514
training_4034,B,letter,-2.443504095077514
training_4034,C,letter,-3.584129095077514
training_4034,D,letter,-0.2716290354728699
training_4036,A,letter,-1.683382272720337
training_4036,B,letter,-5.105257511138916
training_4036,C,letter,-4.308382511138916
training_4036,D,letter,-0.2302573025226593
training_3697,A,letter,-2.705697536468506
training_3697,B,letter,-0.7213224172592163
training_3697,C,letter,-0.8150724172592163
training_3699,A,letter,-0.025168964639306
training_3699,B,letter,-5.447043895721436
training_3699,C,letter,-3.915793895721436
training_4038,A,letter,-0.2867391407489776
training_4038,B,letter,-5.208614349365234
training_4038,C,letter,-2.1304891109466557
training_4038,D,letter,-2.0836141109466557
training_3702,A,letter,-0.4532973170280456
training_3702,B,letter,-1.1407973766326904
training_3702,C,letter,-3.2032973766326904
training_3705,A,letter,-4.219017505645752
training_3705,B,letter,-0.0627675279974937
training_3705,C,letter,-3.140892505645752
training_4043,A,letter,-0.8670558929443359
training_4043,B,letter,-5.882680892944336
training_4043,C,letter,-0.5545558929443359
training_4043,D,letter,-6.085805892944336
training_3707,A,letter,-1.0888642072677612
training_3707,B,letter,-2.104489326477051
training_3707,C,letter,-0.6201142072677612
training_4045,A,letter,-6.663302898406982
training_4045,B,letter,-5.710177898406982
training_4045,C,letter,-0.0070531195960938
training_4045,D,letter,-6.069552898406982
training_3709,A,letter,-8.957090377807617
training_3709,B,letter,-5.644590377807617
training_3709,C,letter,-0.0039656106382608
training_4048,A,letter,-9.640932083129885
training_4048,B,letter,-9.922182083129885
training_4048,C,letter,-0.0003066784702241
training_4048,D,letter,-8.625307083129883
training_3711,A,letter,-0.9195767641067504
training_3711,B,letter,-2.232076644897461
training_3711,C,letter,-0.7320767641067505
training_3714,A,letter,-1.916632056236267
training_3714,B,letter,-3.5728821754455566
training_3714,C,letter,-0.1978820860385894
training_4050,A,letter,-0.6686700582504272
training_4050,B,letter,-2.153045177459717
training_4050,C,letter,-1.1061700582504272
training_4050,D,letter,-3.231170177459717
training_3715,A,letter,-0.5547070503234863
training_3715,B,letter,-1.4609570503234863
training_3715,C,letter,-1.6797070503234863
training_4052,A,letter,-1.0093250274658203
training_4052,B,letter,-0.7280750274658203
training_4052,C,letter,-2.5562000274658203
training_4052,D,letter,-2.6030750274658203
training_3716,A,letter,-1.4160432815551758
training_3716,B,letter,-0.5566683411598206
training_3716,C,letter,-1.7285432815551758
training_3717,A,letter,-5.275834560394287
training_3717,B,letter,-0.0102093610912561
training_3717,C,letter,-5.572709560394287
training_4056,A,letter,-1.230334758758545
training_4056,B,letter,-2.199084758758545
training_4056,C,letter,-1.730334758758545
training_4056,D,letter,-0.8709597587585449
training_3719,A,letter,-3.1346914768218994
training_3719,B,letter,-2.1503164768218994
training_3719,C,letter,-0.181566521525383
training_4059,A,letter,-2.803150177001953
training_4059,B,letter,-0.0687750726938247
training_4059,C,letter,-6.209400177001953
training_4059,D,letter,-5.631275177001953
training_4060,A,letter,-3.265956163406372
training_4060,B,letter,-2.109706163406372
training_4060,C,letter,-4.484706401824951
training_4060,D,letter,-0.1878312528133392
training_4062,A,letter,-3.5039563179016118
training_4062,B,letter,-4.035206317901611
training_4062,C,letter,-1.738331317901611
training_4062,D,letter,-0.2539563775062561
training_4064,A,letter,-1.9955828189849851
training_4064,B,letter,-0.5112077593803406
training_4064,C,letter,-2.7768328189849854
training_4064,D,letter,-1.6049578189849854
training_3726,A,letter,-2.7717390060424805
training_3726,B,letter,-1.1467390060424805
training_3726,C,letter,-0.4904889762401581
training_3728,A,letter,-4.235412120819092
training_3728,B,letter,-1.0322868824005127
training_3728,C,letter,-0.4697869420051574
training_4065,A,letter,-4.887411117553711
training_4065,B,letter,-0.6061609387397766
training_4065,C,letter,-1.0592858791351318
training_4065,D,letter,-2.309285879135132
training_3729,A,letter,-0.2288144826889038
training_3729,B,letter,-1.7131894826889038
training_3729,C,letter,-3.838189601898194
training_3731,A,letter,-6.621798515319824
training_3731,B,letter,-4.684298515319824
training_3731,C,letter,-0.0124233914539217
training_3733,A,letter,-1.13332998752594
training_3733,B,letter,-5.27395486831665
training_3733,C,letter,-0.3989550173282623
training_3736,A,letter,-5.679829120635986
training_3736,B,letter,-0.7735790610313416
training_3736,C,letter,-0.6329540610313416
training_3740,A,letter,-0.903222918510437
training_3740,B,letter,-3.0125980377197266
training_3740,C,letter,-0.621972918510437
training_3743,A,letter,-2.6320009231567383
training_3743,B,letter,-0.1945008486509323
training_3743,C,letter,-2.2882509231567383
training_3746,A,letter,-6.424926280975342
training_3746,B,letter,-7.503051280975342
training_3746,C,letter,-0.0030512702651321
training_3748,A,letter,-10.064035415649414
training_3748,B,letter,-0.0015355474315583
training_3748,C,letter,-6.642160415649414
training_3750,A,letter,-2.4880409240722656
training_3750,B,letter,-4.847415924072266
training_3750,C,letter,-0.0974158197641372
training_3753,A,letter,-0.1882954686880111
training_3753,B,letter,-1.7820454835891724
training_3753,C,letter,-5.969545364379883
training_3755,A,letter,-1.1230990886688232
training_3755,B,letter,-5.154349327087402
training_3755,C,letter,-0.4043490886688232
training_3757,A,letter,-8.797598838806152
training_3757,B,letter,-8.094473838806152
training_3757,C,letter,-0.0007242917199619
training_3759,A,letter,-8.330760955810547
training_3759,B,letter,-6.174510955810547
training_3759,C,letter,-0.0026361735071986
training_3762,A,letter,-0.0047665303573012
training_3762,B,letter,-5.989141464233398
training_3762,C,letter,-6.395391464233398
training_3765,A,letter,-0.0024788624141365
training_3765,B,letter,-8.50247859954834
training_3765,C,letter,-6.221229076385498
training_3767,A,letter,-5.83582878112793
training_3767,B,letter,-0.0077035957947373
training_3767,C,letter,-5.61707878112793
training_3772,A,letter,-7.969854354858398
training_3772,B,letter,-8.266729354858398
training_3772,C,letter,-0.0011045790743082
training_3774,A,letter,-0.0025474736467003
training_3774,B,letter,-6.299422264099121
training_3774,C,letter,-7.736922264099121
training_3776,A,letter,-8.735270500183105
training_3776,B,letter,-0.0008953376673161
training_3776,C,letter,-7.7196455001831055
training_3780,A,letter,-0.3424166738986969
training_3780,B,letter,-1.4517916440963743
training_3780,C,letter,-2.951791763305664
training_3782,A,letter,-5.3655500411987305
training_3782,B,letter,-1.787424921989441
training_3782,C,letter,-0.1936749666929245
training_3784,A,letter,-3.1124837398529053
training_3784,B,letter,-5.831233978271484
training_3784,C,letter,-0.0499837696552276
training_3786,A,letter,-0.2032606899738311
training_3786,B,letter,-3.234510660171509
training_3786,C,letter,-1.9532606601715088
training_3789,A,letter,-0.0295121315866708
training_3789,B,letter,-3.9670121669769287
training_3789,C,letter,-4.95138692855835
training_3791,A,letter,-0.0012194823939353
training_3791,B,letter,-8.313719749450684
training_3791,C,letter,-7.391844272613525
training_3793,A,letter,-9.532782554626465
training_3793,B,letter,-0.0015320956008508
training_3793,C,letter,-6.939032077789307
training_3796,A,letter,-4.0976338386535645
training_3796,B,letter,-7.4101338386535645
training_3796,C,letter,-0.0195086318999528
training_3798,A,letter,-0.3959329128265381
training_3798,B,letter,-3.770932912826538
training_3798,C,letter,-1.317807912826538
training_3801,A,letter,-0.5837365388870239
training_3801,B,letter,-4.489986419677734
training_3801,C,letter,-0.8493615388870239
training_3803,A,letter,-1.3970531225204468
training_3803,B,letter,-0.3033031225204468
training_3803,C,letter,-4.615803241729736
training_3805,A,letter,-4.885200023651123
training_3805,B,letter,-0.0101999212056398
training_3805,C,letter,-6.478950023651123
training_3809,A,letter,-6.023238658905029
training_3809,B,letter,-3.945113658905029
training_3809,C,letter,-0.0232386905699968
training_3811,A,letter,-0.1640878170728683
training_3811,B,letter,-3.8515877723693848
training_3811,C,letter,-2.0859627723693848
training_3813,A,letter,-0.9452418684959412
training_3813,B,letter,-2.413991928100586
training_3813,C,letter,-0.6952418684959412
training_3816,A,letter,-0.0712900981307029
training_3816,B,letter,-3.3837900161743164
training_3816,C,letter,-3.3994150161743164
training_3818,A,letter,-0.045915201306343
training_3818,B,letter,-3.733415126800537
training_3818,C,letter,-4.202165126800537
training_3820,A,letter,-0.6265928745269775
training_3820,B,letter,-0.7828428745269775
training_3820,C,letter,-5.142217636108398
training_3823,A,letter,-7.70925235748291
training_3823,B,letter,-5.84987735748291
training_3823,C,letter,-0.0061271446757018
training_3826,A,letter,-3.968686819076538
training_3826,B,letter,-4.593687057495117
training_3826,C,letter,-0.0468119010329246
training_3828,A,letter,-3.326947927474976
training_3828,B,letter,-1.1238229274749756
training_3828,C,letter,-0.4519479870796203
training_3830,A,letter,-0.0113253574818372
training_3830,B,letter,-6.886325359344482
training_3830,C,letter,-4.683200359344482
training_3832,A,letter,-8.0658540725708
training_3832,B,letter,-0.0033542818855494
training_3832,C,letter,-6.018979072570801
training_3834,A,letter,-4.345437526702881
training_3834,B,letter,-1.7673126459121704
training_3834,C,letter,-0.2048126012086868
training_3836,A,letter,-4.174455642700195
training_3836,B,letter,-0.0182057991623878
training_3836,C,letter,-6.299455642700195
training_3839,A,letter,-0.4331767857074737
training_3839,B,letter,-1.6050517559051514
training_3839,C,letter,-1.9331767559051516
training_3843,A,letter,-1.6607370376586914
training_3843,B,letter,-2.1294870376586914
training_3843,C,letter,-0.3794870674610138
training_3845,A,letter,-3.1897895336151123
training_3845,B,letter,-1.4241645336151123
training_3845,C,letter,-0.3460395038127899
training_3847,A,letter,-2.4418766498565674
training_3847,B,letter,-1.551251769065857
training_3847,C,letter,-0.3637517392635345
training_3849,A,letter,-5.048159122467041
training_3849,B,letter,-0.6731592416763306
training_3849,C,letter,-0.7356592416763306
training_3851,A,letter,-0.4179612100124359
training_3851,B,letter,-1.3554612398147583
training_3851,C,letter,-2.5117111206054688
training_3853,A,letter,-0.5263912677764893
training_3853,B,letter,-2.7451412677764893
training_3853,C,letter,-1.0888912677764893
training_3855,A,letter,-2.70654821395874
training_3855,B,letter,-0.831548273563385
training_3855,C,letter,-0.769048273563385
training_3857,A,letter,-0.0257029738277196
training_3857,B,letter,-4.306952953338623
training_3857,C,letter,-4.681952953338623
training_3859,A,letter,-3.6611173152923584
training_3859,B,letter,-2.3798673152923584
training_3859,C,letter,-0.1298672705888748
training_3861,A,letter,-4.310669898986816
training_3861,B,letter,-1.6700447797775269
training_3861,C,letter,-0.232544794678688
training_3863,A,letter,-0.0227109380066394
training_3863,B,letter,-3.8508360385894775
training_3863,C,letter,-7.288335800170898
training_3866,A,letter,-0.4048259556293487
training_3866,B,letter,-1.1860759258270264
training_3866,C,letter,-3.8423259258270255
training_3868,A,letter,-0.0394260622560977
training_3868,B,letter,-5.383175849914551
training_3868,C,letter,-3.43005108833313
training_3870,A,letter,-0.0938566327095031
training_3870,B,letter,-5.5469818115234375
training_3870,C,letter,-2.4844815731048584
training_3873,A,letter,-5.10482931137085
training_3873,B,letter,-5.93295431137085
training_3873,C,letter,-0.0110793393105268
training_3877,A,letter,-5.058303356170654
training_3877,B,letter,-0.0114284856244921
training_3877,C,letter,-5.683303356170654
training_3880,A,letter,-2.5693750381469727
training_3880,B,letter,-0.1318750083446502
training_3880,C,letter,-3.1318750381469727
training_3882,A,letter,-7.9544196128845215
training_3882,B,letter,-7.8762946128845215
training_3882,C,letter,-0.0012944899499416
training_3886,A,letter,-0.0617822743952274
training_3886,B,letter,-5.218032360076904
training_3886,C,letter,-2.9680323600769043
training_3889,A,letter,-0.8104566931724548
training_3889,B,letter,-2.8104567527771
training_3889,C,letter,-0.7479566931724548
training_3892,A,letter,-0.4320676028728485
training_3892,B,letter,-2.869567632675171
training_3892,C,letter,-1.353942632675171
training_3895,A,letter,-3.827191114425659
training_3895,B,letter,-0.045941162854433
training_3895,C,letter,-3.858441114425659
training_3897,A,letter,-0.0039343819953501
training_3897,B,letter,-6.488309383392334
training_3897,C,letter,-6.410184383392334
training_3899,A,letter,-6.741611957550049
training_3899,B,letter,-0.0072371703572571
training_3899,C,letter,-5.366611957550049
training_4068,A,letter,-6.186380863189697
training_4068,B,letter,-3.2801311016082764
training_4068,C,letter,-5.311380863189697
training_4068,D,letter,-0.0457560159265995
training_3903,A,letter,-5.997349739074707
training_3903,B,letter,-3.762974739074707
training_3903,C,letter,-0.0285996627062559
training_4069,A,letter,-5.314296245574951
training_4069,B,letter,-4.454921245574951
training_4069,C,letter,-0.0174211990088224
training_4069,D,letter,-7.392421245574951
training_4072,A,letter,-0.0570002682507038
training_4072,B,letter,-4.525750160217285
training_4072,C,letter,-5.478875160217285
training_4072,D,letter,-3.213250160217285
training_3905,A,letter,-4.260136604309082
training_3905,B,letter,-0.1820117980241775
training_3905,C,letter,-1.900761842727661
training_4075,A,letter,-1.8247218132019043
training_4075,B,letter,-0.2309717684984207
training_4075,C,letter,-4.137221813201904
training_4075,D,letter,-3.5590968132019043
training_3906,A,letter,-0.0031302997376769
training_3906,B,letter,-6.753130435943604
training_3906,C,letter,-6.534380435943604
training_3908,A,letter,-7.299756050109863
training_3908,B,letter,-0.0028808305505663
training_3908,C,letter,-6.299756050109863
training_3910,A,letter,-6.146833419799805
training_3910,B,letter,-5.740583419799805
training_3910,C,letter,-0.0062081827782094
training_3913,A,letter,-0.0171636696904897
training_3913,B,letter,-4.2046637535095215
training_3913,C,letter,-6.5171637535095215
training_3915,A,letter,-0.0841479077935218
training_3915,B,letter,-2.584147930145264
training_3915,C,letter,-5.490397930145264
training_3920,A,letter,-6.79890775680542
training_3920,B,letter,-7.70515775680542
training_3920,C,letter,-0.0020327160600572
training_4078,A,letter,-0.4650600552558899
training_4078,B,letter,-2.027559995651245
training_4078,C,letter,-1.6994349956512451
training_4078,D,letter,-2.871309995651245
training_3922,A,letter,-8.188233375549316
training_3922,B,letter,-8.500733375549316
training_3922,C,letter,-0.0007334641413763
training_4080,A,letter,-0.2533040344715118
training_4080,B,letter,-2.331429004669189
training_4080,C,letter,-4.9408040046691895
training_4080,D,letter,-2.128304004669189
training_4081,A,letter,-0.9654520750045776
training_4081,B,letter,-2.168577194213867
training_4081,C,letter,-1.3717020750045776
training_4081,D,letter,-1.3873270750045776
training_4083,A,letter,-1.485222578048706
training_4083,B,letter,-2.453972578048706
training_4083,C,letter,-0.5633476376533508
training_4083,D,letter,-2.141472578048706
training_3926,A,letter,-2.121234893798828
training_3926,B,letter,-5.511859893798828
training_3926,C,letter,-0.1368598937988281
training_4086,A,letter,-6.416379928588867
training_4086,B,letter,-4.588254928588867
training_4086,C,letter,-2.447629928588867
training_4086,D,letter,-0.1038799583911895
training_4087,A,letter,-1.9279593229293823
training_4087,B,letter,-0.9748343229293824
training_4087,C,letter,-1.4435843229293823
training_4087,D,letter,-1.4279593229293823
training_3932,A,letter,-7.0853471755981445
training_3932,B,letter,-0.0384720154106617
training_3932,C,letter,-3.335346937179565
training_4093,A,letter,-1.3857711553573608
training_4093,B,letter,-2.6201462745666504
training_4093,C,letter,-2.0420212745666504
training_4093,D,letter,-0.6045211553573608
training_3936,A,letter,-0.1337374299764633
training_3936,B,letter,-2.664987325668335
training_3936,C,letter,-2.946237325668335
training_4096,A,letter,-0.6412988305091858
training_4096,B,letter,-2.219423770904541
training_4096,C,letter,-1.672548770904541
training_4096,D,letter,-1.735048770904541
training_3938,A,letter,-3.631303548812866
training_3938,B,letter,-4.709428787231445
training_3938,C,letter,-0.0375535674393177
training_3940,A,letter,-3.951822280883789
training_3940,B,letter,-0.0299473442137241
training_3940,C,letter,-4.983072280883789
training_3942,A,letter,-0.0018548441585153
training_3942,B,letter,-7.98622989654541
training_3942,C,letter,-6.95497989654541
training_3946,A,letter,-2.8342909812927246
training_3946,B,letter,-0.5530410408973694
training_3946,C,letter,-1.0374159812927246
training_3948,A,letter,-5.644013404846191
training_3948,B,letter,-0.065888375043869
training_3948,C,letter,-2.8471384048461914
training_3950,A,letter,-5.334588527679443
training_3950,B,letter,-0.0064636929892003
training_3950,C,letter,-7.131463527679443
training_3953,A,letter,-1.219186305999756
training_3953,B,letter,-3.672311305999756
training_3953,C,letter,-0.3910612761974334
training_3956,A,letter,-0.5101193785667419
training_3956,B,letter,-4.588244438171387
training_3956,C,letter,-0.963244378566742
training_3958,A,letter,-0.0532889328896999
training_3958,B,letter,-6.63141393661499
training_3958,C,letter,-3.0689139366149902
training_3960,A,letter,-3.509620428085327
training_3960,B,letter,-1.8064954280853271
training_3960,C,letter,-0.2283703982830047
training_3962,A,letter,-3.929091691970825
training_3962,B,letter,-6.632216453552246
training_3962,C,letter,-0.0228416789323091
training_0001,A,letter,-0.067198134958744
training_0001,B,letter,-3.770323038101196
training_0001,C,letter,-4.551573276519775
training_0001,D,letter,-3.4890730381011963
training_0812,A,present,-0.046875
training_0812,B,present,-0.515625
training_0812,C,present,-5.625000003026798
training_0812,D,present,-2.9062499962747097
training_1623,A,letter,-2.68328595161438
training_1623,B,letter,-1.52703595161438
training_1623,C,letter,-3.76141095161438
training_1623,D,letter,-0.3707858920097351
training_2415,DCBA,perm,1.0
training_2415,A<B,pair,0.0
training_2415,A<C,pair,-0.6874999403953552
training_2415,A<D,pair,0.4999999701976776
training_2415,B<C,pair,-0.5624999403953552
training_2415,B<D,pair,0.453125
training_2415,C<D,pair,1.296875
training_2724,A,letter,-1.7822433710098269
training_2724,B,letter,-1.7041183710098269
training_2724,C,letter,-0.9072433710098268
training_2724,D,letter,-1.4072433710098269
training_0005,A,letter,-3.5475449562072754
training_0005,B,letter,-0.0319199152290821
training_0005,C,letter,-7.078794956207275
training_0005,D,letter,-6.610044956207275
training_0816,A,present,-5.2500001871958375
training_0816,B,present,-2.8281248845160007
training_0816,C,present,-9.42187477753032
training_0816,D,present,-6.4374998427229
training_1627,A,letter,-6.282495021820068
training_1627,B,letter,-7.688745021820068
training_1627,C,letter,-0.1106202527880668
training_1627,D,letter,-2.2824952602386475
training_2728,A,letter,-0.8477632403373718
training_2728,B,letter,-3.3946382999420166
training_2728,C,letter,-1.6915132999420166
training_2728,D,letter,-1.0508882999420166
training_0008,A,letter,-5.933890342712402
training_0008,B,letter,-3.9963903427124015
training_0008,C,letter,-0.0432653725147247
training_0008,D,letter,-3.8713903427124015
training_0819,A,present,-2.640624962747097
training_0819,B,present,-3.140625011175871
training_0819,C,present,-2.1718751192092896
training_0819,D,present,-2.765625
training_1630,A,letter,-0.1457956731319427
training_1630,B,letter,-6.098920822143555
training_1630,C,letter,-6.005170822143555
training_1630,D,letter,-2.036420583724976
training_2731,A,letter,-2.98720645904541
training_2731,B,letter,-4.47158145904541
training_2731,C,letter,-0.0653315186500549
training_2731,D,letter,-6.78408145904541
training_0012,A,letter,-1.5976271629333496
training_0012,B,letter,-2.8007521629333496
training_0012,C,letter,-0.5038771629333496
training_0012,D,letter,-2.0351271629333496
training_0823,A,present,-3.7031249459832902
training_0823,B,present,-1.0781250596046448
training_0823,C,present,-3.6406250428408384
training_0823,D,present,-3.531250035390258
training_1634,A,letter,-0.0500510111451149
training_1634,B,letter,-3.909425973892212
training_1634,C,letter,-3.721925973892212
training_1634,D,letter,-5.518801212310791
training_2420,DBCA,perm,1.0
training_2420,A<B,pair,-6.265625100350007
training_2420,A<C,pair,-3.734375089406967
training_2420,A<D,pair,-7.437499919149559
training_2420,B<C,pair,4.390624833293259
training_2420,B<D,pair,-0.21875
training_2420,C<D,pair,-3.4531249590218067
training_2735,A,letter,-1.5470695495605469
training_2735,B,letter,-2.718944549560547
training_2735,C,letter,-0.7501946091651917
training_2735,D,letter,-1.4064445495605469
training_0016,A,letter,-4.502370834350586
training_0016,B,letter,-2.830496072769165
training_0016,C,letter,-0.4711209833621979
training_0016,D,letter,-1.1898709535598757
training_0827,A,present,-0.03125
training_0827,B,present,-2.1093749403953552
training_0827,C,present,-1.265625
training_0827,D,present,-3.062500089406967
training_1638,A,letter,-4.140597343444824
training_1638,B,letter,-0.3280971944332123
training_1638,C,letter,-1.968722224235535
training_1638,D,letter,-2.093722105026245
training_2421,ACBD,perm,1.0
training_2421,A<B,pair,2.109375111758709
training_2421,A<C,pair,1.09375
training_2421,A<D,pair,3.171875096857548
training_2421,B<C,pair,-0.09375
training_2421,B<D,pair,1.8906249552965164
training_2421,C<D,pair,2.124999985098839
training_2739,A,letter,-3.315387010574341
training_2739,B,letter,-4.831011772155762
training_2739,C,letter,-1.9560118913650515
training_2739,D,letter,-0.2060119360685348
training_0018,A,letter,-1.9789090156555176
training_0018,B,letter,-0.6820339560508728
training_0018,C,letter,-1.5882840156555176
training_0018,D,letter,-1.9007840156555176
training_0829,A,present,-2.250000111758709
training_0829,B,present,-0.734375
training_0829,C,present,0.03125
training_0829,D,present,-4.249999957159162
training_1640,A,letter,-0.3143156766891479
training_1640,B,letter,-2.126815795898437
training_1640,C,letter,-4.7830657958984375
training_1640,D,letter,-2.626815795898437
training_2423,ABDC,perm,1.0
training_2423,A<B,pair,3.890625022351742
training_2423,A<C,pair,5.156249979976565
training_2423,A<D,pair,4.125000016763806
training_2423,B<C,pair,1.640625
training_2423,B<D,pair,-0.03125
training_2423,C<D,pair,-1.2656250298023224
training_2741,A,letter,-2.08020281791687
training_2741,B,letter,-1.64270281791687
training_2741,C,letter,-1.81457781791687
training_2741,D,letter,-0.6583278179168701
training_0021,A,letter,-1.5105736255645752
training_0021,B,letter,-2.635573625564575
training_0021,C,letter,-0.6980736255645752
training_0021,D,letter,-1.5730736255645752
training_0832,A,present,-1.7656249701976776
training_0832,B,present,-3.171875
training_0832,C,present,-1.2499999701976776
training_0832,D,present,-3.578124973922968
training_1643,A,letter,-2.964607000350952
training_1643,B,letter,-0.3864820003509521
training_1643,C,letter,-3.683357000350952
training_1643,D,letter,-1.417732000350952
training_2744,A,letter,-1.27673077583313
training_2744,B,letter,-4.573605537414551
training_2744,C,letter,-0.4329807460308075
training_2744,D,letter,-2.79235577583313
training_0023,A,letter,-1.4562394618988037
training_0023,B,letter,-1.5031144618988037
training_0023,C,letter,-0.6593645215034485
training_0023,D,letter,-3.690614461898804
training_0834,A,present,-3.4687499962747097
training_0834,B,present,-3.2968750596046448
training_0834,C,present,-3.234374921768904
training_0834,D,present,-1.5781250298023224
training_1645,A,letter,-1.0880283117294312
training_1645,B,letter,-2.6505284309387207
training_1645,C,letter,-1.6036533117294312
training_1645,D,letter,-0.9474033117294312
training_2425,DABC,perm,1.0
training_2425,A<B,pair,-0.390625
training_2425,A<C,pair,0.21875
training_2425,A<D,pair,-0.9843749701976776
training_2425,B<C,pair,0.296875
training_2425,B<D,pair,-0.828125
training_2425,C<D,pair,-0.8437500298023224
training_2746,A,letter,-2.5687901973724365
training_2746,B,letter,-0.3344151079654693
training_2746,C,letter,-1.834415078163147
training_2746,D,letter,-3.1000401973724365
training_0025,A,letter,-0.0115287750959396
training_0025,B,letter,-4.620903968811035
training_0025,C,letter,-7.058403968811035
training_0025,D,letter,-7.902153968811035
training_0836,A,present,-1.1875
training_0836,B,present,1.0624999701976776
training_0836,C,present,-0.90625
training_0836,D,present,-1.9374999850988388
training_1647,A,letter,-0.5488160252571106
training_1647,B,letter,-3.267565965652466
training_1647,C,letter,-3.861315965652466
training_1647,D,letter,-1.0175659656524658
training_2748,A,letter,-0.5300657153129578
training_2748,B,letter,-3.3894407749176025
training_2748,C,letter,-2.2956907749176025
training_2748,D,letter,-1.2956907749176023
training_0027,A,letter,-2.8212616443634038
training_0027,B,letter,-2.3368866443634038
training_0027,C,letter,-0.8056367039680481
training_0027,D,letter,-0.930636703968048
training_0838,A,present,1.828125044703484
training_0838,B,present,-3.109375111758709
training_0838,C,present,-1.2343750298023224
training_0838,D,present,-1.4531249552965164
training_1649,A,letter,-1.626184105873108
training_1649,B,letter,-0.3293091356754303
training_1649,C,letter,-2.751184225082397
training_1649,D,letter,-3.9699342250823975
training_2750,A,letter,-0.7961556911468506
training_2750,B,letter,-1.8742806911468504
training_2750,C,letter,-1.9836556911468504
training_2750,D,letter,-1.3742806911468506
training_0030,A,letter,-3.504950523376465
training_0030,B,letter,-4.286200523376465
training_0030,C,letter,-5.067450523376465
training_0030,D,letter,-0.0518254563212394
training_0841,A,present,-5.156249774154276
training_0841,B,present,-0.65625
training_0841,C,present,-0.9062499701976776
training_0841,D,present,-4.437500115483999
training_1652,A,letter,-1.6038912534713743
training_1652,B,letter,-0.9163912534713744
training_1652,C,letter,-1.2913912534713743
training_1652,D,letter,-2.103891372680664
training_2429,ADBC,perm,1.0
training_2429,A<B,pair,2.2968749701976776
training_2429,A<C,pair,1.0937499701976776
training_2429,A<D,pair,0.453125
training_2429,B<C,pair,-1.5937500447034836
training_2429,B<D,pair,-2.437500089406967
training_2429,C<D,pair,-1.3593749403953552
training_2753,A,letter,-0.6888716816902161
training_2753,B,letter,-3.9388716220855713
training_2753,C,letter,-2.0638716220855717
training_2753,D,letter,-1.0482466220855713
training_0033,A,letter,-1.6556464433670044
training_0033,B,letter,-2.108771324157715
training_0033,C,letter,-0.6868964433670044
training_0033,D,letter,-1.7025214433670044
training_0844,A,present,-3.609374949708581
training_0844,B,present,-3.7031250558793545
training_0844,C,present,-4.35937521699816
training_0844,D,present,-0.421875
training_1655,A,letter,-1.1508733034133911
training_1655,B,letter,-0.8071233034133911
training_1655,C,letter,-1.7289983034133911
training_1655,D,letter,-2.8383731842041016
training_2432,BADC,perm,1.0
training_2432,A<B,pair,-1.8437500298023224
training_2432,A<C,pair,0.9687500596046448
training_2432,A<D,pair,0.7968749701976776
training_2432,B<C,pair,3.562499890103936
training_2432,B<D,pair,2.765625085681677
training_2432,C<D,pair,0.046875
training_2756,A,letter,-4.866363525390625
training_2756,B,letter,-1.147613763809204
training_2756,C,letter,-5.991363525390625
training_2756,D,letter,-0.3976137638092041
training_0388,A,letter,-5.807159900665283
training_0388,B,letter,-0.025909760966897
training_0388,C,letter,-4.994659900665283
training_0388,D,letter,-4.182159900665283
training_1199,A,present,-3.187500074505806
training_1199,B,present,-0.359375
training_1199,C,present,-2.406250044703484
training_1199,D,present,-4.921875066123903
training_2003,A,letter,-3.823086261749268
training_2003,B,letter,-0.0574611648917198
training_2003,C,letter,-4.276211261749268
training_2003,D,letter,-3.932461261749268
training_3111,A,letter,-1.70883309841156
training_3111,B,letter,-2.5994582176208496
training_3111,C,letter,-0.5213330984115601
training_3111,D,letter,-1.89633309841156
training_0391,A,letter,-4.832619667053223
training_0391,B,letter,-1.6451196670532229
training_0391,C,letter,-0.7076196670532227
training_0391,D,letter,-1.1919946670532229
training_1202,A,present,-5.437499864958227
training_1202,B,present,-1.9687499552965164
training_1202,C,present,-3.2812499068677425
training_1202,D,present,-8.843750106490916
training_2006,A,letter,-5.216708183288574
training_2006,B,letter,-7.201083183288574
training_2006,C,letter,-0.0135832568630576
training_2006,D,letter,-4.982333183288574
training_3114,A,letter,-4.845300674438477
training_3114,B,letter,-0.0484256111085414
training_3114,C,letter,-6.189050674438477
training_3114,D,letter,-3.298425674438477
training_0395,A,letter,-0.7053952217102051
training_0395,B,letter,-4.642895221710205
training_0395,C,letter,-6.424145221710205
training_0395,D,letter,-0.7053952217102051
training_1206,A,present,-6.218749979976565
training_1206,B,present,-2.1406249403953552
training_1206,C,present,-5.734374912688509
training_1206,D,present,-3.703124959021807
training_2010,A,letter,-2.11673903465271
training_2010,B,letter,-2.30423903465271
training_2010,C,letter,-0.9917390942573548
training_2010,D,letter,-0.8979890942573547
training_3118,A,letter,-0.3478434085845947
training_3118,B,letter,-1.3478434085845947
training_3118,C,letter,-5.254093170166016
training_3118,D,letter,-3.5665934085845947
training_0397,A,letter,-5.558191776275635
training_0397,B,letter,-5.620691776275635
training_0397,C,letter,-0.3706919252872467
training_0397,D,letter,-1.1988168954849243
training_1208,A,present,-4.515625124797225
training_1208,B,present,-2.7656249068677425
training_1208,C,present,-5.624999796971679
training_1208,D,present,-5.8124997853301466
training_2012,A,letter,-2.1308462619781494
training_2012,B,letter,-0.3808463215827942
training_2012,C,letter,-2.6620962619781494
training_2012,D,letter,-2.0683462619781494
training_3120,A,letter,-2.4810268878936768
training_3120,B,letter,-0.1372769027948379
training_3120,C,letter,-3.1997768878936768
training_3120,D,letter,-5.746652126312256
training_0399,A,letter,-0.6329042911529541
training_0399,B,letter,-2.351654291152954
training_0399,C,letter,-3.976654291152954
training_0399,D,letter,-1.039154291152954
training_1210,A,present,-0.5937499701976776
training_1210,B,present,-2.1250000819563866
training_1210,C,present,-3.4062499664723878
training_1210,D,present,-1.3125000596046448
training_2014,A,letter,-3.907658100128174
training_2014,B,letter,-0.5639082193374634
training_2014,C,letter,-3.157658100128174
training_2014,D,letter,-1.0014082193374634
training_3122,A,letter,-2.8854544162750244
training_3122,B,letter,-4.588579654693604
training_3122,C,letter,-3.994829416275024
training_3122,D,letter,-0.0885794758796691
training_0404,A,letter,-0.8677372932434082
training_0404,B,letter,-0.5552372932434082
training_0404,C,letter,-5.758362293243408
training_0404,D,letter,-6.102112293243408
training_1215,A,present,0.421875
training_1215,B,present,-4.296875014901161
training_1215,C,present,-2.2812498807907104
training_1215,D,present,-0.9843750298023224
training_2019,A,letter,-2.7189953327178955
training_2019,B,letter,-5.828370571136475
training_2019,C,letter,-0.0783703997731208
training_2019,D,letter,-5.093995571136475
training_3127,A,letter,-2.55131459236145
training_3127,B,letter,-3.64506459236145
training_3127,C,letter,-1.3013144731521606
training_3127,D,letter,-0.473189502954483
training_0407,A,letter,-5.098214626312256
training_0407,B,letter,-1.6138397455215454
training_0407,C,letter,-5.051339626312256
training_0407,D,letter,-0.2388397455215454
training_1218,A,present,-0.53125
training_1218,B,present,-1.5468750298023224
training_1218,C,present,-5.906250040512532
training_1218,D,present,-3.312500052154064
training_2022,A,letter,-1.8897736072540283
training_2022,B,letter,-2.0772736072540283
training_2022,C,letter,-1.1866486072540283
training_2022,D,letter,-0.8741486668586731
training_3130,A,letter,-3.801114797592163
training_3130,B,letter,-3.426114797592163
training_3130,C,letter,-0.1448647230863571
training_3130,D,letter,-2.535489797592163
training_0410,A,letter,-3.548858404159546
training_0410,B,letter,-1.9394835233688357
training_0410,C,letter,-0.2051085084676742
training_0410,D,letter,-4.439483642578125
training_1221,A,present,-3.6718750298023215
training_1221,B,present,-4.625000120140612
training_1221,C,present,0.84375
training_1221,D,present,-0.9375
training_2025,A,letter,-1.9787570238113403
training_2025,B,letter,-3.369381904602051
training_2025,C,letter,-1.9318820238113403
training_2025,D,letter,-0.3850070238113403
training_2567,DCAB,perm,1.0
training_2567,A<B,pair,0.6562500596046448
training_2567,A<C,pair,-0.0625
training_2567,A<D,pair,-2.5625000298023224
training_2567,B<C,pair,-1.0156249701976776
training_2567,B<D,pair,-3.4375000409781933
training_2567,C<D,pair,-1.5468750447034836
training_3133,A,letter,-1.7459478378295898
training_3133,B,letter,-0.7928228378295898
training_3133,C,letter,-1.2146978378295898
training_3133,D,letter,-2.58969783782959
training_0412,A,letter,-0.5593332052230835
training_0412,B,letter,-2.778083324432373
training_0412,C,letter,-1.9968332052230835
training_0412,D,letter,-1.4812082052230835
training_1223,A,present,-2.7812499292194843
training_1223,B,present,-4.9218752277083695
training_1223,C,present,-1.84375
training_1223,D,present,-3.984374890103936
training_2027,A,letter,-2.83858323097229
training_2027,B,letter,-1.43233323097229
training_2027,C,letter,-3.44795823097229
training_2027,D,letter,-0.4010831713676452
training_2569,CADB,perm,1.0
training_2569,A<B,pair,0.40625
training_2569,A<C,pair,-3.484375102445483
training_2569,A<D,pair,-0.265625
training_2569,B<C,pair,-4.093750223517418
training_2569,B<D,pair,-0.484375
training_2569,C<D,pair,3.640625037252903
training_3135,A,letter,-1.945495128631592
training_3135,B,letter,-0.8673701882362366
training_3135,C,letter,-1.5236201286315918
training_3135,D,letter,-1.5236201286315918
training_0414,A,letter,-0.5943533778190613
training_0414,B,letter,-3.094353437423706
training_0414,C,letter,-1.438103437423706
training_0414,D,letter,-1.813103437423706
training_1225,A,present,-4.249999878928065
training_1225,B,present,-2.046875111758709
training_1225,C,present,-3.843749890103936
training_1225,D,present,-2.937499932944774
training_2029,A,letter,-4.207193374633789
training_2029,B,letter,-0.8634435534477234
training_2029,C,letter,-0.6290685534477234
training_2029,D,letter,-3.519693613052368
training_3137,A,letter,-1.1568299531936646
training_3137,B,letter,-1.8130799531936648
training_3137,C,letter,-0.9068299531936646
training_3137,D,letter,-2.141204833984375
training_0416,A,letter,-0.0315621457993984
training_0416,B,letter,-8.547186851501465
training_0416,C,letter,-3.531562089920044
training_0416,D,letter,-6.672187328338623
training_1227,A,present,-7.453125201922376
training_1227,B,present,-7.000000237952918
training_1227,C,present,1.484375
training_1227,D,present,-2.140625037252903
training_2031,A,letter,-6.141564846038818
training_2031,B,letter,-4.844689846038818
training_2031,C,letter,-0.0165649317204952
training_2031,D,letter,-5.110314846038818
training_3139,A,letter,-0.3413468897342682
training_3139,B,letter,-3.513221979141236
training_3139,C,letter,-2.060096979141236
training_3139,D,letter,-2.044471979141236
training_0419,A,letter,-0.85910964012146
training_0419,B,letter,-1.40598464012146
training_0419,C,letter,-3.04660964012146
training_0419,D,letter,-1.26535964012146
training_1230,A,present,-3.250000037252903
training_1230,B,present,-2.218750052154064
training_1230,C,present,-4.499999867752194
training_1230,D,present,-1.3281249552965164
training_2034,A,letter,-2.49038314819336
training_2034,B,letter,-1.1935081481933594
training_2034,C,letter,-2.11538314819336
training_2034,D,letter,-0.7091332077980042
training_2570,CADB,perm,1.0
training_2570,A<B,pair,0.65625
training_2570,A<C,pair,-2.5468749925494194
training_2570,A<D,pair,0.796875
training_2570,B<C,pair,-3.5312501154839997
training_2570,B<D,pair,-0.109375
training_2570,C<D,pair,3.671875109896064
training_3142,A,letter,-3.4870662689208984
training_3142,B,letter,-5.877691268920898
training_3142,C,letter,-0.080816239118576
training_3142,D,letter,-3.1276912689208984
training_0422,A,letter,-0.574404239654541
training_0422,B,letter,-5.480654239654541
training_0422,C,letter,-7.402529239654541
training_0422,D,letter,-0.840029239654541
training_1233,A,present,0.6093749403953552
training_1233,B,present,-0.5937499701976776
training_1233,C,present,-2.4218750670552254
training_1233,D,present,-5.625000027008355
training_2037,A,letter,-3.1440987586975098
training_2037,B,letter,-1.2065986394882202
training_2037,C,letter,-1.97222363948822
training_2037,D,letter,-0.6597236394882202
training_2573,ACDB,perm,1.0
training_2573,A<B,pair,3.687499888241291
training_2573,A<C,pair,1.6406249403953552
training_2573,A<D,pair,1.015625
training_2573,B<C,pair,-3.046875014901161
training_2573,B<D,pair,-3.187500026077032
training_2573,C<D,pair,0.296875
training_3145,A,letter,-2.250993490219116
training_3145,B,letter,-0.547868549823761
training_3145,C,letter,-3.704118490219116
training_3145,D,letter,-1.2353684902191162
training_0425,A,letter,-0.3933305144309997
training_0425,B,letter,-1.4402055740356443
training_0425,C,letter,-3.4402055740356445
training_0425,D,letter,-2.9402055740356445
training_1236,A,present,-4.28125012293458
training_1236,B,present,-2.562500022351742
training_1236,C,present,-0.5625000298023224
training_1236,D,present,-2.703125111758709
training_2040,A,letter,-0.8406892418861389
training_2040,B,letter,-2.356314182281494
training_2040,C,letter,-1.856314182281494
training_2040,D,letter,-1.403189182281494
training_2576,ADBC,perm,1.0
training_2576,A<B,pair,2.5156250298023224
training_2576,A<C,pair,2.046874888241291
training_2576,A<D,pair,1.812500044703484
training_2576,B<C,pair,-0.40625
training_2576,B<D,pair,-0.6875
training_2576,C<D,pair,-0.1875
training_3148,A,letter,-0.9291870594024658
training_3148,B,letter,-1.8510620594024656
training_3148,C,letter,-3.897937059402466
training_3148,D,letter,-0.8510620594024658
training_0427,A,letter,-0.8002434372901917
training_0427,B,letter,-0.8627434372901917
training_0427,C,letter,-5.393993377685547
training_0427,D,letter,-2.097118377685547
training_1238,A,present,-2.7968750596046448
training_1238,B,present,-1.2499999701976776
training_1238,C,present,-0.6249999701976776
training_1238,D,present,-0.921875
training_2042,A,letter,-4.226533889770508
training_2042,B,letter,-2.554658889770508
training_2042,C,letter,-3.101533889770508
training_2042,D,letter,-0.1484087705612182
training_2578,ACDB,perm,1.0
training_2578,A<B,pair,0.8437500298023224
training_2578,A<C,pair,0.8437499403953552
training_2578,A<D,pair,1.8281249403953552
training_2578,B<C,pair,0.03125
training_2578,B<D,pair,0.7499999403953552
training_2578,C<D,pair,0.9218749701976776
training_3150,A,letter,-2.185473918914795
training_3150,B,letter,-0.8260990381240845
training_3150,C,letter,-0.8729740381240845
training_3150,D,letter,-3.497973918914795
training_0433,A,letter,-4.005627632141113
training_0433,B,letter,-6.661877632141113
training_0433,C,letter,-0.0212528705596923
training_0433,D,letter,-6.943127632141113
training_1244,A,present,-1.8593750596046448
training_1244,B,present,-1.9062501192092896
training_1244,C,present,-2.453124985098839
training_1244,D,present,0.546875
training_2048,A,letter,-2.9241273403167725
training_2048,B,letter,-6.424127578735352
training_2048,C,letter,-3.846002340316773
training_2048,D,letter,-0.0803774297237396
training_3156,A,letter,-1.9241063594818115
training_3156,B,letter,-0.6741064190864563
training_3156,C,letter,-2.7209813594818115
training_3156,D,letter,-1.2834813594818115
training_0435,A,letter,-3.858806133270264
training_0435,B,letter,-1.5463062524795532
training_0435,C,letter,-1.0775562524795532
training_0435,D,letter,-0.8588062524795532
training_1246,A,present,-4.343749826774001
training_1246,B,present,-0.375
training_1246,C,present,2.2499999552965164
training_1246,D,present,-3.8750000689178714
training_2050,A,letter,-2.5505847930908203
training_2050,B,letter,-0.5818347930908203
training_2050,C,letter,-3.0193347930908203
training_2050,D,letter,-1.1599597930908203
training_2580,ABDC,perm,1.0
training_2580,A<B,pair,1.4062499701976776
training_2580,A<C,pair,2.9999999701976776
training_2580,A<D,pair,3.453125085681677
training_2580,B<C,pair,2.9218749701976776
training_2580,B<D,pair,3.5781250800937414
training_2580,C<D,pair,1.2187499403953552
training_3158,A,letter,-3.780527353286743
training_3158,B,letter,-6.436777114868164
training_3158,C,letter,-0.0930273383855819
training_3158,D,letter,-2.749277353286743
training_0437,A,letter,-0.1827471852302551
training_0437,B,letter,-3.4483721256256104
training_0437,C,letter,-2.0889971256256104
training_0437,D,letter,-4.7296223640441895
training_1248,A,present,-3.5156250596046448
training_1248,B,present,-2.5468750298023224
training_1248,C,present,-9.31250036781421
training_1248,D,present,-8.281250181404175
training_2052,A,letter,-0.010425865650177
training_2052,B,letter,-5.619801044464111
training_2052,C,letter,-6.322926044464111
training_2052,D,letter,-5.354176044464111
training_2582,DBCA,perm,1.0
training_2582,A<B,pair,-1.5156249701976776
training_2582,A<C,pair,-0.6406249701976776
training_2582,A<D,pair,-0.203125
training_2582,B<C,pair,1.8906248807907104
training_2582,B<D,pair,1.5312500447034836
training_2582,C<D,pair,0.390625
training_3160,A,letter,-2.009097099304199
training_3160,B,letter,-1.2903470993041992
training_3160,C,letter,-0.8840970993041992
training_3160,D,letter,-1.7434720993041992
training_0440,A,letter,-2.7704014778137207
training_0440,B,letter,-1.3797764778137207
training_0440,C,letter,-1.1297764778137207
training_0440,D,letter,-1.0204014778137207
training_1251,A,present,-1.5937500298023224
training_1251,B,present,-1.6874999850988388
training_1251,C,present,-2.5312499701976776
training_1251,D,present,-1.2031249701976776
training_2055,A,letter,-0.6580732464790344
training_2055,B,letter,-2.1111981868743896
training_2055,C,letter,-4.111198425292969
training_2055,D,letter,-1.2361981868743896
training_2585,ABCD,perm,1.0
training_2585,A<B,pair,-0.109375
training_2585,A<C,pair,0.8281250298023224
training_2585,A<D,pair,1.875000074505806
training_2585,B<C,pair,0.8750000298023224
training_2585,B<D,pair,3.3281250782310963
training_2585,C<D,pair,1.6250000447034836
training_3163,A,letter,-4.550793170928955
training_3163,B,letter,-0.2382933944463729
training_3163,C,letter,-3.582043409347534
training_3163,D,letter,-1.7539184093475342
training_0442,A,letter,-2.910794496536255
training_0442,B,letter,-1.4264194965362549
training_0442,C,letter,-0.3639194369316101
training_0442,D,letter,-4.676419258117676
training_1253,A,present,-4.390625196509063
training_1253,B,present,-2.9687499813735485
training_1253,C,present,-3.5468750782310963
training_1253,D,present,-4.125000037252903
training_2057,A,letter,-3.186671733856201
training_2057,B,letter,-1.3116717338562012
training_2057,C,letter,-0.5147966742515564
training_2057,D,letter,-2.405421733856201
training_2587,DBAC,perm,1.0
training_2587,A<B,pair,-1.1875000298023224
training_2587,A<C,pair,1.6093749850988388
training_2587,A<D,pair,-0.328125
training_2587,B<C,pair,2.062499985098839
training_2587,B<D,pair,0.4375
training_2587,C<D,pair,-1.8124999552965164
training_3165,A,letter,-0.0977131724357605
training_3165,B,letter,-2.6133382320404053
training_3165,C,letter,-4.472712993621826
training_3165,D,letter,-4.816462993621826
training_0444,A,letter,-5.639353275299072
training_0444,B,letter,-0.9049781560897828
training_0444,C,letter,-0.5299781560897827
training_0444,D,letter,-5.998728275299072
training_1255,A,present,-1.1093749701976776
training_1255,B,present,-2.546875014901161
training_1255,C,present,-2.124999925494194
training_1255,D,present,-3.5312499068677425
training_2059,A,letter,-5.004122734069824
training_2059,B,letter,-0.894747793674469
training_2059,C,letter,-4.910372734069824
training_2059,D,letter,-0.550997793674469
training_3167,A,letter,-2.254344940185547
training_3167,B,letter,-3.488719940185547
training_3167,C,letter,-0.8793449401855469
training_3167,D,letter,-0.8012199401855469
training_0446,A,letter,-4.832633018493652
training_0446,B,letter,-2.7232580184936523
training_0446,C,letter,-2.8013830184936523
training_0446,D,letter,-0.1451329290866851
training_1257,A,present,-2.8750000074505806
training_1257,B,present,-0.9062500298023224
training_1257,C,present,-1.9531249403953552
training_1257,D,present,-1.5468749850988388
training_2061,A,letter,-2.981451988220215
training_2061,B,letter,-2.465826988220215
training_2061,C,letter,-0.6845770478248596
training_2061,D,letter,-1.0283269882202148
training_2588,CADB,perm,1.0
training_2588,A<B,pair,4.265624795109034
training_2588,A<C,pair,-2.078124895691872
training_2588,A<D,pair,1.0
training_2588,B<C,pair,-7.281249849009328
training_2588,B<D,pair,-2.781250037252903
training_2588,C<D,pair,3.8125000931322575
training_3169,A,letter,-1.4457310438156128
training_3169,B,letter,-2.6332311630249023
training_3169,C,letter,-2.5863561630249023
training_3169,D,letter,-0.4926060736179352
training_0448,A,letter,-0.8770194053649902
training_0448,B,letter,-0.7520194053649902
training_0448,C,letter,-2.8145194053649902
training_0448,D,letter,-2.9707694053649902
training_1259,A,present,-1.2500000298023224
training_1259,B,present,-4.531249991618097
training_1259,C,present,-3.437499951571226
training_1259,D,present,-5.546874790452421
training_2063,A,letter,-0.4152714312076568
training_2063,B,letter,-1.8996464014053345
training_2063,C,letter,-1.9308964014053345
training_2063,D,letter,-3.149646520614624
training_2590,ADBC,perm,1.0
training_2590,A<B,pair,2.093750089406967
training_2590,A<C,pair,1.812500044703484
training_2590,A<D,pair,-0.21875
training_2590,B<C,pair,-0.28125
training_2590,B<D,pair,-2.718750074505806
training_2590,C<D,pair,-2.765624888241291
training_3171,A,letter,-3.9673023223876953
training_3171,B,letter,-0.0610523372888565
training_3171,C,letter,-4.357927322387695
training_3171,D,letter,-3.6391773223876953
training_0451,A,letter,-6.180999279022217
training_0451,B,letter,-0.0091241309419274
training_0451,C,letter,-5.149749279022217
training_0451,D,letter,-7.087249279022217
training_1262,A,present,0.6562500298023224
training_1262,B,present,-6.703125139698386
training_1262,C,present,1.6250000298023224
training_1262,D,present,-5.46874978672713
training_2066,A,letter,-2.269979476928711
training_2066,B,letter,-4.551229476928711
training_2066,C,letter,-0.4106045961380005
training_2066,D,letter,-1.5043545961380005
training_2593,DCBA,perm,1.0
training_2593,A<B,pair,-0.734375
training_2593,A<C,pair,-4.531250080093741
training_2593,A<D,pair,-4.625000105239451
training_2593,B<C,pair,-3.593749998137355
training_2593,B<D,pair,-3.624999908730388
training_2593,C<D,pair,1.0312499701976776
training_3174,A,letter,-1.9181697368621824
training_3174,B,letter,-2.4337947368621826
training_3174,C,letter,-2.7619197368621826
training_3174,D,letter,-0.3556696772575378
training_0453,A,letter,-0.1959754675626754
training_0453,B,letter,-2.055350542068481
training_0453,C,letter,-3.039725542068481
training_0453,D,letter,-7.008475303649902
training_1264,A,present,-4.187500108033419
training_1264,B,present,-2.187500022351742
training_1264,C,present,-2.937500037252903
training_1264,D,present,-7.468749847845174
training_2068,A,letter,-0.2301923334598541
training_2068,B,letter,-4.136442184448242
training_2068,C,letter,-1.7145673036575315
training_2068,D,letter,-4.777067184448242
training_3176,A,letter,-0.7996892333030701
training_3176,B,letter,-1.3934392929077148
training_3176,C,letter,-1.7059392929077148
training_3176,D,letter,-2.143439292907715
training_0457,A,letter,-0.8288658857345581
training_0457,B,letter,-4.656991004943848
training_0457,C,letter,-1.500740885734558
training_0457,D,letter,-1.110115885734558
training_1268,A,present,-4.859375145286322
training_1268,B,present,-2.265625052154064
training_1268,C,present,-5.765625045169145
training_1268,D,present,0.9531249403953552
training_2072,A,letter,-4.376165866851807
training_2072,B,letter,-3.0949161052703857
training_2072,C,letter,-0.0636660307645797
training_2072,D,letter,-5.657415866851807
training_3180,A,letter,-1.2972416877746582
training_3180,B,letter,-1.5316166877746582
training_3180,C,letter,-2.547241687774658
training_3180,D,letter,-0.844116747379303
training_0459,A,letter,-1.3531363010406494
training_0459,B,letter,-4.35313606262207
training_0459,C,letter,-4.25938606262207
training_0459,D,letter,-0.337511271238327
training_1270,A,present,-4.359375082887709
training_1270,B,present,-3.8281250689178714
training_1270,C,present,-3.906250037252903
training_1270,D,present,-1.359375
training_2074,A,letter,-4.849034786224365
training_2074,B,letter,-4.942784786224365
training_2074,C,letter,-3.895909786224365
training_2074,D,letter,-0.0365348644554615
training_2595,BCAD,perm,1.0
training_2595,A<B,pair,-0.9687499403953552
training_2595,A<C,pair,-1.6562500447034836
training_2595,A<D,pair,-0.4375
training_2595,B<C,pair,-0.234375
training_2595,B<D,pair,0.28125
training_2595,C<D,pair,1.7968750298023224
training_3182,A,letter,-0.5128812193870544
training_3182,B,letter,-2.887881278991699
training_3182,C,letter,-1.2785062789916992
training_3182,D,letter,-2.716006278991699
training_0461,A,letter,-2.190722942352295
training_0461,B,letter,-3.253222942352295
training_0461,C,letter,-0.1750979125499725
training_0461,D,letter,-4.690722942352295
training_1272,A,present,-6.078125210013241
training_1272,B,present,-1.7187499552965164
training_1272,C,present,-2.5156249403953552
training_1272,D,present,-2.859375037252903
training_2076,A,letter,-1.604603290557861
training_2076,B,letter,-3.2296032905578613
training_2076,C,letter,-3.745228290557861
training_2076,D,letter,-0.3077283501625061
training_3184,A,letter,-0.638565719127655
training_3184,B,letter,-4.919815540313721
training_3184,C,letter,-5.232315540313721
training_3184,D,letter,-0.779190719127655
training_0463,A,letter,-1.3045871257781982
training_0463,B,letter,-1.3358371257781982
training_0463,C,letter,-1.2264621257781982
training_0463,D,letter,-1.7733371257781982
training_1274,A,present,-1.421875
training_1274,B,present,-3.1718749068677425
training_1274,C,present,-2.265624977648258
training_1274,D,present,-3.046874932944774
training_2078,A,letter,-2.025953769683838
training_2078,B,letter,-2.463453769683838
training_2078,C,letter,-1.447828769683838
training_2078,D,letter,-0.6040788292884827
training_3186,A,letter,-4.476180076599121
training_3186,B,letter,-0.7418053150177002
training_3186,C,letter,-0.6793053150177002
training_3186,D,letter,-5.413680076599121
training_0465,A,letter,-1.3295786380767822
training_0465,B,letter,-0.345203697681427
training_0465,C,letter,-5.110828876495361
training_0465,D,letter,-3.9389536380767822
training_1276,A,present,-0.5156250298023224
training_1276,B,present,-2.2187498807907104
training_1276,C,present,-1.6093749552965164
training_1276,D,present,-1.8906250596046448
training_2080,A,letter,-5.357743263244629
training_2080,B,letter,-0.0139933647587895
training_2080,C,letter,-6.232743263244629
training_2080,D,letter,-4.967118263244629
training_3188,A,letter,-2.925634860992432
training_3188,B,letter,-5.097509860992432
training_3188,C,letter,-1.4100098609924316
training_3188,D,letter,-0.3631348311901092
training_0468,A,letter,-0.6476456522941589
training_0468,B,letter,-2.397645711898804
training_0468,C,letter,-1.5695207118988037
training_0468,D,letter,-1.7413957118988037
training_1279,A,present,-3.468750014901161
training_1279,B,present,-0.0625
training_1279,C,present,-0.8906250298023224
training_1279,D,present,-3.5312500689178705
training_2083,A,letter,-2.3453593254089355
training_2083,B,letter,-3.0797343254089355
training_2083,C,letter,-0.3766093552112579
training_2083,D,letter,-1.7672343254089355
training_3191,A,letter,-5.421976089477539
training_3191,B,letter,-3.09385085105896
training_3191,C,letter,-1.9219759702682493
training_3191,D,letter,-0.2188509255647659
training_0472,A,letter,-6.018569469451904
training_0472,B,letter,-7.971694469451904
training_0472,C,letter,-4.174819469451904
training_0472,D,letter,-0.0185695514082908
training_1283,A,present,-4.0781249683350325
training_1283,B,present,0.7500000298023224
training_1283,C,present,-4.343749933876097
training_1283,D,present,-3.796874914318323
training_2087,A,letter,-5.043984889984131
training_2087,B,letter,-4.153359889984131
training_2087,C,letter,-0.4971097707748413
training_2087,D,letter,-0.9971097707748412
training_2599,ACDB,perm,1.0
training_2599,A<B,pair,-0.15625
training_2599,A<C,pair,0.046875
training_2599,A<D,pair,0.8906249701976776
training_2599,B<C,pair,-0.109375
training_2599,B<D,pair,0.9687499701976776
training_2599,C<D,pair,0.484375
training_3195,A,letter,-3.278062105178833
training_3195,B,letter,-0.309312105178833
training_3195,C,letter,-3.574937105178833
training_3195,D,letter,-1.621812105178833
training_0474,A,letter,-0.5288823843002319
training_0474,B,letter,-1.200757384300232
training_0474,C,letter,-5.7632575035095215
training_0474,D,letter,-2.247632503509521
training_1285,A,present,-3.218749962747097
training_1285,B,present,-6.937500188592821
training_1285,C,present,-6.375000120722689
training_1285,D,present,-5.828125204425305
training_3197,A,letter,-0.6400684714317322
training_3197,B,letter,-3.405693531036377
training_3197,C,letter,-2.218193531036377
training_3197,D,letter,-1.108818531036377
training_0477,A,letter,-4.9200592041015625
training_0477,B,letter,-3.873183965682984
training_0477,C,letter,-7.216934204101562
training_0477,D,letter,-0.0294340010732412
training_1288,A,present,-3.343750070780516
training_1288,B,present,-2.093749910593033
training_1288,C,present,-0.03125
training_1288,D,present,-4.187499789521098
training_2089,A,letter,-0.8505769968032837
training_2089,B,letter,-1.3349519968032837
training_2089,C,letter,-2.131826877593994
training_2089,D,letter,-1.6630769968032837
training_2601,ACBD,perm,1.0
training_2601,A<B,pair,3.656249927356839
training_2601,A<C,pair,0.6406249701976776
training_2601,A<D,pair,3.4531250037252903
training_2601,B<C,pair,-2.8125000186264515
training_2601,B<D,pair,0.34375
training_2601,C<D,pair,3.843749977648258
training_3200,A,letter,-3.716736316680908
training_3200,B,letter,-4.388611316680908
training_3200,C,letter,-1.1854864358901978
training_3200,D,letter,-0.4198614358901977
training_0479,A,letter,-0.9437357187271118
training_0479,B,letter,-1.6781107187271118
training_0479,C,letter,-1.5687357187271118
training_0479,D,letter,-1.5531107187271118
training_1290,A,present,-0.4374999701976776
training_1290,B,present,-3.093749936670065
training_1290,C,present,-4.281249912455678
training_1290,D,present,-4.187499803490937
training_2091,A,letter,-1.281896471977234
training_2091,B,letter,-1.563146471977234
training_2091,C,letter,-1.297521471977234
training_2091,D,letter,-1.438146471977234
training_3202,A,letter,-1.3540050983428955
training_3202,B,letter,-0.3852551281452179
training_3202,C,letter,-3.822755098342896
training_3202,D,letter,-3.2446300983428955
training_0481,A,letter,-0.8443539142608643
training_0481,B,letter,-1.9693539142608645
training_0481,C,letter,-1.1099789142608645
training_0481,D,letter,-2.3443539142608643
training_1292,A,present,-3.4375000186264515
training_1292,B,present,-2.2343750074505806
training_1292,C,present,-5.359375162050128
training_1292,D,present,-4.671874949708581
training_2093,A,letter,-1.2388813495635986
training_2093,B,letter,-3.363881349563598
training_2093,C,letter,-1.5201313495635986
training_2093,D,letter,-0.7857563495635986
training_3204,A,letter,-0.2780653536319732
training_3204,B,letter,-2.7468154430389404
training_3204,C,letter,-2.6530654430389404
training_3204,D,letter,-2.2311904430389404
training_0483,A,letter,-8.059577941894531
training_0483,B,letter,-0.0127030964940786
training_0483,C,letter,-4.497077941894531
training_0483,D,letter,-7.122077941894531
training_1294,A,present,-5.187500070314854
training_1294,B,present,0.046875
training_1294,C,present,0.8281249403953552
training_1294,D,present,-8.218749908381142
training_2095,A,letter,-4.727997303009033
training_2095,B,letter,-5.024872303009033
training_2095,C,letter,-0.7904974222183228
training_2095,D,letter,-0.6342474222183228
training_3206,A,letter,-3.0092616081237797
training_3206,B,letter,-4.899886608123779
training_3206,C,letter,-2.5092616081237797
training_3206,D,letter,-0.1498867124319076
training_0485,A,letter,-8.259222984313965
training_0485,B,letter,-6.774847507476807
training_0485,C,letter,-0.0248477235436439
training_0485,D,letter,-3.7748477458953857
training_1296,A,present,-8.437500416766852
training_1296,B,present,-0.328125
training_1296,C,present,-6.546874899882823
training_1296,D,present,-9.06250002240995
training_2097,A,letter,-2.146599531173706
training_2097,B,letter,-3.568474531173706
training_2097,C,letter,-0.1934745758771896
training_2097,D,letter,-3.505974531173706
training_3208,A,letter,-0.8735722303390503
training_3208,B,letter,-2.82669734954834
training_3208,C,letter,-1.6235722303390503
training_3208,D,letter,-1.1235722303390503
training_0487,A,letter,-5.676290512084961
training_0487,B,letter,-7.426290512084961
training_0487,C,letter,-8.035665512084961
training_0487,D,letter,-0.0044155246578156
training_1298,A,present,-2.046874918043613
training_1298,B,present,-4.937500169500709
training_1298,C,present,0.375
training_1298,D,present,-7.593750055588316
training_2099,A,letter,-4.762773513793945
training_2099,B,letter,-8.403398513793945
training_2099,C,letter,-5.559648513793945
training_2099,D,letter,-0.0127737168222665
training_3210,A,letter,-3.0735459327697754
training_3210,B,letter,-1.3079209327697754
training_3210,C,letter,-2.3860459327697754
training_3210,D,letter,-0.5266709327697754
training_0489,A,letter,-2.9729795455932617
training_0489,B,letter,-3.7386045455932617
training_0489,C,letter,-0.2698544561862945
training_0489,D,letter,-1.832354426383972
training_1300,A,present,1.625
training_1300,B,present,-2.703124910593033
training_1300,C,present,-2.4062500074505806
training_1300,D,present,-4.437499949708581
training_2101,A,letter,-1.0313634872436523
training_2101,B,letter,-0.7657385468482971
training_2101,C,letter,-2.7344884872436523
training_2101,D,letter,-2.1876134872436523
training_2604,CDAB,perm,1.0
training_2604,A<B,pair,-0.6249999403953552
training_2604,A<C,pair,-4.375000004656613
training_2604,A<D,pair,-2.703125096857548
training_2604,B<C,pair,-3.281250070780516
training_2604,B<D,pair,-1.5000000447034836
training_2604,C<D,pair,0.171875
training_3212,A,letter,-0.146068587899208
training_3212,B,letter,-5.380443572998047
training_3212,C,letter,-5.974193572998047
training_3212,D,letter,-2.052318572998047
training_0491,A,letter,-2.6301820278167725
training_0491,B,letter,-1.5989320278167725
training_0491,C,letter,-0.5051820874214172
training_0491,D,letter,-2.1145570278167725
training_1302,A,present,-0.671875
training_1302,B,present,-2.531250044703484
training_1302,C,present,-4.296875173225999
training_1302,D,present,-1.3124999701976776
training_2103,A,letter,-1.1790156364440918
training_2103,B,letter,-2.335265636444092
training_2103,C,letter,-1.7883906364440918
training_2103,D,letter,-0.8508906364440918
training_2606,ABDC,perm,1.0
training_2606,A<B,pair,-0.4531249701976776
training_2606,A<C,pair,1.874999925494194
training_2606,A<D,pair,0.78125
training_2606,B<C,pair,2.6875000074505806
training_2606,B<D,pair,1.7968749403953552
training_2606,C<D,pair,-0.453125
training_3214,A,letter,-1.0167824029922483
training_3214,B,letter,-2.704282283782959
training_3214,C,letter,-0.6886574029922485
training_3214,D,letter,-2.688657283782959
training_0493,A,letter,-3.838753461837769
training_0493,B,letter,-2.963753461837769
training_0493,C,letter,-0.2762535214424133
training_0493,D,letter,-1.7918784618377686
training_1304,A,present,-3.5000001043081284
training_1304,B,present,-4.5624998873099685
training_1304,C,present,-4.109374891966581
training_1304,D,present,-4.0156250931322575
training_2105,A,letter,-1.6302908658981323
training_2105,B,letter,-2.520915985107422
training_2105,C,letter,-1.6615408658981323
training_2105,D,letter,-0.6302908658981323
training_2608,CDAB,perm,1.0
training_2608,A<B,pair,-1.6718749552965164
training_2608,A<C,pair,-4.093750219792128
training_2608,A<D,pair,-1.0781249403953552
training_2608,B<C,pair,-2.8281250819563866
training_2608,B<D,pair,0.8593750298023224
training_2608,C<D,pair,4.093749823048711
training_3216,A,letter,-2.469538688659668
training_3216,B,letter,-0.797663688659668
training_3216,C,letter,-1.657038688659668
training_3216,D,letter,-1.297663688659668
training_0497,A,letter,-0.0027334252372384
training_0497,B,letter,-8.12773323059082
training_0497,C,letter,-6.34648323059082
training_0497,D,letter,-7.40898323059082
training_1308,A,present,-6.156250081956387
training_1308,B,present,1.5625000447034836
training_1308,C,present,1.3906250298023224
training_1308,D,present,-7.187499797553755
training_2109,A,letter,-0.6276063323020935
training_2109,B,letter,-1.0494813919067385
training_2109,C,letter,-2.8463563919067383
training_2109,D,letter,-2.8619813919067383
training_3220,A,letter,-1.2761439085006714
training_3220,B,letter,-1.9480189085006716
training_3220,C,letter,-1.2292689085006714
training_3220,D,letter,-1.2605189085006714
training_0500,A,letter,-0.020740183070302
training_0500,B,letter,-4.880115032196045
training_0500,C,letter,-6.817615032196045
training_0500,D,letter,-4.458240032196045
training_1311,A,present,1.015625
training_1311,B,present,-5.281250074040145
training_1311,C,present,-4.593749798834324
training_1311,D,present,-1.7031250447034836
training_2112,A,letter,-5.681453227996826
training_2112,B,letter,-1.181452989578247
training_2112,C,letter,-0.4627030491828918
training_2112,D,letter,-2.822077989578247
training_3223,A,letter,-0.0369651950895786
training_3223,B,letter,-4.552590370178223
training_3223,C,letter,-4.161965370178223
training_3223,D,letter,-4.646340370178223
training_0502,A,letter,-7.613029956817627
training_0502,B,letter,-6.597404956817627
training_0502,C,letter,-6.378654956817627
training_0502,D,letter,-0.0036549451760947
training_1313,A,present,-4.578125167638063
training_1313,B,present,-7.625000048603397
training_1313,C,present,-8.046875096624717
training_1313,D,present,-1.4218749701976776
training_2114,A,letter,-5.876550197601318
training_2114,B,letter,-6.282800197601318
training_2114,C,letter,-4.407800197601318
training_2114,D,letter,-0.0171753875911235
training_3225,A,letter,-1.0764334201812744
training_3225,B,letter,-2.5295584201812744
training_3225,C,letter,-3.7014334201812735
training_3225,D,letter,-0.5920583605766296
training_0505,A,letter,-0.8674613237380981
training_0505,B,letter,-1.726836323738098
training_0505,C,letter,-0.945586323738098
training_0505,D,letter,-4.461211204528809
training_1316,A,present,-1.8437500149011607
training_1316,B,present,-3.3125000596046448
training_1316,C,present,-1.1406249701976776
training_1316,D,present,-2.453124977648258
training_2117,A,letter,-1.5425822734832764
training_2117,B,letter,-2.4800822734832764
training_2117,C,letter,-0.9175823330879213
training_2117,D,letter,-1.1988322734832764
training_3228,A,letter,-0.7053680419921875
training_3228,B,letter,-3.2678680419921875
training_3228,C,letter,-3.752243041992188
training_3228,D,letter,-0.8147430419921875
training_0507,A,letter,-0.0569108575582504
training_0507,B,letter,-5.088160991668701
training_0507,C,letter,-5.478785991668701
training_0507,D,letter,-3.119410753250122
training_1318,A,present,-5.906249777413905
training_1318,B,present,-5.484375044703484
training_1318,C,present,-4.609375183470547
training_1318,D,present,-2.3593751043081284
training_2119,A,letter,-0.6559765934944153
training_2119,B,letter,-3.2497265338897705
training_2119,C,letter,-1.1091015338897705
training_2119,D,letter,-2.2028515338897705
training_2610,ACDB,perm,1.0
training_2610,A<B,pair,4.328124876134098
training_2610,A<C,pair,2.593750074505806
training_2610,A<D,pair,4.171874813735485
training_2610,B<C,pair,-1.2499999701976776
training_2610,B<D,pair,-0.484375
training_2610,C<D,pair,1.5624999701976776
training_3230,A,letter,-2.5907039642333984
training_3230,B,letter,-4.012578964233398
training_3230,C,letter,-4.918828964233398
training_3230,D,letter,-0.1063290163874626
training_0511,A,letter,-2.974973678588867
training_0511,B,letter,-6.803098678588867
training_0511,C,letter,-0.1937235891819
training_0511,D,letter,-2.099973678588867
training_1322,A,present,-1.8593750596046448
training_1322,B,present,-4.000000115483999
training_1322,C,present,-1.1093749701976776
training_1322,D,present,-5.015625207684934
training_2123,A,letter,-3.542230129241944
training_2123,B,letter,-0.3859800994396209
training_2123,C,letter,-1.7141051292419434
training_2123,D,letter,-2.214105129241944
training_3234,A,letter,-0.7901467680931091
training_3234,B,letter,-1.368271827697754
training_3234,C,letter,-1.915146827697754
training_3234,D,letter,-1.946396827697754
training_0513,A,letter,-5.088127613067627
training_0513,B,letter,-4.103752613067627
training_0513,C,letter,-2.041252613067627
training_0513,D,letter,-0.1662526130676269
training_1324,A,present,-3.1093749403953552
training_1324,B,present,-4.35937506519258
training_1324,C,present,-2.265624903142452
training_1324,D,present,-2.765624988824129
training_2125,A,letter,-2.289139747619629
training_2125,B,letter,-3.367264747619629
training_2125,C,letter,-0.9922648668289183
training_2125,D,letter,-0.7110148668289185
training_2613,ABDC,perm,1.0
training_2613,A<B,pair,0.40625
training_2613,A<C,pair,2.9687500558793545
training_2613,A<D,pair,3.218750100582838
training_2613,B<C,pair,3.359374944120645
training_2613,B<D,pair,3.171875037252903
training_2613,C<D,pair,0.8281249403953552
training_3236,A,letter,-0.7121822237968445
training_3236,B,letter,-2.8684322834014893
training_3236,C,letter,-0.8215572237968445
training_3236,D,letter,-4.43093204498291
training_0516,A,letter,-6.610719203948975
training_0516,B,letter,-4.798219203948975
training_0516,C,letter,-0.0169693641364574
training_0516,D,letter,-5.032594203948975
training_1327,A,present,-8.109374828345608
training_1327,B,present,-4.390625201165676
training_1327,C,present,-3.5781249683350325
training_1327,D,present,0.125
training_2128,A,letter,-0.6318694353103638
training_2128,B,letter,-5.897494316101074
training_2128,C,letter,-3.475619316101074
training_2128,D,letter,-0.8349944353103638
training_2616,ADBC,perm,1.0
training_2616,A<B,pair,2.343749925494194
training_2616,A<C,pair,0.9062499701976776
training_2616,A<D,pair,1.2499999701976776
training_2616,B<C,pair,-1.921874895691872
training_2616,B<D,pair,-0.140625
training_2616,C<D,pair,0.546875
training_3239,A,letter,-0.1405287086963653
training_3239,B,letter,-3.515528678894043
training_3239,C,letter,-3.703028678894043
training_3239,D,letter,-2.578028678894043
training_0518,A,letter,-0.0191244054585695
training_0518,B,letter,-5.034749507904053
training_0518,C,letter,-4.550374507904053
training_0518,D,letter,-6.440999507904053
training_1329,A,present,-4.109374899417162
training_1329,B,present,-4.062499841675162
training_1329,C,present,-2.250000089406967
training_1329,D,present,-1.6718749403953552
training_2130,A,letter,-1.7030316591262815
training_2130,B,letter,-2.390531539916992
training_2130,C,letter,-2.421781539916992
training_2130,D,letter,-0.4530316591262817
training_2618,ACDB,perm,1.0
training_2618,A<B,pair,1.9062500149011607
training_2618,A<C,pair,0.78125
training_2618,A<D,pair,1.7031249701976776
training_2618,B<C,pair,-0.7968750298023224
training_2618,B<D,pair,-0.125
training_2618,C<D,pair,1.1562499701976776
training_3241,A,letter,-1.6599016189575195
training_3241,B,letter,-1.4880266189575195
training_3241,C,letter,-0.8942765593528748
training_3241,D,letter,-1.7536516189575195
training_0520,A,letter,-3.801326274871826
training_0520,B,letter,-1.8013262748718262
training_0520,C,letter,-0.2700762450695038
training_0520,D,letter,-3.035701274871826
training_1331,A,present,-1.9062500149011607
training_1331,B,present,-2.703125014901161
training_1331,C,present,0.9218749701976776
training_1331,D,present,-3.640624968335033
training_2132,A,letter,-1.3824915885925293
training_2132,B,letter,-1.3824915885925293
training_2132,C,letter,-1.1012415885925293
training_2132,D,letter,-1.8199915885925293
training_2620,ABDC,perm,1.0
training_2620,A<B,pair,0.09375
training_2620,A<C,pair,1.9374999105930328
training_2620,A<D,pair,0.7187499403953552
training_2620,B<C,pair,2.1250001043081284
training_2620,B<D,pair,1.5156250596046448
training_2620,C<D,pair,-0.7968750596046448
training_3243,A,letter,-3.80495548248291
training_3243,B,letter,-1.2580804824829102
training_3243,C,letter,-0.5862054824829102
training_3243,D,letter,-2.00808048248291
training_0522,A,letter,-2.400519132614136
training_0522,B,letter,-0.5880191922187805
training_0522,C,letter,-2.197394132614136
training_0522,D,letter,-1.4317691326141355
training_1333,A,present,-0.5937500298023224
training_1333,B,present,-8.968749781677616
training_1333,C,present,-1.7031249701976776
training_1333,D,present,-6.671874768682756
training_2134,A,letter,-2.1086649894714355
training_2134,B,letter,-0.9524151086807252
training_2134,C,letter,-0.8742901086807251
training_2134,D,letter,-2.6555399894714355
training_2622,ACDB,perm,1.0
training_2622,A<B,pair,2.078124925494194
training_2622,A<C,pair,0.9218750298023224
training_2622,A<D,pair,2.078125052154064
training_2622,B<C,pair,-1.1875000298023224
training_2622,B<D,pair,-0.125
training_2622,C<D,pair,0.8125000596046448
training_3245,A,letter,-5.412416458129883
training_3245,B,letter,-2.834291696548462
training_3245,C,letter,-0.0686666741967201
training_3245,D,letter,-5.865541458129883
training_0524,A,letter,-4.036978721618652
training_0524,B,letter,-5.771353721618652
training_0524,C,letter,-8.708853721618652
training_0524,D,letter,-0.0213536974042654
training_1335,A,present,-7.484374834340997
training_1335,B,present,-5.3124999715946615
training_1335,C,present,-4.4062498500570655
training_1335,D,present,0.296875
training_2136,A,letter,-2.474656581878662
training_2136,B,letter,-7.115281581878662
training_2136,C,letter,-0.1152814924716949
training_2136,D,letter,-3.755906581878662
training_3247,A,letter,-0.6334254145622253
training_3247,B,letter,-1.02405047416687
training_3247,C,letter,-3.66467547416687
training_3247,D,letter,-2.49280047416687
training_0527,A,letter,-10.625067710876465
training_0527,B,letter,-11.781317710876465
training_0527,C,letter,-10.437567710876465
training_0527,D,letter,-6.818538531661034e-05
training_1338,A,present,-3.656250057742
training_1338,B,present,-1.1875
training_1338,C,present,-6.2656247650738806
training_1338,D,present,-3.218749947845936
training_2139,A,letter,-0.2480084598064422
training_2139,B,letter,-2.1698834896087646
training_2139,C,letter,-2.9198834896087646
training_2139,D,letter,-2.9980084896087646
training_2624,DBAC,perm,1.0
training_2624,A<B,pair,-1.015625
training_2624,A<C,pair,1.9375000596046448
training_2624,A<D,pair,0.7187500298023224
training_2624,B<C,pair,1.968750074505806
training_2624,B<D,pair,0.7500000298023224
training_2624,C<D,pair,-1.0625000298023224
training_3250,A,letter,-1.549215316772461
training_3250,B,letter,-2.658590316772461
training_3250,C,letter,-2.111715316772461
training_3250,D,letter,-0.5179652571678162
training_0530,A,letter,-2.180415153503418
training_0530,B,letter,-1.711665153503418
training_0530,C,letter,-3.742915153503418
training_0530,D,letter,-0.3835401833057403
training_1341,A,present,-3.0468749552965164
training_1341,B,present,-1.3124999552965164
training_1341,C,present,-0.34375
training_1341,D,present,0.4375
training_2142,A,letter,-2.181295871734619
training_2142,B,letter,-1.0719208717346191
training_2142,C,letter,-0.8062958717346191
training_2142,D,letter,-2.337545871734619
training_2627,DCBA,perm,1.0
training_2627,A<B,pair,-1.2656250596046448
training_2627,A<C,pair,-3.953124890103936
training_2627,A<D,pair,-3.734375094994903
training_2627,B<C,pair,-2.171874977648258
training_2627,B<D,pair,-2.1875
training_2627,C<D,pair,-0.4531250298023224
training_3253,A,letter,-0.5666525959968567
training_3253,B,letter,-2.410402536392212
training_3253,C,letter,-1.097902536392212
training_3253,D,letter,-4.801027774810791
training_0532,A,letter,-3.537716865539551
training_0532,B,letter,-3.209591865539551
training_0532,C,letter,-4.506466865539551
training_0532,D,letter,-0.0845918580889701
training_1343,A,present,-3.421875052154064
training_1343,B,present,-5.515624979510903
training_1343,C,present,-0.71875
training_1343,D,present,-3.5000000670552254
training_2144,A,letter,-3.1407570838928223
training_2144,B,letter,-3.2657570838928223
training_2144,C,letter,-1.4220069646835327
training_2144,D,letter,-0.3907569646835327
training_2629,CBDA,perm,1.0
training_2629,A<B,pair,-2.124999947845936
training_2629,A<C,pair,-2.7031249552965164
training_2629,A<D,pair,-0.078125
training_2629,B<C,pair,-1.2343749701976776
training_2629,B<D,pair,1.4999999701976776
training_2629,C<D,pair,3.546874921768904
training_3255,A,letter,-2.850947618484497
training_3255,B,letter,-0.6946976184844971
training_3255,C,letter,-1.600947618484497
training_3255,D,letter,-1.429072618484497
training_0535,A,letter,-0.005811579991132
training_0535,B,letter,-5.42768669128418
training_0535,C,letter,-8.16206169128418
training_0535,D,letter,-6.92768669128418
training_1346,A,present,-5.671875226777047
training_1346,B,present,-1.6406250149011612
training_1346,C,present,-1.7031249552965164
training_1346,D,present,-3.1875001154839997
training_2147,A,letter,-0.4329426288604736
training_2147,B,letter,-5.136067390441895
training_2147,C,letter,-1.3079426288604736
training_2147,D,letter,-2.6048176288604736
training_3258,A,letter,-5.071340084075928
training_3258,B,letter,-0.1182148531079292
training_3258,C,letter,-4.383840084075928
training_3258,D,letter,-2.3838398456573486
training_0537,A,letter,-7.994494915008545
training_0537,B,letter,-0.0101196784526109
training_0537,C,letter,-4.697619915008545
training_0537,D,letter,-7.775744915008545
training_1348,A,present,0.890625
training_1348,B,present,-0.9531249403953552
training_1348,C,present,-4.515624837949872
training_1348,D,present,-0.5781249701976776
training_2149,A,letter,-6.861055850982666
training_2149,B,letter,-9.173556327819824
training_2149,C,letter,-0.0016808680957183
training_2149,D,letter,-7.657930850982666
training_3260,A,letter,-0.9400324821472168
training_3260,B,letter,-2.002532482147217
training_3260,C,letter,-3.315032482147217
training_3260,D,letter,-0.8306574821472168
training_0539,A,letter,-1.2493644952774048
training_0539,B,letter,-0.3899895250797272
training_0539,C,letter,-3.6087396144866943
training_0539,D,letter,-5.046239376068115
training_1350,A,present,0.203125
training_1350,B,present,-2.718749888241291
training_1350,C,present,-1.2656249552965164
training_1350,D,present,-7.703124894760549
training_2151,A,letter,-7.244871139526367
training_2151,B,letter,-6.682371139526367
training_2151,C,letter,-1.7292461395263672
training_2151,D,letter,-0.197996124625206
training_3262,A,letter,-0.3840934038162231
training_3262,B,letter,-2.1028432846069336
training_3262,C,letter,-2.0559682846069336
training_3262,D,letter,-2.6965932846069336
training_0541,A,letter,-2.3122520446777344
training_0541,B,letter,-7.265377044677734
training_0541,C,letter,-5.718502044677734
training_0541,D,letter,-0.1091271117329597
training_1352,A,present,-1.1249999701976776
training_1352,B,present,-5.531249832361937
training_1352,C,present,-2.3437499403953552
training_1352,D,present,-3.2812499813735485
training_2153,A,letter,-2.9706501960754395
training_2153,B,letter,-2.9394001960754395
training_2153,C,letter,-1.7362751960754397
training_2153,D,letter,-0.330025166273117
training_3264,A,letter,-1.5594083070755005
training_3264,B,letter,-0.7937833070755005
training_3264,C,letter,-2.184408187866211
training_3264,D,letter,-1.4969083070755005
training_0543,A,letter,-0.401270717382431
training_0543,B,letter,-2.807520627975464
training_0543,C,letter,-3.416895627975464
training_0543,D,letter,-1.4481457471847534
training_1354,A,present,-4.234374959953129
training_1354,B,present,-3.6562499050050974
training_1354,C,present,-3.500000048428774
training_1354,D,present,-3.437500011175871
training_2155,A,letter,-1.193030595779419
training_2155,B,letter,-2.364905595779419
training_2155,C,letter,-0.8024056553840637
training_2155,D,letter,-1.880530595779419
training_3266,A,letter,-3.647672176361084
training_3266,B,letter,-0.819547176361084
training_3266,C,letter,-2.757047176361084
training_3266,D,letter,-0.757047176361084
training_0545,A,letter,-6.399157524108887
training_0545,B,letter,-0.008532378822565
training_0545,C,letter,-6.321032524108887
training_0545,D,letter,-5.336657524108887
training_1356,A,present,-2.140625022351742
training_1356,B,present,-0.6249999701976776
training_1356,C,present,2.140624895691872
training_1356,D,present,-2.109374888241291
training_2157,A,letter,-1.0479779243469238
training_2157,B,letter,-4.501102924346924
training_2157,C,letter,-2.001102924346924
training_2157,D,letter,-0.688602864742279
training_3268,A,letter,-0.2701826989650726
training_3268,B,letter,-3.426432609558105
training_3268,C,letter,-3.301432609558105
training_3268,D,letter,-1.801432728767395
training_0548,A,letter,-2.421079635620117
training_0548,B,letter,-1.2335796356201172
training_0548,C,letter,-0.8742046356201172
training_0548,D,letter,-1.6085796356201172
training_1359,A,present,-0.8750000596046448
training_1359,B,present,-4.00000006519258
training_1359,C,present,0.328125
training_1359,D,present,-6.156249905703589
training_2160,A,letter,-0.6823391318321228
training_2160,B,letter,-5.401089191436768
training_2160,C,letter,-4.916714191436768
training_2160,D,letter,-0.7292141318321228
training_2630,ADCB,perm,1.0
training_2630,A<B,pair,1.25
training_2630,A<C,pair,2.234375111758709
training_2630,A<D,pair,0.453125
training_2630,B<C,pair,0.09375
training_2630,B<D,pair,-1.1093750298023224
training_2630,C<D,pair,-0.8906249403953552
training_3271,A,letter,-2.1473519802093506
training_3271,B,letter,-1.1317269802093506
training_3271,C,letter,-0.7411019206047058
training_3271,D,letter,-2.4911019802093506
training_0551,A,letter,-8.863093376159668
training_0551,B,letter,-0.0037180122453719
training_0551,C,letter,-7.83184289932251
training_0551,D,letter,-5.78496789932251
training_1362,A,present,-4.609374769963324
training_1362,B,present,2.2499998807907104
training_1362,C,present,-4.421874794177711
training_1362,D,present,-4.453124865889549
training_2163,A,letter,-4.178683757781982
training_2163,B,letter,-0.022433903068304
training_2163,C,letter,-7.147433757781982
training_2163,D,letter,-5.147433757781982
training_3274,A,letter,-4.985107421875
training_3274,B,letter,-2.469482660293579
training_3274,C,letter,-1.110107660293579
training_3274,D,letter,-0.5476076602935791
training_0554,A,letter,-0.0905459970235824
training_0554,B,letter,-5.371796131134033
training_0554,C,letter,-2.528045892715454
training_0554,D,letter,-6.559296131134033
training_1365,A,present,1.5000000149011612
training_1365,B,present,-1.1718750596046448
training_1365,C,present,-5.171874904539436
training_1365,D,present,-6.499999918043613
training_2166,A,letter,-2.727339029312134
training_2166,B,letter,-6.914838790893555
training_2166,C,letter,-0.071088932454586
training_2166,D,letter,-6.289838790893555
training_3277,A,letter,-1.1385984420776367
training_3277,B,letter,-1.2948484420776367
training_3277,C,letter,-3.4979734420776367
training_3277,D,letter,-0.9823484420776368
training_0558,A,letter,-0.7869985103607178
training_0558,B,letter,-2.0526235103607178
training_0558,C,letter,-1.1463735103607178
training_0558,D,letter,-2.3494985103607178
training_1369,A,present,-2.0468750596046448
training_1369,B,present,-3.140625100582838
training_1369,C,present,-0.8593750298023224
training_1369,D,present,-0.421875
training_2170,A,letter,-2.157965660095215
training_2170,B,letter,-2.267340660095215
training_2170,C,letter,-0.423590749502182
training_2170,D,letter,-2.079840660095215
training_3281,A,letter,-4.198317050933838
training_3281,B,letter,-0.3545669019222259
training_3281,C,letter,-3.120191812515259
training_3281,D,letter,-1.4326919317245483
training_0560,A,letter,-2.9377832412719727
training_0560,B,letter,-1.4846582412719729
training_0560,C,letter,-0.5627833008766174
training_0560,D,letter,-1.9065332412719729
training_1371,A,present,-3.937499918043613
training_1371,B,present,-3.468749998137355
training_1371,C,present,2.578124903142452
training_1371,D,present,-2.984374944120645
training_2172,A,letter,-0.6574991345405579
training_2172,B,letter,-1.860624074935913
training_2172,C,letter,-2.751249074935913
training_2172,D,letter,-1.344999074935913
training_3283,A,letter,-1.2204115390777588
training_3283,B,letter,-0.4235365092754364
training_3283,C,letter,-3.111036539077759
training_3283,D,letter,-5.34541130065918
training_0562,A,letter,-1.7476013898849487
training_0562,B,letter,-4.185101509094238
training_0562,C,letter,-0.3413513600826263
training_0562,D,letter,-2.325726270675659
training_1373,A,present,-2.500000089406967
training_1373,B,present,-2.3906250596046448
training_1373,C,present,-4.171875153668225
training_1373,D,present,-4.875000197440386
training_2174,A,letter,-2.9324676990509038
training_2174,B,letter,-2.7137176990509038
training_2174,C,letter,-3.9012176990509033
training_2174,D,letter,-0.1512177884578704
training_3285,A,letter,-1.1616168022155762
training_3285,B,letter,-1.0522418022155762
training_3285,C,letter,-3.395991802215576
training_3285,D,letter,-1.1928668022155762
training_0565,A,letter,-7.98590087890625
training_0565,B,letter,-0.6890256404876709
training_0565,C,letter,-0.7046506404876709
training_0565,D,letter,-5.90777587890625
training_1376,A,present,-5.703125056112185
training_1376,B,present,-9.031249663079508
training_1376,C,present,-3.312500026077032
training_1376,D,present,-1.5468749701976776
training_2177,A,letter,-3.8122754096984863
training_2177,B,letter,-3.1404004096984863
training_2177,C,letter,-0.2029002904891967
training_2177,D,letter,-2.1404004096984863
training_3288,A,letter,-3.267607927322388
training_3288,B,letter,-1.5019829273223877
training_3288,C,letter,-0.4551079571247101
training_3288,D,letter,-2.267607927322388
training_0567,A,letter,-0.9697558283805848
training_0567,B,letter,-2.829130887985229
training_0567,C,letter,-3.6885058879852295
training_0567,D,letter,-0.6260058283805847
training_1378,A,present,-3.5000000670552254
training_1378,B,present,-1.640625
training_1378,C,present,-2.437500052154064
training_1378,D,present,-3.953124914318323
training_2179,A,letter,-0.354697585105896
training_2179,B,letter,-3.8703227043151855
training_2179,C,letter,-1.776572585105896
training_2179,D,letter,-2.229697704315185
training_2634,ACDB,perm,1.0
training_2634,A<B,pair,2.8749999292194843
training_2634,A<C,pair,1.390625
training_2634,A<D,pair,3.375
training_2634,B<C,pair,-1.4531250149011612
training_2634,B<D,pair,0.703125
training_2634,C<D,pair,3.3437500819563866
training_3290,A,letter,-2.953958034515381
training_3290,B,letter,-1.9383329153060915
training_3290,C,letter,-3.703958034515381
training_3290,D,letter,-0.2508329153060913
training_0570,A,letter,-1.4842877388000488
training_0570,B,letter,-2.796787738800049
training_0570,C,letter,-2.593662738800049
training_0570,D,letter,-0.4530377984046936
training_1381,A,present,-4.531250147148967
training_1381,B,present,-3.8593750689178714
training_1381,C,present,0.109375
training_1381,D,present,1.6406249403953552
training_2182,A,letter,-0.3617007434368133
training_2182,B,letter,-1.7835757732391355
training_2182,C,letter,-4.939825534820557
training_2182,D,letter,-2.064825773239136
training_2637,BCAD,perm,1.0
training_2637,A<B,pair,-3.156249962747097
training_2637,A<C,pair,-1.0312499701976776
training_2637,A<D,pair,-0.046875
training_2637,B<C,pair,4.078125135973096
training_2637,B<D,pair,4.046874912455678
training_2637,C<D,pair,0.34375
training_3293,A,letter,-3.9083969593048096
training_3293,B,letter,-2.6115219593048096
training_3293,C,letter,-2.0490219593048096
training_3293,D,letter,-0.2521469593048095
training_0572,A,letter,-1.1741687059402466
training_0572,B,letter,-2.346043586730957
training_0572,C,letter,-4.158543586730957
training_0572,D,letter,-0.5491687059402466
training_1383,A,present,-5.328124769963324
training_1383,B,present,-2.625000044703484
training_1383,C,present,-2.7187499403953552
training_1383,D,present,-3.296875100582838
training_2184,A,letter,-1.5892877578735352
training_2184,B,letter,-0.9642877578735352
training_2184,C,letter,-1.6674127578735352
training_2184,D,letter,-1.5111627578735352
training_2639,ABCD,perm,1.0
training_2639,A<B,pair,-0.140625
training_2639,A<C,pair,1.1718750298023224
training_2639,A<D,pair,2.8281251043081284
training_2639,B<C,pair,1.4062500447034836
training_2639,B<D,pair,2.2656250596046448
training_2639,C<D,pair,0.5468750596046448
training_3295,A,letter,-0.776517391204834
training_3295,B,letter,-1.010892391204834
training_3295,C,letter,-2.026517391204834
training_3295,D,letter,-3.135892391204834
training_0574,A,letter,-4.163965702056885
training_0574,B,letter,-1.9295908212661743
training_0574,C,letter,-4.163965702056885
training_0574,D,letter,-0.1952158212661743
training_1385,A,present,-2.4843749552965164
training_1385,B,present,-1.7968749850988388
training_1385,C,present,-3.7812499534338713
training_1385,D,present,-2.531250111758709
training_2186,A,letter,-1.5108346939086914
training_2186,B,letter,-1.3545846939086914
training_2186,C,letter,-2.4483346939086914
training_2186,D,letter,-0.8389596939086914
training_2641,ACDB,perm,1.0
training_2641,A<B,pair,2.812500011175871
training_2641,A<C,pair,0.9999999701976776
training_2641,A<D,pair,1.0468750596046448
training_2641,B<C,pair,-1.0625000298023224
training_2641,B<D,pair,-1.3593750149011612
training_2641,C<D,pair,-0.21875
training_3297,A,letter,-0.5175954103469849
training_3297,B,letter,-3.3769702911376958
training_3297,C,letter,-1.0019704103469849
training_3297,D,letter,-6.142595291137695
training_0577,A,letter,-6.695554256439209
training_0577,B,letter,-5.336179256439209
training_0577,C,letter,-6.320554256439209
training_0577,D,letter,-0.0080540413036942
training_1388,A,present,-8.906249687599484
training_1388,B,present,-3.109375096857548
training_1388,C,present,0.8124999701976776
training_1388,D,present,-1.640625
training_2189,A,letter,-3.982672929763794
training_2189,B,letter,-0.0295480117201805
training_2189,C,letter,-6.920173168182373
training_2189,D,letter,-4.685798168182373
training_3300,A,letter,-2.627110242843628
training_3300,B,letter,-3.611485242843628
training_3300,C,letter,-0.1114852055907249
training_3300,D,letter,-5.158360004425049
training_0579,A,letter,-2.345547914505005
training_0579,B,letter,-4.923673152923584
training_0579,C,letter,-0.1111729368567466
training_0579,D,letter,-6.392423152923584
training_1390,A,present,-3.7499998807907104
training_1390,B,present,-2.625000014901161
training_1390,C,present,-1.6562499403953552
training_1390,D,present,-0.171875
training_2191,A,letter,-1.797611951828003
training_2191,B,letter,-5.485112190246582
training_2191,C,letter,-0.2976119816303253
training_2191,D,letter,-2.453861951828003
training_2643,BDAC,perm,1.0
training_2643,A<B,pair,-2.8906248845160007
training_2643,A<C,pair,-0.8906249403953552
training_2643,A<D,pair,-1.9374999850988388
training_2643,B<C,pair,1.4999999701976776
training_2643,B<D,pair,1.2499999701976776
training_2643,C<D,pair,-0.359375
training_3302,A,letter,-0.0762643441557884
training_3302,B,letter,-3.3262643814086914
training_3302,C,letter,-3.6231393814086914
training_3302,D,letter,-4.591889381408691
training_0034,A,letter,-4.226352214813232
training_0034,B,letter,-5.054477214813232
training_0034,C,letter,-2.8044772148132324
training_0034,D,letter,-0.0857272520661354
training_0845,A,present,-5.093750091735274
training_0845,B,present,-0.7343750596046448
training_0845,C,present,-2.4062499925494194
training_0845,D,present,0.6093749701976776
training_2757,A,letter,-1.0235233306884766
training_2757,B,letter,-0.9297733306884766
training_2757,C,letter,-2.898523330688477
training_2757,D,letter,-1.6641483306884766
training_0038,A,letter,-4.555217742919922
training_0038,B,letter,-1.2895926237106323
training_0038,C,letter,-1.6645926237106323
training_0038,D,letter,-0.6489676237106323
training_0849,A,present,0.53125
training_0849,B,present,-2.156250052154064
training_0849,C,present,-8.484375162865035
training_0849,D,present,-2.9531250670552254
training_1657,A,letter,-5.004692077636719
training_1657,B,letter,-5.223442077636719
training_1657,C,letter,-0.6765672564506531
training_1657,D,letter,-0.7390672564506531
training_2761,A,letter,-1.08788001537323
training_2761,B,letter,-4.60350513458252
training_2761,C,letter,-3.77538013458252
training_2761,D,letter,-0.46288001537323
training_0040,A,letter,-3.597404718399048
training_0040,B,letter,-0.4724047780036926
training_0040,C,letter,-2.144279718399048
training_0040,D,letter,-1.472404718399048
training_0851,A,present,1.3437499701976776
training_0851,B,present,-6.578124995692633
training_0851,C,present,-2.234374925494194
training_0851,D,present,-5.374999830964953
training_1659,A,letter,-3.6422178745269775
training_1659,B,letter,-0.8609679341316223
training_1659,C,letter,-1.4703428745269775
training_1659,D,letter,-1.1422178745269775
training_2763,A,letter,-3.8556761741638175
training_2763,B,letter,-5.574426174163818
training_2763,C,letter,-0.043176207691431
training_2763,D,letter,-4.074426174163818
training_0044,A,letter,-1.2116141319274902
training_0044,B,letter,-2.6647391319274902
training_0044,C,letter,-2.6022391319274902
training_0044,D,letter,-0.5866141319274902
training_0855,A,present,-2.296875096857548
training_0855,B,present,-1.1093749701976776
training_0855,C,present,-2.593749918043613
training_0855,D,present,-1.4375000149011612
training_1663,A,letter,-3.3250648975372314
training_1663,B,letter,-1.496939778327942
training_1663,C,letter,-0.3719398081302643
training_1663,D,letter,-3.0125648975372314
training_2434,ADBC,perm,1.0
training_2434,A<B,pair,0.8437499701976776
training_2434,A<C,pair,0.6562499701976776
training_2434,A<D,pair,0.21875
training_2434,B<C,pair,-0.15625
training_2434,B<D,pair,-0.6718749701976776
training_2434,C<D,pair,-0.34375
training_2767,A,letter,-2.200208902359009
training_2767,B,letter,-1.6533339023590088
training_2767,C,letter,-0.5752089023590088
training_2767,D,letter,-2.012708902359009
training_0050,A,letter,-1.988487958908081
training_0050,B,letter,-1.863487958908081
training_0050,C,letter,-1.191612958908081
training_0050,D,letter,-0.910362958908081
training_0861,A,present,-4.968749818392098
training_0861,B,present,-1.7656249850988388
training_0861,C,present,-3.140624947845936
training_0861,D,present,-3.4531249552965164
training_1669,A,letter,-1.0700266361236572
training_1669,B,letter,-1.8044016361236568
training_1669,C,letter,-1.4294016361236572
training_1669,D,letter,-1.3825266361236572
training_2773,A,letter,-1.27785325050354
training_2773,B,letter,-4.246603012084961
training_2773,C,letter,-1.77785325050354
training_2773,D,letter,-0.62160325050354
training_0052,A,letter,-3.7002320289611816
training_0052,B,letter,-0.3564820289611816
training_0052,C,letter,-2.4033570289611816
training_0052,D,letter,-1.7002320289611816
training_0863,A,present,-4.515624814666808
training_0863,B,present,-0.546875
training_0863,C,present,-5.140625133179128
training_0863,D,present,-2.390624962747097
training_1671,A,letter,-1.9063478708267207
training_1671,B,letter,-0.4532228410243988
training_1671,C,letter,-1.9844728708267207
training_1671,D,letter,-2.562597751617432
training_2437,ADBC,perm,1.0
training_2437,A<B,pair,1.9999999403953552
training_2437,A<C,pair,2.656250022351742
training_2437,A<D,pair,0.984375
training_2437,B<C,pair,0.453125
training_2437,B<D,pair,-0.53125
training_2437,C<D,pair,-0.6406249701976776
training_2775,A,letter,-0.6700897216796875
training_2775,B,letter,-3.670089721679688
training_2775,C,letter,-1.1700897216796875
training_2775,D,letter,-1.8888397216796875
training_0056,A,letter,-0.0082275029271841
training_0056,B,letter,-7.148852348327637
training_0056,C,letter,-5.133227348327637
training_0056,D,letter,-6.867602348327637
training_0867,A,present,-6.859374895459041
training_0867,B,present,-1.09375
training_0867,C,present,-7.2187500629224814
training_0867,D,present,-4.10937481559813
training_1675,A,letter,-0.1132688671350479
training_1675,B,letter,-3.3163938522338867
training_1675,C,letter,-4.050768852233887
training_1675,D,letter,-2.9570188522338867
training_2779,A,letter,-1.8524224758148196
training_2779,B,letter,-3.8524224758148193
training_2779,C,letter,-2.35242247581482
training_2779,D,letter,-0.3211724162101745
training_0060,A,letter,-0.9964436292648317
training_0060,B,letter,-0.6058186292648315
training_0060,C,letter,-2.527693748474121
training_0060,D,letter,-5.730818748474121
training_0871,A,present,-0.015625
training_0871,B,present,-1.2656249701976776
training_0871,C,present,-6.234374892897904
training_0871,D,present,-3.453124988824129
training_1679,A,letter,-1.2832117080688477
training_1679,B,letter,-1.4863367080688477
training_1679,C,letter,-1.7988367080688477
training_1679,D,letter,-1.1113367080688477
training_2783,A,letter,-3.261134147644043
training_2783,B,letter,-4.604884147644043
training_2783,C,letter,-4.870509147644043
training_2783,D,letter,-0.0580090321600437
training_0063,A,letter,-5.483334541320801
training_0063,B,letter,-6.498959541320801
training_0063,C,letter,-0.0145847154781222
training_0063,D,letter,-4.780209541320801
training_0874,A,present,-5.015625034458935
training_0874,B,present,-1.7968750149011612
training_0874,C,present,-1.6562499403953552
training_0874,D,present,-1.203125
training_1682,A,letter,-1.0879024267196655
training_1682,B,letter,-5.150402545928955
training_1682,C,letter,-0.4316524267196655
training_1682,D,letter,-5.837902545928955
training_2786,A,letter,-2.872335433959961
training_2786,B,letter,-0.1067104116082191
training_2786,C,letter,-4.356710433959961
training_2786,D,letter,-3.466085433959961
training_0066,A,letter,-2.4559240341186523
training_0066,B,letter,-1.3934240341186523
training_0066,C,letter,-4.518424034118652
training_0066,D,letter,-0.4246739745140075
training_0877,A,present,-3.2499999701976776
training_0877,B,present,-1.5781249552965164
training_0877,C,present,-6.406249919673428
training_0877,D,present,-4.24999990593642
training_1685,A,letter,-2.268925189971924
training_1685,B,letter,-2.784550189971924
training_1685,C,letter,-1.5189251899719238
training_1685,D,letter,-0.4876752197742462
training_2439,CADB,perm,1.0
training_2439,A<B,pair,0.453125
training_2439,A<C,pair,-0.96875
training_2439,A<D,pair,1.1718749701976776
training_2439,B<C,pair,-1.4531250447034836
training_2439,B<D,pair,0.390625
training_2439,C<D,pair,3.609374921768904
training_2789,A,letter,-0.4096617698669433
training_2789,B,letter,-3.081536769866944
training_2789,C,letter,-1.3315367698669434
training_2789,D,letter,-3.722161769866944
training_0070,A,letter,-2.3266279697418213
training_0070,B,letter,-1.6235029697418213
training_0070,C,letter,-1.0610029697418213
training_0070,D,letter,-1.0297529697418213
training_0881,A,present,-2.4218750596046448
training_0881,B,present,-2.843749985098839
training_0881,C,present,-3.749999910593033
training_0881,D,present,-5.984374831896275
training_1689,A,letter,-0.8404762744903564
training_1689,B,letter,-2.6842262744903564
training_1689,C,letter,-4.012351036071777
training_1689,D,letter,-0.7311012744903564
training_2793,A,letter,-5.876414775848389
training_2793,B,letter,-6.798289775848389
training_2793,C,letter,-0.0170395672321319
training_2793,D,letter,-4.360789775848389
training_0074,A,letter,-1.027954339981079
training_0074,B,letter,-4.246704578399658
training_0074,C,letter,-0.6529543995857239
training_0074,D,letter,-2.246704339981079
training_0885,A,present,-0.40625
training_0885,B,present,-1.8125000149011607
training_0885,C,present,-3.1562501043081284
training_0885,D,present,-4.390625172294676
training_1693,A,letter,-3.898959875106812
training_1693,B,letter,-1.7270848751068115
training_1693,C,letter,-3.1958348751068115
training_1693,D,letter,-0.2739599049091339
training_2441,DABC,perm,1.0
training_2441,A<B,pair,1.1718750596046448
training_2441,A<C,pair,0.578125
training_2441,A<D,pair,-1.843750044703484
training_2441,B<C,pair,-1.0625000298023224
training_2441,B<D,pair,-3.187499888241291
training_2441,C<D,pair,-2.140624925494194
training_2797,A,letter,-1.5437065362930298
training_2797,B,letter,-3.77808141708374
training_2797,C,letter,-0.3093315362930298
training_2797,D,letter,-3.55933141708374
training_0582,A,letter,-9.578977584838867
training_0582,B,letter,-7.391478061676025
training_0582,C,letter,-0.0008530553313903
training_0582,D,letter,-9.110227584838867
training_1393,A,present,-4.281249914318323
training_1393,B,present,-4.531249849125743
training_1393,C,present,-4.374999865889549
training_1393,D,present,-6.656250238302164
training_2194,A,letter,-2.979235410690308
training_2194,B,letter,-5.4948601722717285
training_2194,C,letter,-0.1042353361845016
training_2194,D,letter,-3.135485410690308
training_3305,A,letter,-0.2871979176998138
training_3305,B,letter,-5.193448066711426
training_3305,C,letter,-2.2559478282928467
training_3305,D,letter,-1.974697947502136
training_0584,A,letter,-3.230799913406372
training_0584,B,letter,-0.0589249655604362
training_0584,C,letter,-4.949550151824951
training_0584,D,letter,-4.668300151824951
training_1395,A,present,-0.9531250298023224
training_1395,B,present,-0.890625
training_1395,C,present,-0.265625
training_1395,D,present,-4.093749973922968
training_2196,A,letter,-0.0880260542035102
training_2196,B,letter,-6.38490104675293
training_2196,C,letter,-4.32240104675293
training_2196,D,letter,-2.6817760467529297
training_3307,A,letter,-3.927065849304199
training_3307,B,letter,-1.4114408493041992
training_3307,C,letter,-3.505190849304199
training_3307,D,letter,-0.3489408493041992
training_0586,A,letter,-4.997073650360107
training_0586,B,letter,-1.262698769569397
training_0586,C,letter,-4.700198650360107
training_0586,D,letter,-0.3564487993717193
training_1397,A,present,-0.8593749403953552
training_1397,B,present,-1.7968749552965164
training_1397,C,present,-4.718750063329935
training_1397,D,present,-5.109374952502549
training_2198,A,letter,-3.327526569366455
training_2198,B,letter,-0.1869014501571655
training_2198,C,letter,-2.515026569366455
training_2198,D,letter,-2.952526569366455
training_3309,A,letter,-1.8039586544036863
training_3309,B,letter,-1.4602086544036863
training_3309,C,letter,-1.8664586544036863
training_3309,D,letter,-0.8039586544036865
training_0588,A,letter,-4.089281558990479
training_0588,B,letter,-4.792406558990479
training_0588,C,letter,-7.3705315589904785
training_0588,D,letter,-0.026781627908349
training_1399,A,present,2.265625022351742
training_1399,B,present,-0.7500000298023224
training_1399,C,present,-6.203125216765329
training_1399,D,present,-1.3906250298023224
training_2200,A,letter,-5.5387067794799805
training_2200,B,letter,-0.0543318167328834
training_2200,C,letter,-7.0699567794799805
training_2200,D,letter,-3.0387067794799805
training_2646,CADB,perm,1.0
training_2646,A<B,pair,-1.4375000298023224
training_2646,A<C,pair,-1.0937500596046448
training_2646,A<D,pair,1.3906249701976776
training_2646,B<C,pair,1.1250000298023224
training_2646,B<D,pair,2.281250096857548
training_2646,C<D,pair,0.7656249701976776
training_3311,A,letter,-2.029383659362793
training_3311,B,letter,-0.4668836891651153
training_3311,C,letter,-5.888758659362793
training_3311,D,letter,-1.435633659362793
training_0590,A,letter,-2.5135703086853027
training_0590,B,letter,-0.2948202192783355
training_0590,C,letter,-2.5135703086853027
training_0590,D,letter,-2.3885703086853027
training_1401,A,present,0.296875
training_1401,B,present,-4.531249920837581
training_1401,C,present,1.03125
training_1401,D,present,-1.937499895691872
training_2202,A,letter,-1.5111236572265625
training_2202,B,letter,-2.8548736572265625
training_2202,C,letter,-2.0423736572265625
training_2202,D,letter,-0.5267486572265625
training_2648,ACDB,perm,1.0
training_2648,A<B,pair,3.4531250074505806
training_2648,A<C,pair,-0.5468750298023224
training_2648,A<D,pair,3.5781250409781933
training_2648,B<C,pair,-2.375000089406967
training_2648,B<D,pair,0.9375000596046448
training_2648,C<D,pair,2.468750014901161
training_3313,A,letter,-2.196249961853028
training_3313,B,letter,-4.211874961853027
training_3313,C,letter,-1.0712499618530271
training_3313,D,letter,-0.6337500214576721
training_0592,A,letter,-1.3224215507507324
training_0592,B,letter,-2.8380465507507324
training_0592,C,letter,-1.2130465507507324
training_0592,D,letter,-0.9786716103553772
training_1403,A,present,-3.218750044703484
training_1403,B,present,-2.265625089406967
training_1403,C,present,-0.171875
training_1403,D,present,-4.984375187661499
training_2204,A,letter,-3.966275215148926
training_2204,B,letter,-1.106900334358215
training_2204,C,letter,-1.591275334358215
training_2204,D,letter,-0.8100253343582153
training_2650,DACB,perm,1.0
training_2650,A<B,pair,4.578125095926225
training_2650,A<C,pair,2.1250000074505806
training_2650,A<D,pair,-2.828125
training_2650,B<C,pair,-2.406249932944774
training_2650,B<D,pair,-6.343749791267328
training_2650,C<D,pair,-3.609375087544322
training_3315,A,letter,-2.4081974029541016
training_3315,B,letter,-0.2050723880529403
training_3315,C,letter,-2.4863224029541016
training_3315,D,letter,-4.455072402954102
training_0594,A,letter,-3.711169481277466
training_0594,B,letter,-0.0392944924533367
training_0594,C,letter,-4.586169719696045
training_0594,D,letter,-5.742419719696045
training_1405,A,present,-1.25
training_1405,B,present,-2.0156251192092896
training_1405,C,present,-1.3281249701976776
training_1405,D,present,-0.453125
training_2206,A,letter,-7.682936191558838
training_2206,B,letter,-4.714186191558838
training_2206,C,letter,-6.589186191558838
training_2206,D,letter,-0.0110610658302903
training_3317,A,letter,-0.2311020642518997
training_3317,B,letter,-2.8561019897460938
training_3317,C,letter,-2.5436019897460938
training_3317,D,letter,-2.6998519897460938
training_0597,A,letter,-7.428073406219482
training_0597,B,letter,-4.209323406219482
training_0597,C,letter,-5.115573406219482
training_0597,D,letter,-0.0218232665210962
training_1408,A,present,-6.218749932479113
training_1408,B,present,-5.593749991152436
training_1408,C,present,1.296875
training_1408,D,present,1.5781249552965164
training_2209,A,letter,-3.976893186569214
training_2209,B,letter,-3.992518186569214
training_2209,C,letter,-6.726893424987793
training_2209,D,letter,-0.0393932871520519
training_3320,A,letter,-0.721171498298645
training_3320,B,letter,-1.455546498298645
training_3320,C,letter,-2.1274213790893555
training_3320,D,letter,-1.830546498298645
training_0599,A,letter,-0.2576038837432861
training_0599,B,letter,-4.648228645324707
training_0599,C,letter,-2.710728883743286
training_0599,D,letter,-1.898228883743286
training_1410,A,present,-2.281250096857548
training_1410,B,present,-4.31249981559813
training_1410,C,present,-3.8125001154839993
training_1410,D,present,0.109375
training_2211,A,letter,-1.6275067329406738
training_2211,B,letter,-1.1900067329406738
training_2211,C,letter,-2.674381732940674
training_2211,D,letter,-0.846256673336029
training_2651,ADBC,perm,1.0
training_2651,A<B,pair,1.6875
training_2651,A<C,pair,2.624999962747097
training_2651,A<D,pair,1.5156250149011612
training_2651,B<C,pair,1.5156249403953552
training_2651,B<D,pair,0.09375
training_2651,C<D,pair,-0.6406249701976776
training_3322,A,letter,-1.748435139656067
training_3322,B,letter,-0.5609351396560669
training_3322,C,letter,-1.514060139656067
training_3322,D,letter,-3.3734350204467773
training_0601,A,letter,-3.933772563934326
training_0601,B,letter,-5.340022563934326
training_0601,C,letter,-0.1837725192308426
training_0601,D,letter,-1.9493975639343264
training_1412,A,present,0.03125
training_1412,B,present,-4.062500134110451
training_1412,C,present,-6.999999989522621
training_1412,D,present,-2.609374903142452
training_2213,A,letter,-0.4668579697608948
training_2213,B,letter,-2.62310791015625
training_2213,C,letter,-2.51373291015625
training_2213,D,letter,-1.52935791015625
training_2653,ADBC,perm,1.0
training_2653,A<B,pair,2.031250014901161
training_2653,A<C,pair,2.046874985098839
training_2653,A<D,pair,2.1718749552965164
training_2653,B<C,pair,-0.078125
training_2653,B<D,pair,0.203125
training_2653,C<D,pair,-0.109375
training_3324,A,letter,-2.0766477584838867
training_3324,B,letter,-3.0766477584838867
training_3324,C,letter,-0.2953976690769195
training_3324,D,letter,-2.4828977584838867
training_0603,A,letter,-6.557326793670654
training_0603,B,letter,-4.822951793670654
training_0603,C,letter,-0.5729516744613647
training_0603,D,letter,-0.8542016744613647
training_1414,A,present,-6.750000215135515
training_1414,B,present,-0.9687499701976776
training_1414,C,present,-8.749999912513886
training_1414,D,present,2.765625052154064
training_2215,A,letter,-1.5209317207336426
training_2215,B,letter,-4.974056720733643
training_2215,C,letter,-4.489681720733643
training_2215,D,letter,-0.2709317803382873
training_2655,BCDA,perm,1.0
training_2655,A<B,pair,-2.468749910593033
training_2655,A<C,pair,-2.2812500298023224
training_2655,A<D,pair,-0.265625
training_2655,B<C,pair,0.390625
training_2655,B<D,pair,0.984375
training_2655,C<D,pair,1.3281250298023224
training_3326,A,letter,-1.1315587759017944
training_3326,B,letter,-2.350308895111084
training_3326,C,letter,-4.209683895111084
training_3326,D,letter,-0.5690587759017944
training_0605,A,letter,-1.4670089483261108
training_0605,B,letter,-0.5295089483261108
training_0605,C,letter,-6.0138840675354
training_0605,D,letter,-1.7326339483261108
training_1416,A,present,-4.765624973922968
training_1416,B,present,-3.3593751080334187
training_1416,C,present,-1.9687500894069672
training_1416,D,present,0.046875
training_2217,A,letter,-0.0965927168726921
training_2217,B,letter,-2.846592664718628
training_2217,C,letter,-5.159092903137207
training_2217,D,letter,-3.596592664718628
training_3328,A,letter,-5.586995601654053
training_3328,B,letter,-0.102620743215084
training_3328,C,letter,-6.680745601654053
training_3328,D,letter,-2.383870840072632
training_0607,A,letter,-3.016522169113159
training_0607,B,letter,-3.938397169113159
training_0607,C,letter,-0.907147228717804
training_0607,D,letter,-0.641522228717804
training_1418,A,present,-2.062500014901161
training_1418,B,present,-3.6406251061707735
training_1418,C,present,-3.124999903142452
training_1418,D,present,-3.609374932944775
training_2219,A,letter,-2.6817328929901123
training_2219,B,letter,-2.3223578929901123
training_2219,C,letter,-0.3848579227924347
training_2219,D,letter,-1.8848578929901123
training_3330,A,letter,-3.558297872543335
training_3330,B,letter,-0.1989229023456573
training_3330,C,letter,-1.995797872543335
training_3330,D,letter,-4.214548110961914
training_0609,A,letter,-4.575486183166504
training_0609,B,letter,-6.262986183166504
training_0609,C,letter,-0.0129861356690526
training_0609,D,letter,-7.684861183166504
training_1420,A,present,1.9062499403953552
training_1420,B,present,-3.296875096857548
training_1420,C,present,-7.015625149477273
training_1420,D,present,0.6875000596046448
training_2221,A,letter,-0.1082939207553863
training_2221,B,letter,-2.452044010162353
training_2221,C,letter,-4.6239190101623535
training_2221,D,letter,-5.0614190101623535
training_3332,A,letter,-0.1662794649600982
training_3332,B,letter,-2.306904554367065
training_3332,C,letter,-3.338154554367065
training_3332,D,letter,-4.056904315948486
training_0612,A,letter,-4.637330055236816
training_0612,B,letter,-3.996705055236816
training_0612,C,letter,-4.277955055236816
training_0612,D,letter,-0.043579950928688
training_1423,A,present,-6.984374765655957
training_1423,B,present,-4.249999834224582
training_1423,C,present,-1.984375044703484
training_1423,D,present,-2.921875111758709
training_2224,A,letter,-5.318264007568359
training_2224,B,letter,-0.2557641565799713
training_2224,C,letter,-4.458889007568359
training_2224,D,letter,-1.568264126777649
training_3335,A,letter,-1.6565005779266355
training_3335,B,letter,-2.625250577926636
training_3335,C,letter,-0.4221255481243133
training_3335,D,letter,-2.594000577926636
training_0614,A,letter,-0.0091354716569185
training_0614,B,letter,-6.009135246276856
training_0614,C,letter,-5.149760246276856
training_0614,D,letter,-7.227885246276855
training_1425,A,present,2.343749895691872
training_1425,B,present,3.046875
training_1425,C,present,-2.890624921768904
training_1425,D,present,1.125
training_2226,A,letter,-4.6835784912109375
training_2226,B,letter,-3.7773287296295166
training_2226,C,letter,-0.1367037296295166
training_2226,D,letter,-2.3554537296295166
training_2657,BCAD,perm,1.0
training_2657,A<B,pair,-0.234375
training_2657,A<C,pair,-0.21875
training_2657,A<D,pair,0.6406249701976776
training_2657,B<C,pair,0.4687500298023224
training_2657,B<D,pair,1.2812500298023224
training_2657,C<D,pair,1.3281249701976776
training_3337,A,letter,-1.5549864768981934
training_3337,B,letter,-0.6799864172935486
training_3337,C,letter,-3.5081114768981934
training_3337,D,letter,-1.3831114768981934
training_0617,A,letter,-5.8023600578308105
training_0617,B,letter,-0.036734826862812
training_0617,C,letter,-3.4742348194122314
training_0617,D,letter,-6.5836100578308105
training_1428,A,present,1.4062499850988388
training_1428,B,present,-0.359375
training_1428,C,present,1.828125044703484
training_1428,D,present,-2.375000052154064
training_2229,A,letter,-3.709598064422608
training_2229,B,letter,-2.5064730644226074
training_2229,C,letter,-3.6002230644226074
training_2229,D,letter,-0.147098034620285
training_3340,A,letter,-2.4392592906951904
training_3340,B,letter,-0.7205092906951904
training_3340,C,letter,-0.8767592906951904
training_3340,D,letter,-4.7361345291137695
training_0619,A,letter,-3.64001989364624
training_0619,B,letter,-3.64001989364624
training_0619,C,letter,-1.311894774436951
training_0619,D,letter,-0.3900197744369507
training_1430,A,present,-1.1562499403953552
training_1430,B,present,-0.515625
training_1430,C,present,-2.437500052154064
training_1430,D,present,-0.78125
training_2231,A,letter,-1.4391982555389404
training_2231,B,letter,-3.829823255538941
training_2231,C,letter,-0.314198225736618
training_2231,D,letter,-4.657948017120361
training_3342,A,letter,-2.7601094245910645
training_3342,B,letter,-0.275734543800354
training_3342,C,letter,-4.4007344245910645
training_3342,D,letter,-1.806984543800354
training_0621,A,letter,-5.412277221679688
training_0621,B,letter,-0.7872772216796875
training_0621,C,letter,-3.4747772216796875
training_0621,D,letter,-0.6779022216796875
training_1432,A,present,-0.9531249701976776
training_1432,B,present,-5.484375090803951
training_1432,C,present,-2.281250044703484
training_1432,D,present,-4.031250001862645
training_2233,A,letter,-2.7900097370147705
training_2233,B,letter,-0.1493846923112869
training_2233,C,letter,-5.133759498596191
training_2233,D,letter,-2.6493847370147705
training_3344,A,letter,-1.737668514251709
training_3344,B,letter,-0.940793514251709
training_3344,C,letter,-2.175168514251709
training_3344,D,letter,-1.143918514251709
training_0623,A,letter,-7.45509672164917
training_0623,B,letter,-3.111346483230591
training_0623,C,letter,-6.09572172164917
training_0623,D,letter,-0.0488465428352355
training_1434,A,present,-0.203125
training_1434,B,present,-7.281250144471414
training_1434,C,present,-1.4687499701976776
training_1434,D,present,-6.015624904539436
training_2235,A,letter,-5.97460412979126
training_2235,B,letter,-1.630854249000549
training_2235,C,letter,-6.00585412979126
training_2235,D,letter,-0.2246042788028717
training_3346,A,letter,-2.844061851501465
training_3346,B,letter,-2.750311851501465
training_3346,C,letter,-2.609686851501465
training_3346,D,letter,-0.2190618962049484
training_0625,A,letter,-7.837926864624023
training_0625,B,letter,-3.2598016262054443
training_0625,C,letter,-0.0410517267882823
training_0625,D,letter,-6.728551864624023
training_1436,A,present,-7.953124958003173
training_1436,B,present,0.390625
training_1436,C,present,1.7031249701976776
training_1436,D,present,-1.4218749701976776
training_2237,A,letter,-3.381075143814087
training_2237,B,letter,-0.03732505813241
training_2237,C,letter,-6.990449905395508
training_2237,D,letter,-6.506074905395508
training_3348,A,letter,-2.612761974334717
training_3348,B,letter,-0.6440120935440063
training_3348,C,letter,-2.128386974334717
training_3348,D,letter,-1.2690120935440063
training_0631,A,letter,-8.054671287536621
training_0631,B,letter,-5.398421764373779
training_0631,C,letter,-5.882796764373779
training_0631,D,letter,-0.007796689402312
training_1442,A,present,-1.9687500149011607
training_1442,B,present,-1.0468749701976776
training_1442,C,present,-3.156249918043613
training_1442,D,present,-1.2343749701976776
training_2243,A,letter,-0.6092963218688965
training_2243,B,letter,-6.8280463218688965
training_2243,C,letter,-5.5936713218688965
training_2243,D,letter,-0.7967963218688965
training_3354,A,letter,-0.2757972478866577
training_3354,B,letter,-3.0726723670959477
training_3354,C,letter,-2.8695473670959477
training_3354,D,letter,-1.9945472478866575
training_0633,A,letter,-2.311889886856079
training_0633,B,letter,-0.7806399464607239
training_0633,C,letter,-1.046264886856079
training_0633,D,letter,-2.421264886856079
training_1444,A,present,-1.9999998807907104
training_1444,B,present,-7.578125140047632
training_1444,C,present,-4.187500110827386
training_1444,D,present,-4.328124804422259
training_2245,A,letter,-2.9221556186676025
training_2245,B,letter,-0.7815305590629578
training_2245,C,letter,-0.8127805590629578
training_2245,D,letter,-3.1565306186676025
training_2661,BCAD,perm,1.0
training_2661,A<B,pair,0.7031249701976776
training_2661,A<C,pair,1.0000000298023224
training_2661,A<D,pair,2.531249962747097
training_2661,B<C,pair,-0.359375
training_2661,B<D,pair,2.0781249925494194
training_2661,C<D,pair,2.171874925494194
training_3356,A,letter,-3.331228733062744
training_3356,B,letter,-3.878103733062744
training_3356,C,letter,-0.6437286138534546
training_3356,D,letter,-0.8781036138534546
training_0635,A,letter,-6.110714912414551
training_0635,B,letter,-5.376339912414551
training_0635,C,letter,-0.0169647932052612
training_0635,D,letter,-4.641964912414551
training_1446,A,present,-2.031249903142452
training_1446,B,present,-6.187499948544428
training_1446,C,present,-4.156250087544322
training_1446,D,present,-0.46875
training_2247,A,letter,-4.703612804412842
training_2247,B,letter,-6.062987804412842
training_2247,C,letter,-0.1723629087209701
training_2247,D,letter,-1.9223629236221316
training_3358,A,letter,-5.215861797332764
training_3358,B,letter,-0.0127366418018937
training_3358,C,letter,-6.434611797332764
training_3358,D,letter,-5.247111797332764
training_0637,A,letter,-5.09304141998291
training_0637,B,letter,-2.10866641998291
training_0637,C,letter,-4.15554141998291
training_0637,D,letter,-0.1555414646863937
training_1448,A,present,-3.1250000335276127
training_1448,B,present,-4.015624929219484
training_1448,C,present,-3.3593751154839997
training_1448,D,present,-0.8593750596046448
training_2249,A,letter,-5.571215152740479
training_2249,B,letter,-0.0555902570486068
training_2249,C,letter,-3.6337151527404794
training_2249,D,letter,-3.7587151527404794
training_3360,A,letter,-2.3177907466888428
training_3360,B,letter,-0.2865407168865204
training_3360,C,letter,-1.9584157466888428
training_3360,D,letter,-4.817790508270264
training_0639,A,letter,-2.369562149047852
training_0639,B,letter,-4.088312149047852
training_0639,C,letter,-3.166437149047852
training_0639,D,letter,-0.1664372384548187
training_1450,A,present,-3.249999936670065
training_1450,B,present,-0.875
training_1450,C,present,-2.578125052154064
training_1450,D,present,-4.031250070780516
training_2251,A,letter,-2.3675436973571777
training_2251,B,letter,-4.180043697357178
training_2251,C,letter,-0.4612936377525329
training_2251,D,letter,-1.3519186973571775
training_2664,ACDB,perm,1.0
training_2664,A<B,pair,2.468750052154064
training_2664,A<C,pair,1.2343749701976776
training_2664,A<D,pair,2.281250037252903
training_2664,B<C,pair,-0.703125
training_2664,B<D,pair,0.7656249701976776
training_2664,C<D,pair,1.9999999403953552
training_3362,A,letter,-1.3335176706314087
training_3362,B,letter,-3.130392551422119
training_3362,C,letter,-1.4116426706314087
training_3362,D,letter,-0.8022676706314087
training_0642,A,letter,-1.811623334884644
training_0642,B,letter,-0.5303733348846436
training_0642,C,letter,-3.249123334884644
training_0642,D,letter,-1.5772483348846436
training_1453,A,present,1.5781249701976776
training_1453,B,present,-3.640625096857548
training_1453,C,present,-1.9374999850988388
training_1453,D,present,-4.562500034458935
training_2254,A,letter,-1.6549744606018066
training_2254,B,letter,-1.9987244606018064
training_2254,C,letter,-1.9362244606018064
training_2254,D,letter,-0.6393495202064514
training_2667,ACDB,perm,1.0
training_2667,A<B,pair,0.9687499403953552
training_2667,A<C,pair,-0.40625
training_2667,A<D,pair,3.0781251043081284
training_2667,B<C,pair,-2.312499903142452
training_2667,B<D,pair,1.6406249552965164
training_2667,C<D,pair,4.140625087544322
training_3365,A,letter,-4.401962757110596
training_3365,B,letter,-0.5894626379013062
training_3365,C,letter,-3.417587757110596
training_3365,D,letter,-0.9175876379013062
training_0645,A,letter,-0.024474499747157
training_0645,B,letter,-4.993224620819092
training_0645,C,letter,-4.118224620819092
training_0645,D,letter,-7.133849620819092
training_1456,A,present,-4.6718751369044185
training_1456,B,present,-5.1093749715946615
training_1456,C,present,-2.578124895691872
training_1456,D,present,2.249999910593033
training_2257,A,letter,-4.988744735717773
training_2257,B,letter,-0.1606199145317077
training_2257,C,letter,-5.066869735717773
training_2257,D,letter,-2.0043699741363525
training_3368,A,letter,-1.3576741218566897
training_3368,B,letter,-1.4982991218566897
training_3368,C,letter,-0.7170491814613342
training_3368,D,letter,-3.513924121856689
training_0648,A,letter,-1.239911437034607
training_0648,B,letter,-3.1305365562438965
training_0648,C,letter,-0.4117864668369293
training_0648,D,letter,-5.8649115562438965
training_1459,A,present,-0.40625
training_1459,B,present,-2.953125093132257
training_1459,C,present,-0.9687500298023224
training_1459,D,present,0.5625
training_2260,A,letter,-4.37805700302124
training_2260,B,letter,-2.17493200302124
training_2260,C,letter,-0.1593068987131118
training_2260,D,letter,-3.89368200302124
training_3371,A,letter,-1.158280372619629
training_3371,B,letter,-3.330155372619629
training_3371,C,letter,-3.705155372619629
training_3371,D,letter,-0.4707803130149841
training_0650,A,letter,-2.0116748809814453
training_0650,B,letter,-2.7147998809814453
training_0650,C,letter,-0.3710499405860901
training_0650,D,letter,-2.2304248809814453
training_1461,A,present,-2.9687498919665813
training_1461,B,present,-0.71875
training_1461,C,present,-2.9687499590218067
training_1461,D,present,-1.953125044703484
training_2262,A,letter,-1.115689992904663
training_2262,B,letter,-3.146939992904663
training_2262,C,letter,-0.6781900525093079
training_2262,D,letter,-2.115689992904663
training_2669,CDAB,perm,1.0
training_2669,A<B,pair,0.078125
training_2669,A<C,pair,-0.7968750298023224
training_2669,A<D,pair,-3.1874999813735485
training_2669,B<C,pair,-0.390625
training_2669,B<D,pair,-3.0312501043081284
training_2669,C<D,pair,-2.6718749701976776
training_3373,A,letter,-1.9385855197906492
training_3373,B,letter,-1.1573355197906494
training_3373,C,letter,-1.8604605197906492
training_3373,D,letter,-0.9542105197906494
training_0652,A,letter,-2.284456968307495
training_0652,B,letter,-2.159456968307495
training_0652,C,letter,-0.3000819087028503
training_0652,D,letter,-3.221956968307495
training_1463,A,present,-0.8750000596046448
training_1463,B,present,-3.390624895691872
training_1463,C,present,-3.312499951571226
training_1463,D,present,-2.6250000596046448
training_2264,A,letter,-0.6799018383026123
training_2264,B,letter,-2.7424018383026123
training_2264,C,letter,-1.4611518383026123
training_2264,D,letter,-1.6330268383026123
training_2671,DACB,perm,1.0
training_2671,A<B,pair,0.1875
training_2671,A<C,pair,0.171875
training_2671,A<D,pair,-2.4531250670552254
training_2671,B<C,pair,0.265625
training_2671,B<D,pair,-2.453125052154064
training_2671,C<D,pair,-2.593749918043613
training_3375,A,letter,-1.6372900009155271
training_3375,B,letter,-1.1372900009155271
training_3375,C,letter,-1.2310400009155271
training_3375,D,letter,-1.6529150009155271
training_0655,A,letter,-6.572835445404053
training_0655,B,letter,-0.0103356121107935
training_0655,C,letter,-6.135335445404053
training_0655,D,letter,-5.041585445404053
training_1466,A,present,-6.890625082072802
training_1466,B,present,-5.046875078231096
training_1466,C,present,-8.406250162573997
training_1466,D,present,-2.4062501192092896
training_2267,A,letter,-7.205570697784424
training_2267,B,letter,-6.643070697784424
training_2267,C,letter,-0.1274456679821014
training_2267,D,letter,-2.143070697784424
training_3378,A,letter,-1.5256932973861694
training_3378,B,letter,-3.947568416595459
training_3378,C,letter,-3.041318416595459
training_3378,D,letter,-0.3381933271884918
training_0658,A,letter,-0.215381309390068
training_0658,B,letter,-2.809131383895874
training_0658,C,letter,-2.074756383895874
training_0658,D,letter,-4.981006145477295
training_1469,A,present,-4.67187493480742
training_1469,B,present,-0.8593750298023224
training_1469,C,present,-1.21875
training_1469,D,present,-3.5625000558793545
training_2270,A,letter,-1.8651580810546875
training_2270,B,letter,-1.7089080810546875
training_2270,C,letter,-1.7245330810546875
training_2270,D,letter,-0.7245331406593323
training_3381,A,letter,-1.3840309381484983
training_3381,B,letter,-1.9152809381484983
training_3381,C,letter,-1.3527809381484983
training_3381,D,letter,-1.0715309381484983
training_0660,A,letter,-2.0555477142333984
training_0660,B,letter,-2.7117977142333984
training_0660,C,letter,-4.805547714233398
training_0660,D,letter,-0.2274226695299148
training_1471,A,present,-2.921875011175871
training_1471,B,present,-1.4687499403953552
training_1471,C,present,-5.937499868916348
training_1471,D,present,-6.062499860767275
training_2272,A,letter,-4.3987345695495605
training_2272,B,letter,-1.0706095695495603
training_2272,C,letter,-3.4143595695495605
training_2272,D,letter,-0.4924846291542053
training_3383,A,letter,-1.506409764289856
training_3383,B,letter,-0.4907847642898559
training_3383,C,letter,-3.3032846450805664
training_3383,D,letter,-2.0532846450805664
training_0664,A,letter,-6.301609516143799
training_0664,B,letter,-8.754734992980957
training_0664,C,letter,-0.0047346148639917
training_0664,D,letter,-5.957859516143799
training_1475,A,present,-2.7812500335276127
training_1475,B,present,0.8124999701976776
training_1475,C,present,-1.7031249850988388
training_1475,D,present,-2.5312498807907104
training_2276,A,letter,-6.796166896820068
training_2276,B,letter,-0.0461666882038116
training_2276,C,letter,-6.046166896820068
training_2276,D,letter,-3.1867916584014893
training_3387,A,letter,-1.383929967880249
training_3387,B,letter,-4.524555206298828
training_3387,C,letter,-1.368304967880249
training_3387,D,letter,-0.727679967880249
training_0666,A,letter,-7.208102703094482
training_0666,B,letter,-7.442477703094482
training_0666,C,letter,-0.0049775731749832
training_0666,D,letter,-5.661227703094482
training_1477,A,present,3.203125074505806
training_1477,B,present,-8.468749556690454
training_1477,C,present,-1.5468749552965164
training_1477,D,present,1.2187499701976776
training_2278,A,letter,-6.980016708374023
training_2278,B,letter,-3.3081417083740234
training_2278,C,letter,-0.0425167642533779
training_2278,D,letter,-5.542516708374023
training_3389,A,letter,-0.9421553015708924
training_3389,B,letter,-3.785905361175537
training_3389,C,letter,-0.7390303015708923
training_3389,D,letter,-2.223405361175537
training_0669,A,letter,-1.16449236869812
training_0669,B,letter,-3.49261736869812
training_0669,C,letter,-2.39886736869812
training_0669,D,letter,-0.5707423090934753
training_1480,A,present,0.6093750298023224
training_1480,B,present,-2.078124895691872
training_1480,C,present,-1.6875000298023224
training_1480,D,present,-1.7187499552965164
training_2281,A,letter,-4.658666610717773
training_2281,B,letter,-4.393041610717773
training_2281,C,letter,-2.330541610717773
training_2281,D,letter,-0.1274164915084839
training_2674,ADBC,perm,1.0
training_2674,A<B,pair,2.9062500074505806
training_2674,A<C,pair,3.390625093132257
training_2674,A<D,pair,3.953125113621354
training_2674,B<C,pair,1.0625
training_2674,B<D,pair,0.390625
training_2674,C<D,pair,-0.8124999701976776
training_3392,A,letter,-1.3522526025772097
training_3392,B,letter,-1.8835026025772093
training_3392,C,letter,-1.3835026025772097
training_3392,D,letter,-1.0866276025772097
training_0671,A,letter,-6.647680759429932
training_0671,B,letter,-7.428930759429932
training_0671,C,letter,-0.0070556057617068
training_0671,D,letter,-5.350805759429932
training_1482,A,present,-1.8281250149011607
training_1482,B,present,-5.874999901512638
training_1482,C,present,-1.0625000298023224
training_1482,D,present,-2.1874999925494194
training_2283,A,letter,-3.1725854873657227
training_2283,B,letter,-3.3600854873657227
training_2283,C,letter,-3.625710487365722
training_2283,D,letter,-0.1100854128599166
training_2676,BDAC,perm,1.0
training_2676,A<B,pair,-2.124999962747097
training_2676,A<C,pair,0.7187500298023224
training_2676,A<D,pair,0.7656250596046448
training_2676,B<C,pair,3.0625001192092896
training_2676,B<D,pair,3.249999962747097
training_2676,C<D,pair,0.375
training_3394,A,letter,-2.4699816703796387
training_3394,B,letter,-0.6887316703796387
training_3394,C,letter,-1.485606670379639
training_3394,D,letter,-1.688731670379639
training_0673,A,letter,-0.0471096746623516
training_0673,B,letter,-6.015859603881836
training_0673,C,letter,-3.234609603881836
training_0673,D,letter,-5.843984603881836
training_1484,A,present,-4.375000054948032
training_1484,B,present,-3.3906250819563866
training_1484,C,present,-6.984374974737875
training_1484,D,present,-7.656249966705218
training_2285,A,letter,-6.754339694976807
training_2285,B,letter,-6.598089694976807
training_2285,C,letter,-6.379339694976807
training_2285,D,letter,-0.0043399198912084
training_2678,BADC,perm,1.0
training_2678,A<B,pair,-1.7343749850988388
training_2678,A<C,pair,-0.125
training_2678,A<D,pair,0.8125000596046448
training_2678,B<C,pair,2.640625044703484
training_2678,B<D,pair,3.4062501043081284
training_2678,C<D,pair,0.078125
training_3396,A,letter,-2.1527085304260254
training_3396,B,letter,-2.8089585304260254
training_3396,C,letter,-3.1995835304260254
training_3396,D,letter,-0.2464585751295089
training_0675,A,letter,-6.422817707061768
training_0675,B,letter,-0.0165676288306713
training_0675,C,letter,-4.266567707061768
training_0675,D,letter,-7.422817707061768
training_1486,A,present,0.1875
training_1486,B,present,-0.390625
training_1486,C,present,-3.0937501154839997
training_1486,D,present,-6.484374879975803
training_2287,A,letter,-5.133527755737305
training_2287,B,letter,-6.508527755737305
training_2287,C,letter,-3.4616527557373047
training_2287,D,letter,-0.03977782279253
training_2680,BDCA,perm,1.0
training_2680,A<B,pair,-2.593750014901161
training_2680,A<C,pair,0.0
training_2680,A<D,pair,-0.203125
training_2680,B<C,pair,2.2187500670552254
training_2680,B<D,pair,2.4687500596046448
training_2680,C<D,pair,-0.15625
training_3398,A,letter,-0.2400390207767486
training_3398,B,letter,-3.083789110183716
training_3398,C,letter,-3.568164110183716
training_3398,D,letter,-1.9744139909744265
training_0677,A,letter,-1.6174899339675903
training_0677,B,letter,-3.789364814758301
training_0677,C,letter,-0.5081149339675903
training_0677,D,letter,-1.7424899339675903
training_1488,A,present,-4.1718752179294825
training_1488,B,present,-0.046875
training_1488,C,present,-1.9531251192092896
training_1488,D,present,-3.484374903142452
training_2289,A,letter,-0.5228107571601868
training_2289,B,letter,-1.804060697555542
training_2289,C,letter,-3.241560697555542
training_2289,D,letter,-1.600935697555542
training_3400,A,letter,-0.697258710861206
training_3400,B,letter,-2.369133710861206
training_3400,C,letter,-1.791008710861206
training_3400,D,letter,-1.431633710861206
training_0679,A,letter,-0.4704851508140564
training_0679,B,letter,-3.923610210418701
training_0679,C,letter,-4.642360210418701
training_0679,D,letter,-1.0642352104187012
training_1490,A,present,-4.2656252179294825
training_1490,B,present,-0.984375
training_1490,C,present,-2.765624985098839
training_1490,D,present,-2.812500011175871
training_2291,A,letter,-2.396564483642578
training_2291,B,letter,-2.880939483642578
training_2291,C,letter,-0.1778143793344497
training_2291,D,letter,-4.193439483642578
training_3402,A,letter,-2.734120607376098
training_3402,B,letter,-2.577870607376098
training_3402,C,letter,-1.3434956073760986
training_3402,D,letter,-0.5153706073760986
training_0681,A,letter,-0.0733368471264839
training_0681,B,letter,-5.620212078094482
training_0681,C,letter,-2.7608368396759038
training_0681,D,letter,-5.995212078094482
training_1492,A,present,0.5937500298023224
training_1492,B,present,-2.3749999701976776
training_1492,C,present,-7.140624906984158
training_1492,D,present,-4.546875211410224
training_2293,A,letter,-0.4913421273231506
training_2293,B,letter,-0.9600921273231506
training_2293,C,letter,-5.631967067718506
training_2293,D,letter,-6.710092067718506
training_3404,A,letter,-0.415097713470459
training_3404,B,letter,-2.821347713470459
training_3404,C,letter,-1.836972713470459
training_3404,D,letter,-2.165097713470459
training_0683,A,letter,-4.742639064788818
training_0683,B,letter,-7.117639064788818
training_0683,C,letter,-0.0238889697939157
training_0683,D,letter,-4.305139064788818
training_1494,A,present,-3.000000052154064
training_1494,B,present,-0.421875
training_1494,C,present,-4.468749993480742
training_1494,D,present,-4.796874984167516
training_2295,A,letter,-5.4549174308776855
training_2295,B,letter,-0.1736676096916198
training_2295,C,letter,-1.9080426692962649
training_2295,D,letter,-5.0955424308776855
training_3406,A,letter,-0.5100045204162598
training_3406,B,letter,-2.82250452041626
training_3406,C,letter,-1.91625452041626
training_3406,D,letter,-1.7131295204162598
training_0687,A,letter,-1.0752228498458862
training_0687,B,letter,-6.684597969055176
training_0687,C,letter,-3.950222969055176
training_0687,D,letter,-0.4502228498458862
training_1498,A,present,-7.218750068102963
training_1498,B,present,-2.953124936670065
training_1498,C,present,-2.8593751043081284
training_1498,D,present,-1.6562499701976776
training_2299,A,letter,-5.053711891174316
training_2299,B,letter,-0.0380869731307029
training_2299,C,letter,-6.069336891174316
training_2299,D,letter,-3.5693368911743164
training_3410,A,letter,-0.3344404399394989
training_3410,B,letter,-2.0844404697418213
training_3410,C,letter,-4.037565231323242
training_3410,D,letter,-1.9594404697418213
training_0689,A,letter,-6.998038768768311
training_0689,B,letter,-0.1230385676026344
training_0689,C,letter,-2.6230385303497314
training_0689,D,letter,-3.1855385303497314
training_1500,A,present,-5.078124868217856
training_1500,B,present,-1.1406249701976776
training_1500,C,present,-2.250000074505806
training_1500,D,present,-1.46875
training_2301,A,letter,-2.924095869064331
training_2301,B,letter,-3.220970869064331
training_2301,C,letter,-1.424095869064331
training_2301,D,letter,-0.4084709286689758
training_3412,A,letter,-2.723707437515259
training_3412,B,letter,-4.20808219909668
training_3412,C,letter,-0.7705824375152588
training_3412,D,letter,-0.7862074375152588
training_0692,A,letter,-0.6145758032798767
training_0692,B,letter,-3.7552008628845215
training_0692,C,letter,-0.9114508032798768
training_0692,D,letter,-3.427075862884521
training_1503,A,present,-4.656250131316483
training_1503,B,present,-2.0468751043081284
training_1503,C,present,0.359375
training_1503,D,present,-1.9999999701976776
training_2304,A,letter,-3.620067834854126
training_2304,B,letter,-0.2138178050518036
training_2304,C,letter,-3.948192834854126
training_2304,D,letter,-1.932567834854126
training_3415,A,letter,-5.808351516723633
training_3415,B,letter,-0.0114766871556639
training_3415,C,letter,-7.527101516723633
training_3415,D,letter,-4.870851516723633
training_0694,A,letter,-0.0029577340465039
training_0694,B,letter,-6.206082820892334
training_0694,C,letter,-8.690457344055176
training_0694,D,letter,-7.252957820892334
training_1505,A,present,1.1874999403953552
training_1505,B,present,-9.671874770021532
training_1505,C,present,-2.124999985098839
training_1505,D,present,-2.453125111758709
training_2306,A,letter,-5.833227634429932
training_2306,B,letter,-6.583227634429932
training_2306,C,letter,-0.0051024691201746
training_2306,D,letter,-7.270727634429932
training_3417,A,letter,-0.3752011656761169
training_3417,B,letter,-3.1877012252807617
training_3417,C,letter,-1.3283262252807615
training_3417,D,letter,-5.156451225280762
training_0697,A,letter,-3.8602874279022217
training_0697,B,letter,-5.735287666320801
training_0697,C,letter,-1.1415375471115112
training_0697,D,letter,-0.4227875173091888
training_1508,A,present,-3.1093749403953552
training_1508,B,present,-2.140624977648258
training_1508,C,present,-3.187500085681677
training_1508,D,present,-4.109374884516001
training_2309,A,letter,-0.2994393706321716
training_2309,B,letter,-1.8775644302368164
training_2309,C,letter,-5.361939430236816
training_2309,D,letter,-2.2994394302368164
training_2682,ACDB,perm,1.0
training_2682,A<B,pair,4.968749849591404
training_2682,A<C,pair,-1.2031250298023224
training_2682,A<D,pair,3.999999770894647
training_2682,B<C,pair,-4.093749988824129
training_2682,B<D,pair,-0.4375
training_2682,C<D,pair,4.015625067055225
training_3420,A,letter,-2.011424779891968
training_3420,B,letter,-2.464549779891968
training_3420,C,letter,-2.292674779891968
training_3420,D,letter,-0.386424720287323
training_0701,A,letter,-0.3369669020175934
training_0701,B,letter,-3.946341991424561
training_0701,C,letter,-2.4775919914245605
training_0701,D,letter,-1.711966872215271
training_1512,A,present,-5.875000193715096
training_1512,B,present,-0.40625
training_1512,C,present,0.40625
training_1512,D,present,-3.671874897554517
training_2313,A,letter,-0.7984938025474548
training_2313,B,letter,-1.0797438621520996
training_2313,C,letter,-2.5328688621521
training_2313,D,letter,-2.0484938621521
training_3424,A,letter,-1.1289572715759275
training_3424,B,letter,-0.800832211971283
training_3424,C,letter,-1.5664572715759275
training_3424,D,letter,-4.019582271575928
training_0703,A,letter,-0.5791201591491699
training_0703,B,letter,-2.45412015914917
training_0703,C,letter,-2.61037015914917
training_0703,D,letter,-1.28224515914917
training_1514,A,present,1.2031249701976776
training_1514,B,present,-3.640625100582838
training_1514,C,present,-3.500000013038516
training_1514,D,present,-5.125000149011612
training_2315,A,letter,-2.0356149673461914
training_2315,B,letter,-2.4574899673461914
training_2315,C,letter,-2.4574899673461914
training_2315,D,letter,-0.3637399971485138
training_2685,CBDA,perm,1.0
training_2685,A<B,pair,-1.0937499403953552
training_2685,A<C,pair,-1.4218750447034836
training_2685,A<D,pair,0.984375
training_2685,B<C,pair,-0.125
training_2685,B<D,pair,2.421874903142452
training_2685,C<D,pair,2.593749925494194
training_3426,A,letter,-2.767765760421753
training_3426,B,letter,-2.783390760421753
training_3426,C,letter,-0.1427658349275589
training_3426,D,letter,-4.877140998840332
training_0706,A,letter,-3.644491195678711
training_0706,B,letter,-0.1444913148880005
training_0706,C,letter,-2.363241195678711
training_0706,D,letter,-4.331991195678711
training_1517,A,present,-2.515624888241291
training_1517,B,present,-0.203125
training_1517,C,present,-3.312500074505806
training_1517,D,present,-2.9531251192092896
training_2318,A,letter,-5.199868202209473
training_2318,B,letter,-2.6529929637908936
training_2318,C,letter,-0.1686180084943771
training_2318,D,letter,-2.5436179637908936
training_3429,A,letter,-5.014679908752441
training_3429,B,letter,-2.8896796703338623
training_3429,C,letter,-3.2178046703338623
training_3429,D,letter,-0.10842976719141
training_0709,A,letter,-0.4467466473579407
training_0709,B,letter,-1.181121587753296
training_0709,C,letter,-5.134246826171875
training_0709,D,letter,-3.087371587753296
training_1520,A,present,-1.859374895691872
training_1520,B,present,-1.2812500447034836
training_1520,C,present,-5.531249838415533
training_1520,D,present,-7.374999885156285
training_2321,A,letter,-1.0976778268814087
training_2321,B,letter,-1.4570528268814087
training_2321,C,letter,-1.2070528268814087
training_2321,D,letter,-2.035177707672119
training_2688,CBAD,perm,1.0
training_2688,A<B,pair,-0.0625
training_2688,A<C,pair,-0.03125
training_2688,A<D,pair,3.046875052154064
training_2688,B<C,pair,0.7499999701976776
training_2688,B<D,pair,3.2187500074505806
training_2688,C<D,pair,2.2500001043081284
training_3432,A,letter,-4.594666004180908
training_3432,B,letter,-2.7821662425994877
training_3432,C,letter,-0.0790412127971649
training_3432,D,letter,-5.672791004180908
training_0715,A,letter,-7.581223011016846
training_0715,B,letter,-0.003098213346675
training_0715,C,letter,-6.596848011016846
training_0715,D,letter,-6.893723011016846
training_1526,A,present,-1.9375000149011607
training_1526,B,present,2.296874888241291
training_1526,C,present,-1.3906249701976776
training_1526,D,present,1.1875
training_2327,A,letter,-8.406975746154785
training_2327,B,letter,-9.531975746154783
training_2327,C,letter,-0.0007253637886606
training_2327,D,letter,-7.844475269317627
training_3438,A,letter,-0.5503883957862854
training_3438,B,letter,-1.9722633361816408
training_3438,C,letter,-1.4566383361816406
training_3438,D,letter,-3.0035133361816406
training_0717,A,letter,-5.676124572753906
training_0717,B,letter,-0.0042493529617786
training_0717,C,letter,-8.144874572753906
training_0717,D,letter,-7.988624572753906
training_1528,A,present,0.34375
training_1528,B,present,0.515625
training_1528,C,present,-5.375000157393515
training_1528,D,present,-7.781250119616743
training_2329,A,letter,-0.8369761109352112
training_2329,B,letter,-5.133851051330566
training_2329,C,letter,-0.8213511109352112
training_2329,D,letter,-2.1182260513305664
training_3440,A,letter,-3.0314345359802246
training_3440,B,letter,-0.0939345583319664
training_3440,C,letter,-4.953309535980225
training_3440,D,letter,-3.4064345359802246
training_0719,A,letter,-6.506711483001709
training_0719,B,letter,-5.756711483001709
training_0719,C,letter,-0.9129616022109984
training_0719,D,letter,-0.5223366022109985
training_1530,A,present,-5.56249987334013
training_1530,B,present,-5.265625021420419
training_1530,C,present,0.34375
training_1530,D,present,-0.7499999701976776
training_2331,A,letter,-4.443411350250244
training_2331,B,letter,-1.099661350250244
training_2331,C,letter,-0.6152864098548889
training_2331,D,letter,-2.177786350250244
training_3442,A,letter,-1.114107608795166
training_3442,B,letter,-2.910982608795166
training_3442,C,letter,-1.332857608795166
training_3442,D,letter,-1.051607608795166
training_0721,A,letter,-1.5190885066986084
training_0721,B,letter,-6.503463268280029
training_0721,C,letter,-5.847213268280029
training_0721,D,letter,-0.2534634470939636
training_1532,A,present,-8.937500154832378
training_1532,B,present,-1.9687499403953552
training_1532,C,present,-7.703125002386514
training_1532,D,present,-6.078124872175977
training_2333,A,letter,-4.160966396331787
training_2333,B,letter,-4.504716396331787
training_2333,C,letter,-2.004716396331787
training_2333,D,letter,-0.1765913069248199
training_3444,A,letter,-1.0263530015945437
training_3444,B,letter,-3.901352882385254
training_3444,C,letter,-0.5576030015945435
training_3444,D,letter,-3.041977882385254
training_0727,A,letter,-3.53112268447876
training_0727,B,letter,-0.0311226639896631
training_0727,C,letter,-7.43737268447876
training_0727,D,letter,-7.70299768447876
training_1538,A,present,-1.1093750298023224
training_1538,B,present,-2.890624899417162
training_1538,C,present,-3.593749897554517
training_1538,D,present,-1.90625
training_2339,A,letter,-5.698296070098877
training_2339,B,letter,-1.729546308517456
training_2339,C,letter,-4.495171070098877
training_2339,D,letter,-0.2139212787151336
training_3450,A,letter,-3.031188488006592
training_3450,B,letter,-1.4999386072158811
training_3450,C,letter,-3.515563488006592
training_3450,D,letter,-0.3593135774135589
training_0730,A,letter,-0.6647502183914185
training_0730,B,letter,-1.1491252183914185
training_0730,C,letter,-5.711625099182129
training_0730,D,letter,-1.8053752183914185
training_1541,A,present,-0.046875
training_1541,B,present,-1.6875
training_1541,C,present,-4.984374939929694
training_1541,D,present,-4.296875196509063
training_3453,A,letter,-3.183980941772461
training_3453,B,letter,-0.4808560013771057
training_3453,C,letter,-1.840230941772461
training_3453,D,letter,-1.715230941772461
training_0732,A,letter,-5.290828704833984
training_0732,B,letter,-1.5095787048339844
training_0732,C,letter,-6.212703704833984
training_0732,D,letter,-0.2595787346363067
training_1543,A,present,-4.468750083819032
training_1543,B,present,-6.421875124447979
training_1543,C,present,-6.796875124331564
training_1543,D,present,-3.6562499571591616
training_2341,A,letter,-0.8713451623916626
training_2341,B,letter,-6.371345043182373
training_2341,C,letter,-1.9650951623916624
training_2341,D,letter,-0.8244701623916626
training_2690,BADC,perm,1.0
training_2690,A<B,pair,-5.140625210013241
training_2690,A<C,pair,-1.3906249850988388
training_2690,A<D,pair,-2.562500096857548
training_2690,B<C,pair,4.156250149011612
training_2690,B<D,pair,2.9062499962747097
training_2690,C<D,pair,-1.6250000447034836
training_3455,A,letter,-0.4839792251586914
training_3455,B,letter,-1.6558542251586914
training_3455,C,letter,-1.7808542251586914
training_3455,D,letter,-3.7652292251586914
training_0736,A,letter,-3.255175828933716
training_0736,B,letter,-4.208301067352295
training_0736,C,letter,-0.0676758512854576
training_0736,D,letter,-4.489551067352295
training_1547,A,present,-4.453125176951289
training_1547,B,present,2.046874895691872
training_1547,C,present,-2.218749895691872
training_1547,D,present,-9.031250145373631
training_2345,A,letter,-2.591879844665528
training_2345,B,letter,-5.670004844665527
training_2345,C,letter,-2.154379844665528
training_2345,D,letter,-0.2168797999620437
training_3459,A,letter,-3.26261305809021
training_3459,B,letter,-3.85636305809021
training_3459,C,letter,-0.1219880431890487
training_3459,D,letter,-2.91886305809021
training_0738,A,letter,-5.477296829223633
training_0738,B,letter,-5.727296829223633
training_0738,C,letter,-0.1960467100143432
training_0738,D,letter,-1.7741717100143433
training_1549,A,present,-2.687500022351742
training_1549,B,present,-7.265624870895408
training_1549,C,present,-3.0781250298023224
training_1549,D,present,-7.093749817693606
training_2347,A,letter,-2.42017126083374
training_2347,B,letter,-0.6232962012290955
training_2347,C,letter,-2.84204626083374
training_2347,D,letter,-1.1545462608337402
training_3461,A,letter,-1.2748637199401855
training_3461,B,letter,-0.6186137795448303
training_3461,C,letter,-2.056113719940185
training_3461,D,letter,-2.962363719940185
training_0740,A,letter,-1.6368818283081057
training_0740,B,letter,-0.7775067687034607
training_0740,C,letter,-3.7931318283081055
training_0740,D,letter,-1.1368818283081057
training_1551,A,present,-2.609374977648258
training_1551,B,present,-3.531249895691872
training_1551,C,present,-2.484374918043613
training_1551,D,present,-5.109375081956387
training_2349,A,letter,-0.198583111166954
training_2349,B,letter,-4.167333126068115
training_2349,C,letter,-2.4798331260681152
training_2349,D,letter,-2.5267081260681152
training_3463,A,letter,-0.7519305348396301
training_3463,B,letter,-0.6738055348396301
training_3463,C,letter,-5.0644307136535645
training_3463,D,letter,-4.4550557136535645
training_0743,A,letter,-0.932001769542694
training_0743,B,letter,-2.932001829147339
training_0743,C,letter,-1.8226268291473389
training_0743,D,letter,-0.947626769542694
training_1554,A,present,-4.812500008381903
training_1554,B,present,-1.7187500447034836
training_1554,C,present,-2.078125
training_1554,D,present,-4.484374954365194
training_2352,A,letter,-3.0159878730773926
training_2352,B,letter,-1.3753628730773926
training_2352,C,letter,-1.3753628730773926
training_2352,D,letter,-0.8128628134727478
training_3466,A,letter,-0.609933614730835
training_3466,B,letter,-1.750558614730835
training_3466,C,letter,-1.578683614730835
training_3466,D,letter,-2.609933614730835
training_0745,A,letter,-2.2214367389678955
training_0745,B,letter,-1.955811858177185
training_0745,C,letter,-3.5495617389678955
training_0745,D,letter,-0.3308118283748626
training_1556,A,present,-3.0468750409781933
training_1556,B,present,-2.203125044703484
training_1556,C,present,-1.0468750596046448
training_1556,D,present,-2.374999903142452
training_2354,A,letter,-1.0274535417556765
training_2354,B,letter,-1.1524535417556765
training_2354,C,letter,-1.9337035417556765
training_2354,D,letter,-1.7149535417556765
training_3468,A,letter,-3.177370548248291
training_3468,B,letter,-0.9586204290390016
training_3468,C,letter,-3.692995548248291
training_3468,D,letter,-0.5992454290390015
training_0748,A,letter,-6.285633087158203
training_0748,B,letter,-4.723133087158203
training_0748,C,letter,-0.1762582510709762
training_0748,D,letter,-1.895008206367493
training_1559,A,present,-8.156250281143002
training_1559,B,present,-3.2500001043081284
training_1559,C,present,-5.859375009778887
training_1559,D,present,-0.5
training_2357,A,letter,-0.1317643523216247
training_2357,B,letter,-7.584889411926269
training_2357,C,letter,-4.8817644119262695
training_2357,D,letter,-2.163014411926269
training_3471,A,letter,-0.5249850749969482
training_3471,B,letter,-3.696860074996948
training_3471,C,letter,-1.0718600749969482
training_3471,D,letter,-3.212485074996948
training_0752,A,letter,-2.373577356338501
training_0752,B,letter,-6.607952117919922
training_0752,C,letter,-0.1704522967338562
training_0752,D,letter,-2.795452356338501
training_1563,A,present,-5.531250073108822
training_1563,B,present,-3.421875096857548
training_1563,C,present,-2.281249932944774
training_1563,D,present,2.4687501043081284
training_2361,A,letter,-0.4510618448257446
training_2361,B,letter,-2.529186725616455
training_2361,C,letter,-1.4354368448257446
training_2361,D,letter,-3.122936725616455
training_3475,A,letter,-3.9200069904327393
training_3475,B,letter,-5.17000675201416
training_3475,C,letter,-4.01375675201416
training_3475,D,letter,-0.0450069904327392
training_0755,A,letter,-6.749821186065674
training_0755,B,letter,-0.0154462018981575
training_0755,C,letter,-6.187321186065674
training_0755,D,letter,-4.437321186065674
training_1566,A,present,0.6250000298023224
training_1566,B,present,-0.4375000298023224
training_1566,C,present,-6.296875049592927
training_1566,D,present,-5.609375151572749
training_3478,A,letter,-3.9791316986083984
training_3478,B,letter,-3.6510066986083984
training_3478,C,letter,-0.0572567507624626
training_3478,D,letter,-4.619756698608398
training_0758,A,letter,-3.925187110900879
training_0758,B,letter,-2.143937110900879
training_0758,C,letter,-0.2533121705055237
training_0758,D,letter,-2.456437110900879
training_1569,A,present,-0.3125
training_1569,B,present,-5.406250117346644
training_1569,C,present,-0.09375
training_1569,D,present,-3.1718749403953552
training_2364,A,letter,-1.9912434816360476
training_2364,B,letter,-1.0068684816360474
training_2364,C,letter,-2.131868362426758
training_2364,D,letter,-0.9756184816360474
training_2694,ACBD,perm,1.0
training_2694,A<B,pair,0.7812500596046448
training_2694,A<C,pair,0.265625
training_2694,A<D,pair,0.421875
training_2694,B<C,pair,-0.1875
training_2694,B<D,pair,-0.265625
training_2694,C<D,pair,0.5156250298023224
training_3481,A,letter,-3.896331548690796
training_3481,B,letter,-0.1150815486907959
training_3481,C,letter,-3.427581548690796
training_3481,D,letter,-2.927581548690796
training_0760,A,letter,-5.621752262115479
training_0760,B,letter,-4.965502262115479
training_0760,C,letter,-0.0123771196231246
training_0760,D,letter,-6.606127262115479
training_1571,A,present,-1.453125
training_1571,B,present,-1.9687500149011607
training_1571,C,present,-2.796875074505806
training_1571,D,present,-4.515624985098839
training_2366,A,letter,-3.8862502574920654
training_2366,B,letter,-1.3706252574920654
training_2366,C,letter,-0.6675003170967102
training_2366,D,letter,-1.5581252574920654
training_2696,DBAC,perm,1.0
training_2696,A<B,pair,0.6093749403953552
training_2696,A<C,pair,0.015625
training_2696,A<D,pair,0.140625
training_2696,B<C,pair,-0.484375
training_2696,B<D,pair,-0.7499999701976776
training_2696,C<D,pair,-0.09375
training_3483,A,letter,-2.0516226291656494
training_3483,B,letter,-0.1766225844621658
training_3483,C,letter,-4.09849739074707
training_3483,D,letter,-4.36412239074707
training_0765,A,letter,-3.59295654296875
training_0765,B,letter,-0.3117066621780395
training_0765,C,letter,-1.5929566621780396
training_0765,D,letter,-3.34295654296875
training_1576,A,present,-2.484375111758709
training_1576,B,present,-1.015625
training_1576,C,present,-1.4218749701976776
training_1576,D,present,-0.46875
training_2371,A,letter,-4.260249614715576
training_2371,B,letter,-3.416499614715576
training_2371,C,letter,-0.1977496445178985
training_2371,D,letter,-2.025874614715576
training_2698,DBCA,perm,1.0
training_2698,A<B,pair,-1.8125
training_2698,A<C,pair,-0.375
training_2698,A<D,pair,-3.000000044703484
training_2698,B<C,pair,1.5937499701976776
training_2698,B<D,pair,-0.5625
training_2698,C<D,pair,-3.031250011175871
training_3488,A,letter,-4.116057395935059
training_3488,B,letter,-2.4910573959350586
training_3488,C,letter,-3.7723073959350586
training_3488,D,letter,-0.1316823214292526
training_0770,A,letter,-3.8516845703125
training_0770,B,letter,-1.6329346895217896
training_0770,C,letter,-1.4923096895217896
training_0770,D,letter,-0.5860596895217896
training_1581,A,present,-0.8437499701976776
training_1581,B,present,-1.703125
training_1581,C,present,0.421875
training_1581,D,present,-3.3124999664723878
training_2373,A,letter,-1.2952109575271606
training_2373,B,letter,-1.4202109575271606
training_2373,C,letter,-3.685835838317871
training_2373,D,letter,-0.7795859575271606
training_2700,BDCA,perm,1.0
training_2700,A<B,pair,-2.8750000782310963
training_2700,A<C,pair,-1.0468750298023224
training_2700,A<D,pair,-3.156249895691872
training_2700,B<C,pair,3.1562501043081284
training_2700,B<D,pair,-0.15625
training_2700,C<D,pair,-2.0312499925494194
training_3493,A,letter,-1.8183363676071167
training_3493,B,letter,-1.6620863676071167
training_3493,C,letter,-0.9589613676071168
training_3493,D,letter,-1.3339613676071167
training_0773,A,letter,-2.783949375152588
training_0773,B,letter,-6.080824375152588
training_0773,C,letter,-3.596449375152588
training_0773,D,letter,-0.0964494124054908
training_1584,A,present,-3.5625000670552254
training_1584,B,present,-5.296875077765435
training_1584,C,present,-3.078124973922968
training_1584,D,present,-3.140624932944774
training_2376,A,letter,-2.84040641784668
training_2376,B,letter,-1.0591564178466797
training_2376,C,letter,-1.0279064178466797
training_2376,D,letter,-1.4497814178466797
training_3496,A,letter,-1.0260781049728394
training_3496,B,letter,-2.729203224182129
training_3496,C,letter,-1.8542031049728396
training_3496,D,letter,-0.8698281049728394
training_0775,A,letter,-0.2797619104385376
training_0775,B,letter,-3.545386791229248
training_0775,C,letter,-3.232886791229248
training_0775,D,letter,-1.7485119104385376
training_1586,A,present,-3.499999951571226
training_1586,B,present,-4.0937502179294825
training_1586,C,present,-3.0468749925494194
training_1586,D,present,-2.4062499701976776
training_2378,A,letter,-2.7188949584960938
training_2378,B,letter,-2.4532699584960938
training_2378,C,letter,-0.7501449584960938
training_2378,D,letter,-0.9845199584960938
training_3498,A,letter,-2.3015377521514893
training_3498,B,letter,-3.1296627521514893
training_3498,C,letter,-0.7390376925468445
training_3498,D,letter,-0.9734126925468444
training_0777,A,letter,-0.118765577673912
training_0777,B,letter,-4.103140354156494
training_0777,C,letter,-2.431265592575073
training_0777,D,letter,-5.087515354156494
training_1588,A,present,1.9687500149011607
training_1588,B,present,-2.062500014901161
training_1588,C,present,-5.249999897554517
training_1588,D,present,-5.87500014458783
training_2380,A,letter,-2.498516798019409
training_2380,B,letter,-0.4360168874263763
training_2380,C,letter,-4.748517036437988
training_2380,D,letter,-1.3422669172286987
training_3500,A,letter,-1.8642137050628664
training_3500,B,letter,-1.3017137050628662
training_3500,C,letter,-1.3173387050628662
training_3500,D,letter,-1.1923387050628662
training_0779,A,letter,-0.2047119587659835
training_0779,B,letter,-3.1578369140625
training_0779,C,letter,-3.3609619140625
training_0779,D,letter,-2.2359619140625
training_1590,A,present,-6.921875063097104
training_1590,B,present,-3.593749947845936
training_1590,C,present,-3.546875
training_1590,D,present,-4.781249823980033
training_2382,A,letter,-3.420127868652344
training_2382,B,letter,-0.1857529133558273
training_2382,C,letter,-3.420127868652344
training_2382,D,letter,-2.279502868652344
training_2703,CBAD,perm,1.0
training_2703,A<B,pair,-1.5625000149011612
training_2703,A<C,pair,-1.5937500596046448
training_2703,A<D,pair,1.0000000596046448
training_2703,B<C,pair,-0.6875
training_2703,B<D,pair,2.0937500670552254
training_2703,C<D,pair,2.859374888241291
training_3502,A,letter,-1.1959315538406372
training_3502,B,letter,-1.7584315538406372
training_3502,C,letter,-0.9771815538406372
training_3502,D,letter,-1.9146815538406368
training_0782,A,letter,-1.060338020324707
training_0782,B,letter,-4.497838020324707
training_0782,C,letter,-1.091588020324707
training_0782,D,letter,-1.185338020324707
training_1593,A,present,-2.2812500298023224
training_1593,B,present,-0.8281250596046448
training_1593,C,present,-1.2812499403953552
training_1593,D,present,-4.500000172294676
training_2385,A,letter,-3.59292221069336
training_2385,B,letter,-3.18667221069336
training_2385,C,letter,-0.6085472106933594
training_2385,D,letter,-0.9522972106933594
training_2706,DCBA,perm,1.0
training_2706,A<B,pair,-1.7343750447034836
training_2706,A<C,pair,-4.0156250558793545
training_2706,A<D,pair,-3.9531250558793545
training_2706,B<C,pair,-2.156249985098839
training_2706,B<D,pair,-1.9687498807907104
training_2706,C<D,pair,1.5625000447034836
training_3505,A,letter,-1.8839133977890012
training_3505,B,letter,-0.227663367986679
training_3505,C,letter,-3.946413278579712
training_3505,D,letter,-3.462038278579712
training_0789,A,letter,-3.8669204711914062
training_0789,B,letter,-0.6794203519821167
training_0789,C,letter,-5.945045471191406
training_0789,D,letter,-0.7575453519821167
training_1600,A,present,-0.7343750298023224
training_1600,B,present,-2.437500022351742
training_1600,C,present,-3.203125022351742
training_1600,D,present,-1.9687499552965164
training_2392,A,letter,-0.5234541893005371
training_2392,B,letter,-2.632829189300537
training_2392,C,letter,-1.914079189300537
training_2392,D,letter,-1.679704189300537
training_3512,A,letter,-1.1228764057159424
training_3512,B,letter,-0.9822514057159424
training_3512,C,letter,-2.2010014057159424
training_3512,D,letter,-1.6697514057159424
training_0792,A,letter,-7.7592854499816895
training_0792,B,letter,-0.0092855971306562
training_0792,C,letter,-4.8374104499816895
training_0792,D,letter,-7.2280354499816895
training_1603,A,present,-4.437499975785613
training_1603,B,present,-3.9999999664723873
training_1603,C,present,-5.343750052154064
training_1603,D,present,3.437500063329935
training_2395,A,letter,-5.226413726806641
training_2395,B,letter,-1.2107887268066406
training_2395,C,letter,-0.3670386970043182
training_2395,D,letter,-5.695163726806641
training_2710,BCAD,perm,1.0
training_2710,A<B,pair,-0.078125
training_2710,A<C,pair,-0.03125
training_2710,A<D,pair,2.515625096857548
training_2710,B<C,pair,-1.2812500298023224
training_2710,B<D,pair,2.0625000819563866
training_2710,C<D,pair,3.796875111758709
training_3515,A,letter,-0.7799038290977478
training_3515,B,letter,-0.8424038290977478
training_3515,C,letter,-2.9986538887023926
training_3515,D,letter,-2.8111538887023926
training_0794,A,letter,-7.163705348968506
training_0794,B,letter,-0.1637052297592163
training_0794,C,letter,-2.866830348968506
training_0794,D,letter,-2.382455348968506
training_1605,A,present,-4.828124871477485
training_1605,B,present,-3.5937500819563866
training_1605,C,present,-6.546874777181074
training_1605,D,present,-2.343749977648258
training_2397,A,letter,-2.985792636871338
training_2397,B,letter,-1.9545427560806277
training_2397,C,letter,-0.3451677560806274
training_2397,D,letter,-2.313917636871338
training_3517,A,letter,-1.0051807165145874
training_3517,B,letter,-2.536430835723877
training_3517,C,letter,-0.5989307165145874
training_3517,D,letter,-5.348930835723877
training_0798,A,letter,-1.5600008964538574
training_0798,B,letter,-1.7318758964538574
training_0798,C,letter,-1.3100008964538574
training_0798,D,letter,-1.0756258964538574
training_1609,A,present,-1.4843749850988388
training_1609,B,present,-3.140624932944774
training_1609,C,present,-2.4687498807907104
training_1609,D,present,1.609375
training_2401,A,letter,-3.533189535140991
training_2401,B,letter,-4.876939296722412
training_2401,C,letter,-1.5644395351409912
training_2401,D,letter,-0.2831895053386688
training_2713,BDCA,perm,1.0
training_2713,A<B,pair,-3.656249886378646
training_2713,A<C,pair,-0.34375
training_2713,A<D,pair,-3.796875104308128
training_2713,B<C,pair,3.953125014901161
training_2713,B<D,pair,1.78125
training_2713,C<D,pair,-3.109375111758709
training_3521,A,letter,-5.267994403839111
training_3521,B,letter,-2.377369165420532
training_3521,C,letter,-0.2836192548274994
training_3521,D,letter,-1.9086192846298216
training_0802,A,letter,-8.846466064453125
training_0802,B,letter,-0.0027155925054103
training_0802,C,letter,-6.315215587615967
training_0802,D,letter,-7.377715587615967
training_1613,A,present,-2.437500111758709
training_1613,B,present,-7.859374881314579
training_1613,C,present,-1.5625000149011612
training_1613,D,present,-6.109374815830961
training_2405,A,letter,-0.0152865489944815
training_2405,B,letter,-6.937161445617676
training_2405,C,letter,-4.405911445617676
training_2405,D,letter,-6.312161445617676
training_2717,CADB,perm,1.0
training_2717,A<B,pair,0.8749999403953552
training_2717,A<C,pair,-0.421875
training_2717,A<D,pair,0.6406250596046448
training_2717,B<C,pair,-2.4218750074505806
training_2717,B<D,pair,-0.9531249701976776
training_2717,C<D,pair,2.0
training_3525,A,letter,-2.482506275177002
training_3525,B,letter,-5.591881275177002
training_3525,C,letter,-1.4512561559677124
training_3525,D,letter,-0.3887561857700348
training_0804,A,letter,-0.8561577796936035
training_0804,B,letter,-1.1842827796936035
training_0804,C,letter,-1.3405327796936035
training_0804,D,letter,-5.153032779693604
training_1615,A,present,-2.406249903142452
training_1615,B,present,-4.468749915249646
training_1615,C,present,-0.9687499701976776
training_1615,D,present,-0.265625
training_2407,A,letter,-2.2593648433685303
training_2407,B,letter,-2.0874898433685303
training_2407,C,letter,-0.9624898433685304
training_2407,D,letter,-0.9468648433685304
training_3527,A,letter,-0.2755347490310669
training_3527,B,letter,-2.5255346298217773
training_3527,C,letter,-4.556784629821777
training_3527,D,letter,-1.900534749031067
training_0807,A,letter,-5.455220699310303
training_0807,B,letter,-3.127095460891724
training_0807,C,letter,-0.095845527946949
training_0807,D,letter,-3.158345460891724
training_1618,A,present,-9.124999666717486
training_1618,B,present,-4.546875038184226
training_1618,C,present,-1.5312500298023224
training_1618,D,present,-3.015625052154064
training_2410,A,letter,-4.499138355255127
training_2410,B,letter,-3.577263355255127
training_2410,C,letter,-5.217888355255127
training_2410,D,letter,-0.046013344079256
training_2719,DBAC,perm,1.0
training_2719,A<B,pair,-1.4218749403953552
training_2719,A<C,pair,1.3124999701976776
training_2719,A<D,pair,-3.437499932944774
training_2719,B<C,pair,2.1406250596046448
training_2719,B<D,pair,-2.406250096857548
training_2719,C<D,pair,-4.484375094994903
training_3530,A,letter,-3.903937101364136
training_3530,B,letter,-1.9664369821548464
training_3530,C,letter,-0.2008119970560073
training_3530,D,letter,-3.888312101364136
training_0809,A,letter,-6.437694072723389
training_0809,B,letter,-5.015819072723389
training_0809,C,letter,-3.2814440727233887
training_0809,D,letter,-0.0470691882073879
training_1620,A,present,0.4374999701976776
training_1620,B,present,-5.984374888241291
training_1620,C,present,-5.43749980116263
training_1620,D,present,-4.53124990221113
training_2412,A,letter,-4.511383056640625
training_2412,B,letter,-0.0426331721246242
training_2412,C,letter,-4.808258056640625
training_2412,D,letter,-3.823883056640625
training_2721,CADB,perm,1.0
training_2721,A<B,pair,3.2656249292194843
training_2721,A<C,pair,-0.46875
training_2721,A<D,pair,3.390625085681677
training_2721,B<C,pair,-3.8437500689178714
training_2721,B<D,pair,-0.421875
training_2721,C<D,pair,4.703125189989805
training_3532,A,letter,-5.790731430053711
training_3532,B,letter,-0.1344815492630005
training_3532,C,letter,-5.493856430053711
training_3532,D,letter,-2.134481430053711
training_0811,A,letter,-5.91079044342041
training_0811,B,letter,-5.75454044342041
training_0811,C,letter,-0.1451654136180877
training_0811,D,letter,-2.05141544342041
training_1622,A,present,-4.73437480814755
training_1622,B,present,-3.765625050291419
training_1622,C,present,-2.9375001080334187
training_1622,D,present,-3.7968750931322575
training_2414,A,letter,-4.147207260131836
training_2414,B,letter,-0.053457211703062
training_2414,C,letter,-3.647207260131836
training_2414,D,letter,-4.694082260131836
training_2723,DCBA,perm,1.0
training_2723,A<B,pair,-2.8125000335276127
training_2723,A<C,pair,-5.734374984167516
training_2723,A<D,pair,-5.265625067986548
training_2723,B<C,pair,-3.0781251192092896
training_2723,B<D,pair,-3.578124936670065
training_2723,C<D,pair,-1.0312500596046448
training_3534,A,letter,-1.8662071228027344
training_3534,B,letter,-3.1474571228027344
training_3534,C,letter,-0.2255820780992508
training_3534,D,letter,-5.569332122802734
training_0079,A,letter,-2.5919952392578125
training_0079,B,letter,-4.7169952392578125
training_0079,C,letter,-1.091995120048523
training_0079,D,letter,-0.545120120048523
training_0890,A,present,-2.718750022351742
training_0890,B,present,-3.843750037252903
training_0890,C,present,0.953125
training_0890,D,present,-3.249999918043613
training_1698,A,letter,-0.2554171085357666
training_1698,B,letter,-2.8335421085357666
training_1698,C,letter,-1.8491671085357664
training_1698,D,letter,-4.755416870117188
training_2802,A,letter,-1.23591411113739
training_2802,B,letter,-0.6890391111373901
training_2802,C,letter,-1.90778911113739
training_2802,D,letter,-2.84528923034668
training_0082,A,letter,-4.156999588012695
training_0082,B,letter,-4.922624588012695
training_0082,C,letter,-0.0319994688034057
training_0082,D,letter,-4.875749588012695
training_0893,A,present,-4.328125045634806
training_0893,B,present,-0.8437499701976776
training_0893,C,present,-1.4531250298023224
training_0893,D,present,0.484375
training_1701,A,letter,-5.416604518890381
training_1701,B,letter,-5.244729518890381
training_1701,C,letter,-0.0572297312319278
training_1701,D,letter,-3.08847975730896
training_2805,A,letter,-2.320923328399658
training_2805,B,letter,-1.3521732091903689
training_2805,C,letter,-0.461548238992691
training_2805,D,letter,-4.445923328399658
training_0084,A,letter,-2.9199235439300537
training_0084,B,letter,-2.9511735439300537
training_0084,C,letter,-3.0136735439300537
training_0084,D,letter,-0.1699234843254089
training_0895,A,present,-0.8437499701976776
training_0895,B,present,-0.421875
training_0895,C,present,-4.156249774619937
training_0895,D,present,-7.296874804364052
training_1703,A,letter,-2.7645416259765625
training_1703,B,letter,-0.1239165514707565
training_1703,C,letter,-3.5301666259765625
training_1703,D,letter,-3.7645416259765625
training_2445,DCBA,perm,1.0
training_2445,A<B,pair,-0.484375
training_2445,A<C,pair,-2.1562500596046448
training_2445,A<D,pair,-1.843750044703484
training_2445,B<C,pair,-1.5937500149011612
training_2445,B<D,pair,-0.9374999403953552
training_2445,C<D,pair,2.0156250596046448
training_2807,A,letter,-3.73476243019104
training_2807,B,letter,-1.3597623109817505
training_2807,C,letter,-3.45351243019104
training_2807,D,letter,-0.3753873407840729
training_0086,A,letter,-1.3512473106384275
training_0086,B,letter,-1.0231223106384275
training_0086,C,letter,-2.788747310638428
training_0086,D,letter,-1.1481223106384275
training_0897,A,present,-1.4687499701976776
training_0897,B,present,-3.4062501154839997
training_0897,C,present,-9.265624548163032
training_0897,D,present,-4.734374926425517
training_1705,A,letter,-1.5919827222824097
training_1705,B,letter,-1.9982327222824097
training_1705,C,letter,-1.9669827222824097
training_1705,D,letter,-0.6544827222824097
training_2447,CADB,perm,1.0
training_2447,A<B,pair,1.4218749552965164
training_2447,A<C,pair,-1.8437500298023224
training_2447,A<D,pair,0.7187500298023224
training_2447,B<C,pair,-3.0156250037252903
training_2447,B<D,pair,-0.890625
training_2447,C<D,pair,2.0468749403953552
training_2809,A,letter,-2.445995569229126
training_2809,B,letter,-0.1959954649209976
training_2809,C,letter,-2.883495569229126
training_2809,D,letter,-3.367870569229126
training_0088,A,letter,-0.3099896907806396
training_0088,B,letter,-5.966239929199219
training_0088,C,letter,-4.778739929199219
training_0088,D,letter,-1.3724896907806396
training_0899,A,present,-4.390624965541065
training_0899,B,present,-4.171875064261258
training_0899,C,present,-6.51562484097667
training_0899,D,present,-9.046874662686603
training_1707,A,letter,-2.2865238189697266
training_1707,B,letter,-0.599023699760437
training_1707,C,letter,-1.239648699760437
training_1707,D,letter,-2.8490238189697266
training_2449,DCBA,perm,1.0
training_2449,A<B,pair,-0.015625
training_2449,A<C,pair,-1.359375
training_2449,A<D,pair,-4.078125132247806
training_2449,B<C,pair,-1.765625
training_2449,B<D,pair,-4.203125161118805
training_2449,C<D,pair,-2.7812501080334187
training_2811,A,letter,-5.057311534881592
training_2811,B,letter,-1.9948116540908811
training_2811,C,letter,-3.744811773300171
training_2811,D,letter,-0.1823116689920425
training_0090,A,letter,-3.77745532989502
training_0090,B,letter,-6.88683032989502
training_0090,C,letter,-0.0274552386254072
training_0090,D,letter,-5.87120532989502
training_0901,A,present,-0.7343749701976776
training_0901,B,present,-2.546875052154064
training_0901,C,present,-4.437500198371708
training_0901,D,present,0.09375
training_1709,A,letter,-4.652101516723633
training_1709,B,letter,-7.183351516723633
training_1709,C,letter,-0.0427266135811805
training_1709,D,letter,-3.464601516723633
training_2813,A,letter,-5.330054759979248
training_2813,B,letter,-1.783179759979248
training_2813,C,letter,-4.423804759979248
training_2813,D,letter,-0.2050547152757644
training_0092,A,letter,-0.5898913145065308
training_0092,B,letter,-1.9492663145065308
training_0092,C,letter,-2.6523914337158203
training_0092,D,letter,-1.4648913145065308
training_0903,A,present,-4.343750129453838
training_0903,B,present,-0.9218750298023224
training_0903,C,present,0.671875
training_0903,D,present,-2.359375022351742
training_1711,A,letter,-2.4592819213867188
training_1711,B,letter,-4.740531921386719
training_1711,C,letter,-0.1624069958925247
training_1711,D,letter,-2.9124069213867188
training_2450,BDCA,perm,1.0
training_2450,A<B,pair,-4.203124796971679
training_2450,A<C,pair,-0.546875
training_2450,A<D,pair,-0.5781249403953552
training_2450,B<C,pair,5.640624861698598
training_2450,B<D,pair,5.468750172760338
training_2450,C<D,pair,-0.46875
training_2815,A,letter,-3.007066488265991
training_2815,B,letter,-3.788316488265991
training_2815,C,letter,-0.2101915329694748
training_2815,D,letter,-2.147691488265991
training_0094,A,letter,-2.462283134460449
training_0094,B,letter,-1.0404082536697388
training_0094,C,letter,-0.6185332536697388
training_0094,D,letter,-3.868533134460449
training_0905,A,present,-0.5937500596046448
training_0905,B,present,-2.718749977648258
training_0905,C,present,-4.093750024214387
training_0905,D,present,-2.8437499701976776
training_1713,A,letter,-4.5372090339660645
training_1713,B,letter,-0.7403338551521301
training_1713,C,letter,-3.646583795547485
training_1713,D,letter,-0.7247088551521301
training_2452,ABDC,perm,1.0
training_2452,A<B,pair,-0.28125
training_2452,A<C,pair,2.968749947845936
training_2452,A<D,pair,4.484374804422259
training_2452,B<C,pair,4.203125173225999
training_2452,B<D,pair,4.78124981187284
training_2452,C<D,pair,2.0000001192092896
training_2817,A,letter,-3.5775246620178223
training_2817,B,letter,-5.046274662017822
training_2817,C,letter,-0.1243997290730476
training_2817,D,letter,-2.4993996620178223
training_0097,A,letter,-2.342523097991944
training_0097,B,letter,-1.5768980979919434
training_0097,C,letter,-0.5300231575965881
training_0097,D,letter,-2.264398097991944
training_0908,A,present,-3.0156250298023224
training_0908,B,present,-2.953125096857548
training_0908,C,present,-1.8281249850988388
training_0908,D,present,-2.0937500670552254
training_1716,A,letter,-2.6653366088867188
training_1716,B,letter,-1.6184614896774292
training_1716,C,letter,-0.4934614896774292
training_1716,D,letter,-2.1184616088867188
training_2455,DBCA,perm,1.0
training_2455,A<B,pair,-2.390625074505806
training_2455,A<C,pair,-0.796875
training_2455,A<D,pair,-1.8593748807907104
training_2455,B<C,pair,1.3749999552965164
training_2455,B<D,pair,0.75
training_2455,C<D,pair,0.140625
training_2820,A,letter,-1.751464605331421
training_2820,B,letter,-0.7670896053314209
training_2820,C,letter,-2.345214605331421
training_2820,D,letter,-1.329589605331421
training_0099,A,letter,-3.2055811882019043
training_0099,B,letter,-6.158706188201904
training_0099,C,letter,-0.2055812031030655
training_0099,D,letter,-1.9555811882019043
training_0910,A,present,-3.999999824911356
training_0910,B,present,1.9687500298023224
training_0910,C,present,-6.375000193482265
training_0910,D,present,-5.874999800231308
training_1718,A,letter,-4.158079147338867
training_1718,B,letter,-5.329954147338867
training_1718,C,letter,-0.0330793149769306
training_1718,D,letter,-4.454954147338867
training_2822,A,letter,-1.9691314697265625
training_2822,B,letter,-2.7816314697265625
training_2822,C,letter,-0.2503814995288849
training_2822,D,letter,-3.9691314697265625
training_0103,A,letter,-2.779558658599853
training_0103,B,letter,-0.7951837778091431
training_0103,C,letter,-2.795183658599853
training_0103,D,letter,-0.8576837778091431
training_0914,A,present,-4.0312501192092896
training_0914,B,present,-1.4531249552965164
training_0914,C,present,-4.140624962747097
training_0914,D,present,-1.9531250149011607
training_1722,A,letter,-0.3836749494075775
training_1722,B,letter,-5.2118000984191895
training_1722,C,letter,-1.5555499792099
training_1722,D,letter,-2.2899248600006104
training_2458,CBDA,perm,1.0
training_2458,A<B,pair,-2.5156249701976776
training_2458,A<C,pair,-3.546874960884452
training_2458,A<D,pair,0.28125
training_2458,B<C,pair,-1.6406250447034836
training_2458,B<D,pair,3.218749973922968
training_2458,C<D,pair,3.56250006519258
training_2826,A,letter,-0.6756013631820679
training_2826,B,letter,-4.628726482391357
training_2826,C,letter,-2.8318514823913574
training_2826,D,letter,-0.8631013631820679
training_0105,A,letter,-5.325145721435547
training_0105,B,letter,-0.0126455370336771
training_0105,C,letter,-7.668895721435547
training_0105,D,letter,-4.997020721435547
training_0916,A,present,-1.953124925494194
training_0916,B,present,-1.4999999552965164
training_0916,C,present,-1.2499999701976776
training_0916,D,present,1.7031249701976776
training_1724,A,letter,-2.52270770072937
training_1724,B,letter,-7.163332939147949
training_1724,C,letter,-3.16333270072937
training_1724,D,letter,-0.1320827007293701
training_2828,A,letter,-3.5375986099243164
training_2828,B,letter,-5.412598609924316
training_2828,C,letter,-0.0375985726714134
training_2828,D,letter,-5.834473609924316
training_0107,A,letter,-6.599078178405762
training_0107,B,letter,-7.911578178405762
training_0107,C,letter,-0.0053283814340829
training_0107,D,letter,-5.677203178405762
training_0918,A,present,-6.265625096391887
training_0918,B,present,-3.234374988824129
training_0918,C,present,-4.249999837018549
training_0918,D,present,-0.8437499403953552
training_1726,A,letter,-5.587536811828613
training_1726,B,letter,-4.165661811828613
training_1726,C,letter,-3.900036811828613
training_1726,D,letter,-0.0406618416309356
training_2459,BCDA,perm,1.0
training_2459,A<B,pair,-3.046874925494194
training_2459,A<C,pair,-2.265625
training_2459,A<D,pair,-1.828125044703484
training_2459,B<C,pair,0.4375
training_2459,B<D,pair,2.468750089406967
training_2459,C<D,pair,0.7812499403953552
training_2830,A,letter,-1.3504571914672852
training_2830,B,letter,-2.897332191467285
training_2830,C,letter,-2.131707191467285
training_2830,D,letter,-0.5692071914672852
training_0109,A,letter,-5.653888702392578
training_0109,B,letter,-0.153888925909996
training_0109,C,letter,-3.372638940811157
training_0109,D,letter,-2.278888940811157
training_0920,A,present,-4.390624962747097
training_0920,B,present,-4.531250048428774
training_0920,C,present,-3.453125093132257
training_0920,D,present,-4.984374970663339
training_1728,A,letter,-3.09389877319336
training_1728,B,letter,-4.531398773193359
training_1728,C,letter,-3.06264877319336
training_1728,D,letter,-0.1095236837863922
training_2461,DBAC,perm,1.0
training_2461,A<B,pair,-2.0625
training_2461,A<C,pair,2.046875111758709
training_2461,A<D,pair,-2.999999903142452
training_2461,B<C,pair,3.390624977648258
training_2461,B<D,pair,-0.5
training_2461,C<D,pair,-4.453124849125743
training_2832,A,letter,-3.6822216510772714
training_2832,B,letter,-3.4634716510772705
training_2832,C,letter,-1.5728466510772705
training_2832,D,letter,-0.3072216212749481
training_0111,A,letter,-0.1320486366748809
training_0111,B,letter,-2.8820486068725586
training_0111,C,letter,-7.241423606872559
training_0111,D,letter,-2.7101736068725586
training_0922,A,present,-5.390625009313226
training_0922,B,present,-3.734375054016709
training_0922,C,present,-5.718749960884452
training_0922,D,present,0.21875
training_1730,A,letter,-3.1417810916900635
training_1730,B,letter,-2.8292810916900635
training_1730,C,letter,-3.5636560916900635
training_1730,D,letter,-0.1417810469865799
training_2463,CADB,perm,1.0
training_2463,A<B,pair,3.265625074505806
training_2463,A<C,pair,1.7031249552965164
training_2463,A<D,pair,2.624999895691872
training_2463,B<C,pair,-1.1406249701976776
training_2463,B<D,pair,0.25
training_2463,C<D,pair,2.437500044703484
training_2834,A,letter,-0.6918155550956726
training_2834,B,letter,-1.5980656147003174
training_2834,C,letter,-1.3168156147003174
training_2834,D,letter,-3.5824406147003174
training_0113,A,letter,-7.735477447509766
training_0113,B,letter,-2.4229774475097656
training_0113,C,letter,-6.766727447509766
training_0113,D,letter,-0.0948523357510566
training_0924,A,present,-8.500000187603291
training_0924,B,present,-0.34375
training_0924,C,present,-2.624999895691872
training_0924,D,present,2.2343748807907104
training_1732,A,letter,-0.2080739140510559
training_1732,B,letter,-1.7705738544464111
training_1732,C,letter,-4.19244909286499
training_1732,D,letter,-6.17682409286499
training_2836,A,letter,-2.684600830078125
training_2836,B,letter,-3.418975830078125
training_2836,C,letter,-0.7939757108688354
training_2836,D,letter,-0.8096007108688354
training_0115,A,letter,-4.812253475189209
training_0115,B,letter,-4.437253475189209
training_0115,C,letter,-0.0310035198926925
training_0115,D,letter,-4.609128475189209
training_0926,A,present,0.7031250298023224
training_0926,B,present,-8.515625047148205
training_0926,C,present,3.2343750782310963
training_0926,D,present,-5.921874917577952
training_1734,A,letter,-6.01997184753418
training_1734,B,letter,-9.78559684753418
training_1734,C,letter,-6.31684684753418
training_1734,D,letter,-0.0043470412492752
training_2838,A,letter,-2.6866462230682373
training_2838,B,letter,-0.4835211634635925
training_2838,C,letter,-2.7178962230682373
training_2838,D,letter,-1.4053962230682373
training_0117,A,letter,-5.324543952941895
training_0117,B,letter,-7.9807939529418945
training_0117,C,letter,-3.8245441913604736
training_0117,D,letter,-0.0276690851897001
training_0928,A,present,-3.2499999664723878
training_0928,B,present,-1.8593749701976776
training_0928,C,present,-5.781250217463821
training_0928,D,present,-0.9375000298023224
training_1736,A,letter,-2.9282727241516118
training_1736,B,letter,-5.990772724151611
training_1736,C,letter,-0.0688978135585784
training_1736,D,letter,-4.584522724151611
training_2840,A,letter,-1.3205958604812622
training_2840,B,letter,-3.4924707412719727
training_2840,C,letter,-2.3987207412719727
training_2840,D,letter,-0.4924708604812622
training_0119,A,letter,-1.8212867975234983
training_0119,B,letter,-1.1494117975234983
training_0119,C,letter,-1.4150367975234983
training_0119,D,letter,-1.2900367975234983
training_0930,A,present,-3.015624988824129
training_0930,B,present,-2.703124962747097
training_0930,C,present,-3.3593750335276127
training_0930,D,present,-1.28125
training_1738,A,letter,-1.4466850757598877
training_1738,B,letter,-0.9310600757598876
training_1738,C,letter,-2.040435075759888
training_1738,D,letter,-1.4310600757598877
training_2842,A,letter,-3.5086822509765625
training_2842,B,letter,-1.9149322509765625
training_2842,C,letter,-2.4618072509765625
training_2842,D,letter,-0.3055572807788849
training_0121,A,letter,-4.406139850616455
training_0121,B,letter,-4.343639850616455
training_0121,C,letter,-0.0623900517821311
training_0121,D,letter,-3.359265089035034
training_0932,A,present,-1.9687499850988388
training_0932,B,present,-5.187500125262886
training_0932,C,present,2.546874985098839
training_0932,D,present,-3.812499916180968
training_1740,A,letter,-3.57706880569458
training_1740,B,letter,-1.24894380569458
training_1740,C,letter,-2.45206880569458
training_1740,D,letter,-0.5145688056945801
training_2844,A,letter,-2.8562943935394287
training_2844,B,letter,-0.8250443935394287
training_2844,C,letter,-0.7625443935394287
training_2844,D,letter,-3.3094193935394287
training_0123,A,letter,-9.282208442687988
training_0123,B,letter,-8.485333442687988
training_0123,C,letter,-7.422833442687988
training_0123,D,letter,-0.000958340940997
training_0934,A,present,0.609375
training_0934,B,present,-1.8281250298023224
training_0934,C,present,0.8906249701976776
training_0934,D,present,-3.203125037252903
training_1742,A,letter,-6.4216179847717285
training_1742,B,letter,-0.0153677873313426
training_1742,C,letter,-5.1247429847717285
training_1742,D,letter,-4.9059929847717285
training_2846,A,letter,-5.778508186340332
training_2846,B,letter,-0.0285082552582025
training_2846,C,letter,-5.450383186340332
training_2846,D,letter,-3.903508186340332
training_0125,A,letter,-1.2218711376190186
training_0125,B,letter,-3.9249961376190186
training_0125,C,letter,-0.9562461972236632
training_0125,D,letter,-1.2062461376190186
training_0936,A,present,-4.937500016298145
training_0936,B,present,-1.7031250149011612
training_0936,C,present,-4.906249835621566
training_0936,D,present,-2.656250022351742
training_1744,A,letter,-3.233175277709961
training_1744,B,letter,-2.811300277709961
training_1744,C,letter,-0.8894251585006714
training_1744,D,letter,-0.7175501585006714
training_2465,ADCB,perm,1.0
training_2465,A<B,pair,6.21875018090941
training_2465,A<C,pair,4.1093751434236765
training_2465,A<D,pair,3.6250000558793545
training_2465,B<C,pair,-1.9531250894069672
training_2465,B<D,pair,-2.8906251043081284
training_2465,C<D,pair,-0.6406250596046448
training_2848,A,letter,-0.4328562319278717
training_2848,B,letter,-2.807856321334839
training_2848,C,letter,-2.667231321334839
training_2848,D,letter,-1.510981202125549
training_0127,A,letter,-4.125148773193359
training_0127,B,letter,-4.468898773193359
training_0127,C,letter,-5.828273773193359
training_0127,D,letter,-0.0313989222049713
training_0938,A,present,-4.640624855645001
training_0938,B,present,-6.796874981257133
training_0938,C,present,-4.562500100582838
training_0938,D,present,-1.3750000447034836
training_1746,A,letter,-1.5163087844848633
training_1746,B,letter,-0.7038087248802185
training_1746,C,letter,-1.6881837844848633
training_1746,D,letter,-2.3288087844848637
training_2467,DCBA,perm,1.0
training_2467,A<B,pair,-1.5937500447034836
training_2467,A<C,pair,-2.875000089406967
training_2467,A<D,pair,-3.703125078231096
training_2467,B<C,pair,-1.8281250149011607
training_2467,B<D,pair,-2.4843749552965164
training_2467,C<D,pair,-0.46875
training_2850,A,letter,-1.4952411651611328
training_2850,B,letter,-2.120241165161133
training_2850,C,letter,-0.4639912247657776
training_2850,D,letter,-3.651491165161133
training_0129,A,letter,-0.5262473821640015
training_0129,B,letter,-4.651247501373291
training_0129,C,letter,-2.979372501373291
training_0129,D,letter,-1.0574973821640017
training_0940,A,present,-3.843750013038516
training_0940,B,present,-1.1875000298023224
training_0940,C,present,-1.7031249701976776
training_0940,D,present,-1.3281249552965164
training_1748,A,letter,-1.8048570156097408
training_1748,B,letter,-2.257982015609741
training_1748,C,letter,-1.6173570156097412
training_1748,D,letter,-0.6329819560050964
training_2852,A,letter,-2.877969741821289
training_2852,B,letter,-3.018594741821289
training_2852,C,letter,-1.737344741821289
training_2852,D,letter,-0.3310948014259338
training_0131,A,letter,-3.582213878631592
training_0131,B,letter,-6.285338878631592
training_0131,C,letter,-0.0353389643132686
training_0131,D,letter,-5.457213878631592
training_0942,A,present,-7.828125005646143
training_0942,B,present,-2.796874903142452
training_0942,C,present,-5.6250001604203135
training_0942,D,present,3.406249914318323
training_1750,A,letter,-2.052841663360596
training_1750,B,letter,-2.584091663360596
training_1750,C,letter,-0.3184665739536285
training_1750,D,letter,-2.693466663360596
training_2854,A,letter,-0.540284276008606
training_2854,B,letter,-1.665284276008606
training_2854,C,letter,-1.837159276008606
training_2854,D,letter,-2.6965341567993164
training_0134,A,letter,-2.50949501991272
training_0134,B,letter,-2.83762001991272
training_0134,C,letter,-0.1657451093196869
training_0134,D,letter,-4.665745258331299
training_0945,A,present,1.0156250298023224
training_0945,B,present,-1.5937500298023224
training_0945,C,present,-4.312499926425517
training_0945,D,present,-4.937499769963324
training_1753,A,letter,-2.30947208404541
training_1753,B,letter,-2.20009708404541
training_1753,C,letter,-3.90322208404541
training_1753,D,letter,-0.2625972032546997
training_2857,A,letter,-0.6338761448860168
training_2857,B,letter,-1.790126085281372
training_2857,C,letter,-4.024501323699951
training_2857,D,letter,-1.258876085281372
training_0137,A,letter,-5.361780643463135
training_0137,B,letter,-6.377405643463135
training_0137,C,letter,-1.8774056434631348
training_0137,D,letter,-0.1742806732654571
training_0948,A,present,-5.5781247657723725
training_0948,B,present,-4.06249999627471
training_0948,C,present,-3.937500076368451
training_0948,D,present,-4.906249976716936
training_1756,A,letter,-4.010868072509766
training_1756,B,letter,-1.0264930725097656
training_1756,C,letter,-0.6514930129051208
training_1756,D,letter,-2.3077430725097656
training_2468,DCBA,perm,1.0
training_2468,A<B,pair,-0.9218749403953552
training_2468,A<C,pair,-5.421875004656613
training_2468,A<D,pair,-5.187499907333404
training_2468,B<C,pair,-4.562499966472387
training_2468,B<D,pair,-3.9531249403953552
training_2468,C<D,pair,0.7812500298023224
training_2860,A,letter,-3.737235546112061
training_2860,B,letter,-4.9091105461120605
training_2860,C,letter,-6.1591105461120605
training_2860,D,letter,-0.034110527485609
training_0140,A,letter,-1.9257478713989256
training_0140,B,letter,-2.785122871398926
training_0140,C,letter,-0.6757478713989258
training_0140,D,letter,-1.2694978713989258
training_0951,A,present,0.5937499701976776
training_0951,B,present,-3.078125026077032
training_0951,C,present,-3.859374908730388
training_0951,D,present,-3.84374993853271
training_1759,A,letter,-2.874576568603516
training_1759,B,letter,-0.7652015089988708
training_1759,C,letter,-1.2964515686035156
training_1759,D,letter,-1.6089515686035156
training_2471,ACDB,perm,1.0
training_2471,A<B,pair,0.8125
training_2471,A<C,pair,0.21875
training_2471,A<D,pair,1.6875
training_2471,B<C,pair,-0.7187500596046448
training_2471,B<D,pair,2.640625
training_2471,C<D,pair,1.7343749850988388
training_2863,A,letter,-2.4143357276916504
training_2863,B,letter,-3.5237107276916504
training_2863,C,letter,-0.1330857276916504
training_2863,D,letter,-5.27371072769165
training_0142,A,letter,-4.463497161865234
training_0142,B,letter,-1.1822474002838137
training_0142,C,letter,-0.4166223704814911
training_0142,D,letter,-3.8541224002838135
training_0953,A,present,-2.500000111758709
training_0953,B,present,-3.0000000298023224
training_0953,C,present,-1.8593749552965164
training_0953,D,present,-3.843749979510904
training_1761,A,letter,-1.635502576828003
training_1761,B,letter,-0.5886275172233582
training_1761,C,letter,-2.323002576828003
training_1761,D,letter,-1.901127576828003
training_2473,BCAD,perm,1.0
training_2473,A<B,pair,-0.5624999403953552
training_2473,A<C,pair,-0.6875000298023224
training_2473,A<D,pair,-1.0937499403953552
training_2473,B<C,pair,-0.0625
training_2473,B<D,pair,-0.203125
training_2473,C<D,pair,-0.1875
training_2865,A,letter,-4.242197036743164
training_2865,B,letter,-0.5703220367431641
training_2865,C,letter,-0.960947036743164
training_2865,D,letter,-3.304697036743164
training_0146,A,letter,-4.721218585968018
training_0146,B,letter,-4.893093585968018
training_0146,C,letter,-1.5805937051773071
training_0146,D,letter,-0.2524687349796295
training_0957,A,present,0.859375
training_0957,B,present,-2.500000096857548
training_0957,C,present,0.421875
training_0957,D,present,-4.3593751434236765
training_1765,A,letter,-3.0762598514556885
training_1765,B,letter,-3.1700098514556885
training_1765,C,letter,-0.2012599110603332
training_1765,D,letter,-2.3731348514556885
training_2474,ACDB,perm,1.0
training_2474,A<B,pair,4.796874814666808
training_2474,A<C,pair,0.7656250596046448
training_2474,A<D,pair,4.578125078231096
training_2474,B<C,pair,-1.6406249850988388
training_2474,B<D,pair,0.359375
training_2474,C<D,pair,2.3281250819563866
training_2869,A,letter,-4.651658058166504
training_2869,B,letter,-0.7297831773757935
training_2869,C,letter,-0.6829081773757935
training_2869,D,letter,-5.917283058166504
training_0149,A,letter,-0.9657667875289916
training_0149,B,letter,-4.981391906738281
training_0149,C,letter,-0.4970168173313141
training_0149,D,letter,-5.684516906738281
training_0960,A,present,1.3593749701976776
training_0960,B,present,-6.765625066705979
training_0960,C,present,-2.093749977648258
training_0960,D,present,-0.7031250298023224
training_1768,A,letter,-0.205546349287033
training_1768,B,letter,-2.6586713790893555
training_1768,C,letter,-2.7055463790893555
training_1768,D,letter,-3.0336713790893555
training_2872,A,letter,-0.7807773351669312
training_2872,B,letter,-2.3276524543762207
training_2872,C,letter,-1.7495273351669312
training_2872,D,letter,-1.3120273351669312
training_0151,A,letter,-0.0191974975168705
training_0151,B,letter,-8.066072463989258
training_0151,C,letter,-8.097322463989258
training_0151,D,letter,-4.003572463989258
training_0962,A,present,-6.765624796040356
training_0962,B,present,2.468749910593033
training_0962,C,present,-9.03124989954813
training_0962,D,present,-9.64062512585224
training_1770,A,letter,-7.584429740905762
training_1770,B,letter,-5.303179740905762
training_1770,C,letter,-0.0219297502189874
training_1770,D,letter,-4.131304740905762
training_2874,A,letter,-3.891921997070313
training_2874,B,letter,-2.5012969970703125
training_2874,C,letter,-0.6262969970703125
training_2874,D,letter,-1.0169219970703125
training_0154,A,letter,-4.228061676025391
training_0154,B,letter,-4.696811676025391
training_0154,C,letter,-7.462436676025391
training_0154,D,letter,-0.0249364450573921
training_0965,A,present,-4.703124949708581
training_0965,B,present,-7.578125192667358
training_0965,C,present,-7.453124801861122
training_0965,D,present,-0.6875000298023224
training_1773,A,letter,-2.024921417236328
training_1773,B,letter,-2.462421417236328
training_1773,C,letter,-0.4311712980270386
training_1773,D,letter,-2.024921417236328
training_2877,A,letter,-0.631864070892334
training_2877,B,letter,-2.428739070892334
training_2877,C,letter,-1.850614070892334
training_2877,D,letter,-1.506864070892334
training_0157,A,letter,-2.151851892471313
training_0157,B,letter,-1.1518518924713137
training_0157,C,letter,-2.401851892471313
training_0157,D,letter,-0.7456018924713135
training_0968,A,present,-4.265625205822289
training_0968,B,present,-3.609375094994903
training_0968,C,present,-6.015625042608008
training_0968,D,present,-2.890625111758709
training_1776,A,letter,-3.1197962760925293
training_1776,B,letter,-3.2447962760925293
training_1776,C,letter,-0.3072963356971741
training_1776,D,letter,-1.7135462760925293
training_2880,A,letter,-2.7729477882385254
training_2880,B,letter,-0.6948229074478149
training_2880,C,letter,-0.9135729074478148
training_2880,D,letter,-3.3198227882385254
training_0159,A,letter,-2.033104181289673
training_0159,B,letter,-3.767479181289673
training_0159,C,letter,-2.392479181289673
training_0159,D,letter,-0.28310427069664
training_0970,A,present,-3.234375100582838
training_0970,B,present,-2.312499888241291
training_0970,C,present,-0.984375
training_0970,D,present,-1.6874999403953552
training_1778,A,letter,-1.8329167366027832
training_1778,B,letter,-3.286041736602783
training_1778,C,letter,-0.551666796207428
training_1778,D,letter,-1.4891667366027832
training_2478,ADBC,perm,1.0
training_2478,A<B,pair,0.8749999701976776
training_2478,A<C,pair,1.4687499552965164
training_2478,A<D,pair,0.9531250298023224
training_2478,B<C,pair,1.0781249403953552
training_2478,B<D,pair,0.859375
training_2478,C<D,pair,-0.328125
training_2882,A,letter,-2.063911437988281
training_2882,B,letter,-3.079536437988281
training_2882,C,letter,-2.142036437988281
training_2882,D,letter,-0.3451613485813141
training_0165,A,letter,-0.4057648479938507
training_0165,B,letter,-3.796389818191528
training_0165,C,letter,-2.1870148181915283
training_0165,D,letter,-1.6245148181915283
training_0976,A,present,-4.625000164844096
training_0976,B,present,-3.671875096857548
training_0976,C,present,-1.6093749701976776
training_0976,D,present,-1.6249999850988388
training_1784,A,letter,-3.209084987640381
training_1784,B,letter,-0.4590848684310913
training_1784,C,letter,-1.9278348684310915
training_1784,D,letter,-1.7090848684310913
training_2888,A,letter,-0.8785945177078247
training_2888,B,letter,-1.6910945177078247
training_2888,C,letter,-1.5504695177078247
training_2888,D,letter,-1.6754695177078247
training_0167,A,letter,-1.7342356443405151
training_0167,B,letter,-7.437360763549805
training_0167,C,letter,-3.4686105251312256
training_0167,D,letter,-0.2342355996370315
training_0978,A,present,-5.281249881722033
training_0978,B,present,-7.109374880208634
training_0978,C,present,-1.9062501043081284
training_0978,D,present,-7.609375075262506
training_1786,A,letter,-3.82448673248291
training_1786,B,letter,-2.35573673248291
training_1786,C,letter,-1.4963618516921997
training_1786,D,letter,-0.4182368218898773
training_2890,A,letter,-2.681586503982544
training_2890,B,letter,-3.275336503982544
training_2890,C,letter,-0.1190864965319633
training_2890,D,letter,-5.322211265563965
training_0169,A,letter,-0.7317194938659668
training_0169,B,letter,-0.6692194938659668
training_0169,C,letter,-5.528594493865967
training_0169,D,letter,-6.137969493865967
training_0980,A,present,0.5468749403953552
training_0980,B,present,-5.171874972060323
training_0980,C,present,-0.9687500298023224
training_0980,D,present,-0.1875
training_1788,A,letter,-3.660240650177002
training_1788,B,letter,-4.222740650177002
training_1788,C,letter,-0.0977407395839691
training_1788,D,letter,-2.957115650177002
training_2892,A,letter,-3.0874218940734863
training_2892,B,letter,-0.978047013282776
training_2892,C,letter,-5.556171894073486
training_2892,D,letter,-0.5561720132827759
training_0171,A,letter,-5.849219799041748
training_0171,B,letter,-3.896094799041748
training_0171,C,letter,-4.380469799041748
training_0171,D,letter,-0.0367198884487152
training_0982,A,present,-6.062499833991751
training_0982,B,present,0.7812499701976776
training_0982,C,present,-0.7968749701976776
training_0982,D,present,2.1249999925494194
training_1790,A,letter,-5.141478538513184
training_1790,B,letter,-0.5946033596992493
training_1790,C,letter,-0.9071033596992492
training_1790,D,letter,-3.2664783000946045
training_2894,A,letter,-1.66423237323761
training_2894,B,letter,-0.3673573434352875
training_2894,C,letter,-2.1798572540283203
training_2894,D,letter,-5.42985725402832
training_0173,A,letter,-0.2257810831069946
training_0173,B,letter,-5.741405963897705
training_0173,C,letter,-2.475780963897705
training_0173,D,letter,-2.178905963897705
training_0984,A,present,-5.45312523515895
training_0984,B,present,-7.765624911175109
training_0984,C,present,-2.124999925494194
training_0984,D,present,-2.4062500670552254
training_1792,A,letter,-4.625940799713135
training_1792,B,letter,-4.641565799713135
training_1792,C,letter,-2.188440561294556
training_1792,D,letter,-0.1415656358003616
training_2896,A,letter,-3.983653068542481
training_2896,B,letter,-4.5149030685424805
training_2896,C,letter,-4.2024030685424805
training_2896,D,letter,-0.0461530275642871
training_0175,A,letter,-0.0750399678945541
training_0175,B,letter,-4.434414863586426
training_0175,C,letter,-3.903164863586426
training_0175,D,letter,-3.231289863586426
training_0986,A,present,-0.8749999403953552
training_0986,B,present,-1.5624999403953552
training_0986,C,present,-1.5468750447034836
training_0986,D,present,0.421875
training_1794,A,letter,-2.1440560817718506
training_1794,B,letter,-1.5346810817718506
training_1794,C,letter,-1.0034310817718506
training_1794,D,letter,-1.2065560817718506
training_2898,A,letter,-4.44120454788208
training_2898,B,letter,-3.15995454788208
training_2898,C,letter,-1.26932954788208
training_2898,D,letter,-0.4099545180797577
training_0179,A,letter,-2.5802536010742188
training_0179,B,letter,-1.8458787202835083
training_0179,C,letter,-3.3771286010742188
training_0179,D,letter,-0.3146286904811859
training_0990,A,present,-4.000000037252903
training_0990,B,present,-4.593749948777258
training_0990,C,present,-1.6250000298023224
training_0990,D,present,-3.7500000465661287
training_1798,A,letter,-0.4274126589298248
training_1798,B,letter,-3.646162748336792
training_1798,C,letter,-1.8805376291275024
training_1798,D,letter,-1.7867876291275024
training_2480,ADBC,perm,1.0
training_2480,A<B,pair,2.2656250596046448
training_2480,A<C,pair,2.1406249925494194
training_2480,A<D,pair,2.062500037252903
training_2480,B<C,pair,0.109375
training_2480,B<D,pair,0.9531250298023224
training_2480,C<D,pair,0.9218749701976776
training_2902,A,letter,-1.048983454704285
training_2902,B,letter,-3.314608573913574
training_2902,C,letter,-1.095858454704285
training_2902,D,letter,-1.283358454704285
training_0181,A,letter,-0.1752707064151764
training_0181,B,letter,-3.675270795822144
training_0181,C,letter,-3.534645795822144
training_0181,D,letter,-2.253395795822144
training_0992,A,present,-2.6718750596046448
training_0992,B,present,-0.375
training_0992,C,present,-2.656250037252903
training_0992,D,present,-3.4687500335276127
training_1800,A,letter,-0.5589677095413208
training_1800,B,letter,-5.277717590332031
training_1800,C,letter,-1.1683427095413208
training_1800,D,letter,-2.1995925903320312
training_2482,DBAC,perm,1.0
training_2482,A<B,pair,1.0468749701976776
training_2482,A<C,pair,3.718750109896064
training_2482,A<D,pair,-0.171875
training_2482,B<C,pair,2.7343750596046448
training_2482,B<D,pair,-0.6875
training_2482,C<D,pair,-2.234375044703484
training_2904,A,letter,-1.831434965133667
training_2904,B,letter,-0.503309965133667
training_2904,C,letter,-1.612684965133667
training_2904,D,letter,-3.393934965133667
training_0184,A,letter,-0.735523521900177
training_0184,B,letter,-2.407398462295532
training_0184,C,letter,-2.891773462295532
training_0184,D,letter,-0.985523521900177
training_0995,A,present,-5.624999953899533
training_0995,B,present,-2.312499985098839
training_0995,C,present,-0.8906250596046448
training_0995,D,present,0.5625
training_1803,A,letter,-2.710377693176269
training_1803,B,letter,-6.1478776931762695
training_1803,C,letter,-1.710377812385559
training_1803,D,letter,-0.2885027825832367
training_2907,A,letter,-0.6591059565544128
training_2907,B,letter,-1.0184810161590576
training_2907,C,letter,-2.2372310161590576
training_2907,D,letter,-4.330980777740479
training_0186,A,letter,-1.9264912605285645
training_0186,B,letter,-1.5514912605285645
training_0186,C,letter,-3.3014912605285645
training_0186,D,letter,-0.5046162009239197
training_0997,A,present,-1.4687499552965164
training_0997,B,present,-5.031250074971467
training_0997,C,present,-4.515625081956387
training_0997,D,present,-1.7187500596046448
training_1805,A,letter,-1.691379189491272
training_1805,B,letter,-3.0038790702819824
training_1805,C,letter,-2.5195040702819824
training_1805,D,letter,-0.3788791596889496
training_2484,BCDA,perm,1.0
training_2484,A<B,pair,-1.3281250298023224
training_2484,A<C,pair,-3.4531251192092896
training_2484,A<D,pair,-0.6874999701976776
training_2484,B<C,pair,-1.46875
training_2484,B<D,pair,0.4687500298023224
training_2484,C<D,pair,2.7812500596046448
training_2909,A,letter,-1.928751230239868
training_2909,B,letter,-2.319376230239868
training_2909,C,letter,-0.3037512302398681
training_2909,D,letter,-4.053750991821289
training_0189,A,letter,-1.860749125480652
training_0189,B,letter,-3.5638742446899414
training_0189,C,letter,-0.2357491552829742
training_0189,D,letter,-3.704499244689941
training_1000,A,present,-1.0468750298023224
training_1000,B,present,0.171875
training_1000,C,present,-3.765624960884452
training_1000,D,present,-4.234374868683517
training_1808,A,letter,-0.7751843333244324
training_1808,B,letter,-5.556434154510498
training_1808,C,letter,-5.462684154510498
training_1808,D,letter,-0.6345593333244324
training_2912,A,letter,-2.7760281562805176
training_2912,B,letter,-0.5729030966758728
training_2912,C,letter,-1.2760281562805176
training_2912,D,letter,-2.3697781562805176
training_0192,A,letter,-0.0011008876608684
training_0192,B,letter,-7.157351016998291
training_0192,C,letter,-8.563600540161133
training_0192,D,letter,-9.251100540161133
training_1003,A,present,-5.890625185566023
training_1003,B,present,-3.234374985098839
training_1003,C,present,-3.328124985098839
training_1003,D,present,-5.687500091269612
training_1811,A,letter,-7.61196756362915
training_1811,B,letter,-0.0025924190413206
training_1811,C,letter,-6.73696756362915
training_1811,D,letter,-7.11196756362915
training_2915,A,letter,-2.962270021438598
training_2915,B,letter,-1.6966450214385986
training_2915,C,letter,-0.290395051240921
training_2915,D,letter,-4.118520259857178
training_0194,A,letter,-2.248629570007324
training_0194,B,letter,-5.295504570007324
training_0194,C,letter,-1.0455046892166138
training_0194,D,letter,-0.6236296892166138
training_1005,A,present,-5.312500097323209
training_1005,B,present,-2.234374925494194
training_1005,C,present,-1.2343750298023224
training_1005,D,present,0.765625
training_1813,A,letter,-4.789720058441162
training_1813,B,letter,-0.0865952000021934
training_1813,C,letter,-2.711595296859741
training_1813,D,letter,-4.867845058441162
training_2917,A,letter,-2.034542322158813
training_2917,B,letter,-4.893917083740234
training_2917,C,letter,-0.3782922625541687
training_2917,D,letter,-1.7376673221588137
training_0198,A,letter,-2.9208927154541016
training_0198,B,letter,-3.2333927154541016
training_0198,C,letter,-0.1708928197622299
training_0198,D,letter,-2.7802677154541016
training_1009,A,present,-2.656249977648258
training_1009,B,present,0.4375
training_1009,C,present,-8.796875381594873
training_1009,D,present,-3.453125074505806
training_1817,A,letter,-2.0384068489074707
training_1817,B,letter,-1.1009068489074707
training_1817,C,letter,-2.4290318489074707
training_1817,D,letter,-0.8040318489074707
training_2921,A,letter,-4.048089027404785
training_2921,B,letter,-2.219964027404785
training_2921,C,letter,-0.1418390870094299
training_2921,D,letter,-5.188714027404785
training_0200,A,letter,-6.634956359863281
training_0200,B,letter,-4.838081359863281
training_0200,C,letter,-7.853706359863281
training_0200,D,letter,-0.0099563412368297
training_1011,A,present,-9.031249785475666
training_1011,B,present,-2.2656251192092896
training_1011,C,present,-3.453124985098839
training_1011,D,present,-10.671874887681042
training_1819,A,letter,-5.334634780883789
training_1819,B,letter,-7.584634780883789
training_1819,C,letter,-0.0846348032355308
training_1819,D,letter,-2.584634780883789
training_2923,A,letter,-3.7022297382354736
training_2923,B,letter,-5.452229976654053
training_2923,C,letter,-2.8272297382354736
training_2923,D,letter,-0.0928548350930213
training_0204,A,letter,-7.220157146453857
training_0204,B,letter,-0.0014071096666157
training_0204,C,letter,-8.2670316696167
training_0204,D,letter,-8.1264066696167
training_1015,A,present,-7.000000114145223
training_1015,B,present,-1.7031250149011612
training_1015,C,present,-1.5156249552965164
training_1015,D,present,-0.046875
training_1823,A,letter,-0.9329904317855836
training_1823,B,letter,-1.8392404317855835
training_1823,C,letter,-1.8704904317855835
training_1823,D,letter,-1.2298654317855835
training_2927,A,letter,-2.373957633972168
training_2927,B,letter,-1.3427075147628784
training_2927,C,letter,-0.6708325147628784
training_2927,D,letter,-2.014582633972168
training_0206,A,letter,-5.619032859802246
training_0206,B,letter,-7.040907859802246
training_0206,C,letter,-0.0409077815711498
training_0206,D,letter,-3.353407859802246
training_1017,A,present,-1.7499999552965164
training_1017,B,present,-0.328125
training_1017,C,present,-1.1093750596046448
training_1017,D,present,-5.531250194646418
training_1825,A,letter,-5.020761489868164
training_1825,B,letter,-0.0520115233957767
training_1825,C,letter,-4.645761489868164
training_1825,D,letter,-3.380136489868164
training_2486,ADBC,perm,1.0
training_2486,A<B,pair,2.218749932944774
training_2486,A<C,pair,2.312499925494194
training_2486,A<D,pair,0.46875
training_2486,B<C,pair,1.2343750596046448
training_2486,B<D,pair,-0.9062499403953552
training_2486,C<D,pair,-1.109375
training_2929,A,letter,-1.587562084197998
training_2929,B,letter,-1.212562084197998
training_2929,C,letter,-1.978187084197998
training_2929,D,letter,-1.025062084197998
training_0210,A,letter,-0.1430208683013916
training_0210,B,letter,-4.4711456298828125
training_0210,C,letter,-4.2523956298828125
training_0210,D,letter,-2.236770868301392
training_1021,A,present,-3.250000063329935
training_1021,B,present,0.7031250298023224
training_1021,C,present,-1.6406249701976776
training_1021,D,present,-3.1718750186264515
training_1829,A,letter,-2.2949347496032715
training_1829,B,letter,-5.669934749603272
training_1829,C,letter,-3.2636847496032715
training_1829,D,letter,-0.1543096303939819
training_2933,A,letter,-2.263126850128174
training_2933,B,letter,-0.8725019693374634
training_2933,C,letter,-2.341251850128174
training_2933,D,letter,-0.9662519693374634
training_0213,A,letter,-2.9169797897338867
training_0213,B,letter,-0.6669798493385315
training_0213,C,letter,-1.9482297897338867
training_0213,D,letter,-1.2451047897338867
training_1024,A,present,-1.5781250447034836
training_1024,B,present,-4.062499945983291
training_1024,C,present,-1.0312499403953552
training_1024,D,present,-0.4375
training_1832,A,letter,-3.596712350845337
training_1832,B,letter,-1.127962350845337
training_1832,C,letter,-0.5342123508453369
training_1832,D,letter,-2.784212350845337
training_2936,A,letter,-2.678027629852295
training_2936,B,letter,-2.662402629852295
training_2936,C,letter,-1.287402629852295
training_2936,D,letter,-0.5374026894569397
training_0215,A,letter,-5.753646373748779
training_0215,B,letter,-8.519271850585938
training_0215,C,letter,-8.394271850585938
training_0215,D,letter,-0.0036465120501816
training_1026,A,present,-8.437499695050064
training_1026,B,present,-5.750000222818926
training_1026,C,present,-0.03125
training_1026,D,present,-3.1718749590218067
training_1834,A,letter,-4.057775974273682
training_1834,B,letter,-2.5265262126922607
training_1834,C,letter,-0.1202761158347129
training_1834,D,letter,-4.198400974273682
training_2489,DBAC,perm,1.0
training_2489,A<B,pair,-0.953125
training_2489,A<C,pair,0.7812500596046448
training_2489,A<D,pair,0.7812499701976776
training_2489,B<C,pair,2.546874925494194
training_2489,B<D,pair,2.281249910593033
training_2489,C<D,pair,-0.5468750596046448
training_2938,A,letter,-1.7445895671844482
training_2938,B,letter,-2.807089567184448
training_2938,C,letter,-0.838339626789093
training_2938,D,letter,-1.1039645671844482
training_0220,A,letter,-0.8237908482551575
training_0220,B,letter,-1.3706657886505127
training_0220,C,letter,-2.5112907886505127
training_0220,D,letter,-1.4956657886505127
training_1031,A,present,-1.4843749701976776
training_1031,B,present,-2.6406249701976776
training_1031,C,present,-3.4375000782310963
training_1031,D,present,-3.499999918043613
training_1839,A,letter,-2.0791146755218506
training_1839,B,letter,-1.8134896755218504
training_1839,C,letter,-2.0947396755218506
training_1839,D,letter,-0.5322396755218506
training_2943,A,letter,-2.422657966613769
training_2943,B,letter,-0.4070329070091247
training_2943,C,letter,-1.5164079666137695
training_2943,D,letter,-3.6882829666137695
training_0223,A,letter,-0.2331807911396026
training_0223,B,letter,-2.1081807613372803
training_0223,C,letter,-2.6550557613372803
training_0223,D,letter,-4.186305999755859
training_1034,A,present,-1.2812500298023224
training_1034,B,present,0.1875
training_1034,C,present,-3.5781249403953552
training_1034,D,present,0.140625
training_1842,A,letter,-2.2716517448425293
training_1842,B,letter,-6.568526744842529
training_1842,C,letter,-0.115401841700077
training_1842,D,letter,-5.537276744842529
training_2946,A,letter,-3.41060209274292
training_2946,B,letter,-3.67622709274292
training_2946,C,letter,-0.0668520927429199
training_2946,D,letter,-5.20747709274292
training_0226,A,letter,-2.7522969245910645
training_0226,B,letter,-1.486672043800354
training_0226,C,letter,-6.2991719245910645
training_0226,D,letter,-0.3460470139980316
training_1037,A,present,-0.9375
training_1037,B,present,-0.15625
training_1037,C,present,-2.312500044703484
training_1037,D,present,-2.3125000298023224
training_1845,A,letter,-3.3894529342651367
training_1845,B,letter,-0.9988280534744264
training_1845,C,letter,-1.2488280534744265
training_1845,D,letter,-1.1707030534744265
training_2494,ACDB,perm,1.0
training_2494,A<B,pair,0.5468749403953552
training_2494,A<C,pair,0.7812500298023224
training_2494,A<D,pair,0.8906249701976776
training_2494,B<C,pair,0.359375
training_2494,B<D,pair,0.8906250298023224
training_2494,C<D,pair,0.578125
training_2949,A,letter,-3.8288345336914062
training_2949,B,letter,-5.110084533691406
training_2949,C,letter,-0.0319596342742443
training_2949,D,letter,-5.735084533691406
training_0228,A,letter,-1.3453145027160645
training_0228,B,letter,-0.3296895027160644
training_0228,C,letter,-4.3921895027160645
training_0228,D,letter,-4.9703145027160645
training_1039,A,present,-5.140625208616257
training_1039,B,present,-0.6718750298023224
training_1039,C,present,-1.3281249701976776
training_1039,D,present,1.5000000149011612
training_1847,A,letter,-1.4793565273284912
training_1847,B,letter,-4.385606288909912
training_1847,C,letter,-2.682481527328491
training_1847,D,letter,-0.3699814677238464
training_2951,A,letter,-3.007453441619873
training_2951,B,letter,-3.319953441619873
training_2951,C,letter,-0.6012035608291626
training_2951,D,letter,-1.0074535608291626
training_0231,A,letter,-0.9205944538116456
training_0231,B,letter,-0.5768444538116455
training_0231,C,letter,-3.483094453811645
training_0231,D,letter,-4.873719215393066
training_1042,A,present,-6.265625036787242
training_1042,B,present,-3.093750011175871
training_1042,C,present,-2.515625022351742
training_1042,D,present,-6.703124872525223
training_1850,A,letter,-2.927659034729004
training_1850,B,letter,-0.8339090943336487
training_1850,C,letter,-2.771409034729004
training_1850,D,letter,-0.8026590943336487
training_2496,CBAD,perm,1.0
training_2496,A<B,pair,-0.6093750596046448
training_2496,A<C,pair,-0.625
training_2496,A<D,pair,0.46875
training_2496,B<C,pair,0.046875
training_2496,B<D,pair,0.515625
training_2496,C<D,pair,1.2656250298023224
training_2954,A,letter,-1.1745750904083252
training_2954,B,letter,-1.4558250904083252
training_2954,C,letter,-2.018325090408325
training_2954,D,letter,-1.1277000904083252
training_0233,A,letter,-1.2259852886199951
training_0233,B,letter,-3.694735288619995
training_0233,C,letter,-1.9603602886199951
training_0233,D,letter,-0.6166102886199951
training_1044,A,present,-2.0156249403953552
training_1044,B,present,-3.124999932944774
training_1044,C,present,1.8124999850988388
training_1044,D,present,0.234375
training_1852,A,letter,-5.100616455078125
training_1852,B,letter,-0.725616455078125
training_1852,C,letter,-2.788116455078125
training_1852,D,letter,-0.803741455078125
training_2956,A,letter,-4.802350521087647
training_2956,B,letter,-0.0523504018783569
training_2956,C,letter,-3.2867255210876465
training_2956,D,letter,-5.333600521087647
training_0235,A,letter,-0.4471675157546997
training_0235,B,letter,-1.8534175157547
training_0235,C,letter,-3.13466739654541
training_0235,D,letter,-1.8377925157547
training_1046,A,present,0.140625
training_1046,B,present,-3.546874890103936
training_1046,C,present,-0.6562500298023224
training_1046,D,present,-1.6718749850988388
training_1854,A,letter,-3.5052294731140137
training_1854,B,letter,-6.989604473114014
training_1854,C,letter,-3.0208544731140137
training_1854,D,letter,-0.0833543911576271
training_2958,A,letter,-1.1654939651489258
training_2958,B,letter,-0.4623689651489258
training_2958,C,letter,-4.071743965148926
training_2958,D,letter,-3.212368965148926
training_0238,A,letter,-0.0580494180321693
training_0238,B,letter,-4.198674201965332
training_0238,C,letter,-3.308049440383911
training_0238,D,letter,-5.495549201965332
training_1049,A,present,-5.031250030267984
training_1049,B,present,-1.4687499850988388
training_1049,C,present,-6.968750144704245
training_1049,D,present,0.3125
training_1857,A,letter,-1.5992650985717771
training_1857,B,letter,-0.4273901283740997
training_1857,C,letter,-2.5211400985717773
training_1857,D,letter,-2.7555150985717773
training_2961,A,letter,-2.09267807006836
training_2961,B,letter,-0.8583030700683594
training_2961,C,letter,-0.9051780700683594
training_2961,D,letter,-3.07705307006836
training_0240,A,letter,-0.0011925735743716
training_0240,B,letter,-8.282443046569824
training_0240,C,letter,-9.266818046569824
training_0240,D,letter,-7.110567569732666
training_1051,A,present,-1.1562499701976776
training_1051,B,present,-3.906249936670065
training_1051,C,present,-5.531250177882612
training_1051,D,present,2.7968749403953552
training_1859,A,letter,-0.0081806825473904
training_1859,B,letter,-5.617555618286133
training_1859,C,letter,-7.539430618286133
training_1859,D,letter,-5.601930618286133
training_2499,ADBC,perm,1.0
training_2499,A<B,pair,3.296875089406967
training_2499,A<C,pair,3.656249932944775
training_2499,A<D,pair,1.2500000298023224
training_2499,B<C,pair,-0.078125
training_2499,B<D,pair,-2.249999932944774
training_2499,C<D,pair,-2.1874999552965164
training_2963,A,letter,-6.069639205932617
training_2963,B,letter,-4.116514205932617
training_2963,C,letter,-0.0383890755474567
training_2963,D,letter,-3.975888967514038
training_0242,A,letter,-7.544443607330322
training_0242,B,letter,-7.341318607330322
training_0242,C,letter,-1.3725686073303225
training_0242,D,letter,-0.294443666934967
training_1053,A,present,-4.718750048428774
training_1053,B,present,-8.515625396568794
training_1053,C,present,-3.265625096857548
training_1053,D,present,-4.48437518440187
training_1861,A,letter,-4.497148036956787
training_1861,B,letter,-2.919022798538208
training_1861,C,letter,-2.762772798538208
training_1861,D,letter,-0.1377728879451751
training_2501,DCBA,perm,1.0
training_2501,A<B,pair,-0.390625
training_2501,A<C,pair,-0.484375
training_2501,A<D,pair,-0.03125
training_2501,B<C,pair,0.25
training_2501,B<D,pair,0.328125
training_2501,C<D,pair,0.4375
training_2965,A,letter,-2.985055923461914
training_2965,B,letter,-1.875680923461914
training_2965,C,letter,-2.485055923461914
training_2965,D,letter,-0.3444308936595917
training_0246,A,letter,-7.829666137695312
training_0246,B,letter,-0.0171661302447319
training_0246,C,letter,-4.2359161376953125
training_0246,D,letter,-6.3452911376953125
training_1057,A,present,-6.828124992200173
training_1057,B,present,2.046874985098839
training_1057,C,present,-2.7031249925494194
training_1057,D,present,-3.109374899417162
training_1865,A,letter,-3.6702044010162354
training_1865,B,letter,-0.4670794904232025
training_1865,C,letter,-1.326454520225525
training_1865,D,letter,-2.513954401016236
training_2505,DABC,perm,1.0
training_2505,A<B,pair,-0.421875
training_2505,A<C,pair,-0.9843750298023224
training_2505,A<D,pair,-3.093749899417162
training_2505,B<C,pair,-0.8125000298023224
training_2505,B<D,pair,-3.0781251043081284
training_2505,C<D,pair,-2.531249977648258
training_2969,A,letter,-4.422792911529541
training_2969,B,letter,-2.735292911529541
training_2969,C,letter,-0.2821679413318634
training_2969,D,letter,-1.782167911529541
training_0248,A,letter,-2.981581926345825
training_0248,B,letter,-1.7315819263458252
training_0248,C,letter,-0.2628318667411804
training_0248,D,letter,-5.887831687927246
training_1059,A,present,-1.859374925494194
training_1059,B,present,-6.203124833991751
training_1059,C,present,-1.4062499552965164
training_1059,D,present,-2.6562499403953552
training_1867,A,letter,-0.3397090435028076
training_1867,B,letter,-1.7459590435028076
training_1867,C,letter,-3.589709043502808
training_1867,D,letter,-2.464709043502808
training_2971,A,letter,-3.263179063796997
training_2971,B,letter,-1.153804063796997
training_2971,C,letter,-0.6538040637969971
training_2971,D,letter,-2.075679063796997
training_0250,A,letter,-2.059453248977661
training_0250,B,letter,-0.6532031893730164
training_0250,C,letter,-2.637578248977661
training_0250,D,letter,-1.2782032489776611
training_1061,A,present,-5.499999816529453
training_1061,B,present,-2.640625074505806
training_1061,C,present,-1.65625
training_1061,D,present,-1.9843749105930328
training_1869,A,letter,-4.068060874938965
training_1869,B,letter,-4.177435874938965
training_1869,C,letter,-0.1149359792470932
training_1869,D,letter,-2.583685874938965
training_2973,A,letter,-3.416041612625122
training_2973,B,letter,-0.4004165232181549
training_2973,C,letter,-2.353541612625122
training_2973,D,letter,-1.6035414934158323
training_0253,A,letter,-0.9506964683532716
training_0253,B,letter,-3.5600714683532715
training_0253,C,letter,-3.4975714683532715
training_0253,D,letter,-0.5913214683532715
training_1064,A,present,-2.3593749552965164
training_1064,B,present,-0.7187499701976776
training_1064,C,present,-2.5000001192092896
training_1064,D,present,-6.109375091269612
training_1872,A,letter,-1.676793336868286
training_1872,B,letter,-1.629918336868286
training_1872,C,letter,-3.833043336868286
training_1872,D,letter,-0.5205432772636414
training_2509,DBCA,perm,1.0
training_2509,A<B,pair,-1.3124999850988388
training_2509,A<C,pair,0.1875
training_2509,A<D,pair,-3.1718749701976776
training_2509,B<C,pair,2.4843749701976776
training_2509,B<D,pair,-1.9843749850988388
training_2509,C<D,pair,-3.937500113621354
training_2976,A,letter,-3.7321972846984863
training_2976,B,letter,-0.1384471654891967
training_2976,C,letter,-3.0134472846984863
training_2976,D,letter,-2.9040722846984863
training_0255,A,letter,-1.5105350017547607
training_0255,B,letter,-3.5574100017547607
training_0255,C,letter,-0.4324099719524383
training_0255,D,letter,-2.3074100017547607
training_1066,A,present,-4.453125101514161
training_1066,B,present,-3.9374999906867743
training_1066,C,present,-3.921875026077032
training_1066,D,present,-0.40625
training_1874,A,letter,-0.4062826335430145
training_1874,B,letter,-4.375032424926758
training_1874,C,letter,-1.218782663345337
training_1874,D,letter,-3.703157663345337
training_2511,ACDB,perm,1.0
training_2511,A<B,pair,7.031249848601874
training_2511,A<C,pair,1.0156249701976776
training_2511,A<D,pair,5.312500080559403
training_2511,B<C,pair,-6.04687500349246
training_2511,B<D,pair,-1.5781250298023224
training_2511,C<D,pair,5.328125044703484
training_2978,A,letter,-0.2033708989620208
training_2978,B,letter,-2.5471208095550537
training_2978,C,letter,-2.7346208095550537
training_2978,D,letter,-3.2189958095550537
training_0257,A,letter,-0.7308549284934998
training_0257,B,letter,-2.3402299880981445
training_0257,C,letter,-3.2308549880981445
training_0257,D,letter,-0.9652299284934998
training_1068,A,present,-1.9999999403953552
training_1068,B,present,-1.953125044703484
training_1068,C,present,-0.6874999701976776
training_1068,D,present,-4.859375071711838
training_1876,A,letter,-1.752563238143921
training_1876,B,letter,-4.830687999725342
training_1876,C,letter,-0.4400631785392761
training_1876,D,letter,-1.752563238143921
training_2980,A,letter,-4.52606201171875
training_2980,B,letter,-4.47918701171875
training_2980,C,letter,-0.0416869856417179
training_2980,D,letter,-4.01043701171875
training_0259,A,letter,-4.169335842132568
training_0259,B,letter,-4.638085842132568
training_0259,C,letter,-0.8880860209465027
training_0259,D,letter,-0.5755860209465027
training_1070,A,present,-2.218749932944774
training_1070,B,present,-1.7812499701976776
training_1070,C,present,-1.843750044703484
training_1070,D,present,-4.34374987706542
training_1878,A,letter,-1.6716423034667969
training_1878,B,letter,-0.921642243862152
training_1878,C,letter,-1.1247673034667969
training_1878,D,letter,-2.437267303466797
training_2982,A,letter,-6.194942951202393
training_2982,B,letter,-0.0074429591186344
training_2982,C,letter,-5.929317951202393
training_2982,D,letter,-6.007442951202393
training_0262,A,letter,-4.091199398040772
training_0262,B,letter,-0.3411996066570282
training_0262,C,letter,-4.356824398040772
training_0262,D,letter,-1.3568246364593506
training_1073,A,present,-1.6249999701976776
training_1073,B,present,2.5312500596046448
training_1073,C,present,-3.9843748211860657
training_1073,D,present,-1.2656250596046448
training_1881,A,letter,-0.0851408317685127
training_1881,B,letter,-5.085140705108643
training_1881,C,letter,-7.178890705108643
training_1881,D,letter,-2.6007659435272217
training_2985,A,letter,-1.074130296707153
training_2985,B,letter,-2.9178802967071533
training_2985,C,letter,-1.886630296707153
training_2985,D,letter,-0.8085053563117981
training_0264,A,letter,-7.234884262084961
training_0264,B,letter,-5.438009262084961
training_0264,C,letter,-2.656759262084961
training_0264,D,letter,-0.0786342397332191
training_1075,A,present,-2.312500089406967
training_1075,B,present,-0.171875
training_1075,C,present,-6.640625206986442
training_1075,D,present,-7.06250015902333
training_1883,A,letter,-2.899097681045532
training_1883,B,letter,-0.149097591638565
training_1883,C,letter,-3.055347681045532
training_1883,D,letter,-3.383472681045532
training_2514,BDCA,perm,1.0
training_2514,A<B,pair,-2.515624985098839
training_2514,A<C,pair,-0.078125
training_2514,A<D,pair,-1.6406249850988388
training_2514,B<C,pair,3.046874921768904
training_2514,B<D,pair,0.109375
training_2514,C<D,pair,-1.703125
training_2987,A,letter,-4.031124591827393
training_2987,B,letter,-4.406124591827393
training_2987,C,letter,-1.3904995918273926
training_2987,D,letter,-0.3279995620250702
training_0267,A,letter,-4.560832977294922
training_0267,B,letter,-2.8577077388763428
training_0267,C,letter,-0.0764578431844711
training_0267,D,letter,-5.326457977294922
training_1078,A,present,-4.68750009778887
training_1078,B,present,-0.6406249701976776
training_1078,C,present,-3.953125078231096
training_1078,D,present,0.484375
training_1886,A,letter,-0.4997704625129699
training_1886,B,letter,-4.718520641326904
training_1886,C,letter,-1.0935204029083252
training_1886,D,letter,-3.031020402908325
training_2990,A,letter,-1.501859188079834
training_2990,B,letter,-5.033109188079834
training_2990,C,letter,-3.220609188079834
training_2990,D,letter,-0.3143591284751892
training_0269,A,letter,-0.6084535121917725
training_0269,B,letter,-0.9834535121917723
training_0269,C,letter,-2.8584535121917725
training_0269,D,letter,-3.842828512191773
training_1080,A,present,2.187499925494194
training_1080,B,present,-2.5781251192092896
training_1080,C,present,-5.156249784398824
training_1080,D,present,-3.0781249664723878
training_1888,A,letter,-2.100562572479248
training_1888,B,letter,-1.2880624532699585
training_1888,C,letter,-1.3818124532699585
training_1888,D,letter,-1.0536874532699585
training_2992,A,letter,-0.1955539137125015
training_2992,B,letter,-3.38305401802063
training_2992,C,letter,-2.69555401802063
training_2992,D,letter,-2.58617901802063
training_0272,A,letter,-0.7258106470108032
training_0272,B,letter,-2.4914355278015137
training_0272,C,letter,-1.9601856470108032
training_0272,D,letter,-1.2414356470108032
training_1083,A,present,-5.374999937135726
training_1083,B,present,-3.1406249701976776
training_1083,C,present,0.171875
training_1083,D,present,1.4531250149011612
training_1891,A,letter,-2.914949893951416
training_1891,B,letter,-0.9930750131607056
training_1891,C,letter,-1.2118250131607056
training_1891,D,letter,-1.2899500131607056
training_2995,A,letter,-3.5468406677246094
training_2995,B,letter,-3.79684066772461
training_2995,C,letter,-0.6093407869338989
training_2995,D,letter,-0.9062157869338988
training_0275,A,letter,-5.506914615631104
training_0275,B,letter,-4.553789615631104
training_0275,C,letter,-4.913164615631104
training_0275,D,letter,-0.0225397385656833
training_1086,A,present,-1.5937499701976776
training_1086,B,present,-0.1875
training_1086,C,present,-6.671875075087883
training_1086,D,present,-5.953125094529241
training_1894,A,letter,-0.501673698425293
training_1894,B,letter,-1.532923698425293
training_1894,C,letter,-2.657923698425293
training_1894,D,letter,-2.236048698425293
training_2516,BADC,perm,1.0
training_2516,A<B,pair,1.09375
training_2516,A<C,pair,2.078125074505806
training_2516,A<D,pair,0.5625000596046448
training_2516,B<C,pair,2.968749899417162
training_2516,B<D,pair,2.109375111758709
training_2516,C<D,pair,-2.1250000596046448
training_2998,A,letter,-1.4119677543640137
training_2998,B,letter,-0.5838427543640137
training_2998,C,letter,-2.8494677543640137
training_2998,D,letter,-1.9744677543640137
training_0277,A,letter,-6.031064510345459
training_0277,B,letter,-3.890439510345459
training_0277,C,letter,-4.906064510345459
training_0277,D,letter,-0.0310644228011369
training_1088,A,present,-3.046875044703484
training_1088,B,present,-6.124999897321686
training_1088,C,present,-1.7343749552965164
training_1088,D,present,-1.3749999701976776
training_1896,A,letter,-3.667647123336792
training_1896,B,letter,-1.011397123336792
training_1896,C,letter,-0.964522123336792
training_1896,D,letter,-1.480147123336792
training_2518,BDAC,perm,1.0
training_2518,A<B,pair,-1.6875000149011612
training_2518,A<C,pair,1.1875000596046448
training_2518,A<D,pair,0.9531250596046448
training_2518,B<C,pair,4.296875181607902
training_2518,B<D,pair,2.749999903142452
training_2518,C<D,pair,-0.25
training_3000,A,letter,-3.685577869415283
training_3000,B,letter,-1.6230778694152832
training_3000,C,letter,-0.404327929019928
training_3000,D,letter,-2.232452869415283
training_0279,A,letter,-3.364712238311768
training_0279,B,letter,-4.755337238311768
training_0279,C,letter,-4.958462238311768
training_0279,D,letter,-0.0522121489048004
training_1090,A,present,-6.468750026891939
training_1090,B,present,-4.203124878928065
training_1090,C,present,-7.859375122003257
training_1090,D,present,-2.3593750819563866
training_3002,A,letter,-5.191764831542969
training_3002,B,letter,-3.7386398315429688
training_3002,C,letter,-5.238639831542969
training_3002,D,letter,-0.0355147756636142
training_0281,A,letter,-6.289334774017334
training_0281,B,letter,-1.508085012435913
training_0281,C,letter,-4.148709774017334
training_0281,D,letter,-0.2737099528312683
training_1092,A,present,-3.5781249292194843
training_1092,B,present,-4.499999876134098
training_1092,C,present,-5.71875009755604
training_1092,D,present,-1.9687499850988388
training_1897,A,letter,-2.7382407188415527
training_1897,B,letter,-2.7226157188415527
training_1897,C,letter,-2.2538657188415527
training_1897,D,letter,-0.2694905996322632
training_2519,ABDC,perm,1.0
training_2519,A<B,pair,1.2968750298023224
training_2519,A<C,pair,4.234375023283064
training_2519,A<D,pair,4.57812496367842
training_2519,B<C,pair,4.109375081956387
training_2519,B<D,pair,4.531250166706741
training_2519,C<D,pair,0.5468749701976776
training_3004,A,letter,-2.6463510990142822
training_3004,B,letter,-0.1307260990142822
training_3004,C,letter,-3.0838510990142822
training_3004,D,letter,-5.271350860595703
training_0284,A,letter,-0.2799015045166015
training_0284,B,letter,-2.8892765045166016
training_0284,C,letter,-2.1392765045166016
training_0284,D,letter,-2.6861515045166016
training_1095,A,present,-2.2968749701976776
training_1095,B,present,-3.218749925494194
training_1095,C,present,-5.703125073574483
training_1095,D,present,-1.7968749701976776
training_1900,A,letter,-0.6877175569534302
training_1900,B,letter,-3.0314674377441406
training_1900,C,letter,-1.5627175569534302
training_1900,D,letter,-1.4377175569534302
training_3007,A,letter,-1.8404746055603027
training_3007,B,letter,-3.5123496055603027
training_3007,C,letter,-0.2154746204614639
training_3007,D,letter,-5.402974605560303
training_0286,A,letter,-0.8859845399856567
training_0286,B,letter,-5.745359420776367
training_0286,C,letter,-4.495359420776367
training_0286,D,letter,-0.5578595399856567
training_1097,A,present,-1.2656249850988388
training_1097,B,present,-2.640625096857548
training_1097,C,present,-4.203124838881195
training_1097,D,present,-2.984374936670065
training_1902,A,letter,-2.6992292404174805
training_1902,B,letter,-1.4336042404174805
training_1902,C,letter,-1.1836042404174805
training_1902,D,letter,-0.9492293000221252
training_3009,A,letter,-3.4608397483825684
training_3009,B,letter,-2.3827147483825684
training_3009,C,letter,-1.5389647483825684
training_3009,D,letter,-0.4139647483825683
training_0288,A,letter,-1.5922956466674805
training_0288,B,letter,-4.2641706466674805
training_0288,C,letter,-0.4360456168651581
training_0288,D,letter,-2.0141706466674805
training_1099,A,present,-2.9062500037252903
training_1099,B,present,-6.078124903375283
training_1099,C,present,1.0312499701976776
training_1099,D,present,-3.2656249552965164
training_1904,A,letter,-5.519637584686279
training_1904,B,letter,-3.1446375846862797
training_1904,C,letter,-0.0508875921368598
training_1904,D,letter,-6.097762584686279
training_3011,A,letter,-0.4495192766189575
training_3011,B,letter,-1.5901442766189575
training_3011,C,letter,-2.402644157409668
training_3011,D,letter,-2.793269157409668
training_0290,A,letter,-8.238368034362793
training_0290,B,letter,-5.863368511199951
training_0290,C,letter,-7.113368511199951
training_0290,D,letter,-0.0039933947846293
training_1101,A,present,-10.593749887681042
training_1101,B,present,-2.125000089406967
training_1101,C,present,1.7343749552965164
training_1101,D,present,-7.546875148953404
training_1906,A,letter,-5.846879005432129
training_1906,B,letter,-9.940629005432127
training_1906,C,letter,-0.0031288738828152
training_1906,D,letter,-8.768754005432129
training_3013,A,letter,-2.4201176166534424
training_3013,B,letter,-0.8576175570487976
training_3013,C,letter,-3.6076176166534415
training_3013,D,letter,-0.7794925570487976
training_0292,A,letter,-4.327377796173096
training_0292,B,letter,-0.0148780280724167
training_0292,C,letter,-6.827377796173096
training_0292,D,letter,-8.186753273010254
training_1103,A,present,-7.250000044703484
training_1103,B,present,2.718749925494194
training_1103,C,present,-2.6406249925494194
training_1103,D,present,-8.218749810854206
training_1908,A,letter,-6.012829780578613
training_1908,B,letter,-2.8097047805786133
training_1908,C,letter,-4.637829780578613
training_1908,D,letter,-0.0753298923373222
training_3015,A,letter,-1.6879196166992188
training_3015,B,letter,-1.8910446166992188
training_3015,C,letter,-1.5160446166992188
training_3015,D,letter,-0.8129196166992188
training_0294,A,letter,-3.293865203857422
training_0294,B,letter,-0.0594901144504547
training_0294,C,letter,-4.215740203857422
training_0294,D,letter,-5.278240203857422
training_1105,A,present,-2.921874921768904
training_1105,B,present,-1.7968750298023224
training_1105,C,present,-3.1093749664723878
training_1105,D,present,-4.374999784864485
training_1910,A,letter,-2.527416706085205
training_1910,B,letter,-0.5899168252944946
training_1910,C,letter,-1.8555418252944944
training_1910,D,letter,-1.5742918252944946
training_2523,DACB,perm,1.0
training_2523,A<B,pair,2.312500111758709
training_2523,A<C,pair,1.1718750596046448
training_2523,A<D,pair,-2.4687500670552254
training_2523,B<C,pair,-1.0468749701976776
training_2523,B<D,pair,-4.703125186264515
training_2523,C<D,pair,-3.406249947845936
training_3017,A,letter,-6.491614818572998
training_3017,B,letter,-0.1009898632764816
training_3017,C,letter,-2.382239818572998
training_3017,D,letter,-6.335364818572998
training_0297,A,letter,-1.8895455598831177
training_0297,B,letter,-5.561420440673828
training_0297,C,letter,-0.23329558968544
training_0297,D,letter,-2.9520456790924072
training_1108,A,present,-2.671875096857548
training_1108,B,present,-2.718749895691872
training_1108,C,present,-2.328125111758709
training_1108,D,present,-4.046874765306711
training_1913,A,letter,-0.7666922807693481
training_1913,B,letter,-2.0010671615600586
training_1913,C,letter,-3.6729421615600586
training_1913,D,letter,-0.985442280769348
training_2526,DBAC,perm,1.0
training_2526,A<B,pair,-1.1875
training_2526,A<C,pair,-0.3125
training_2526,A<D,pair,-1.1562499403953552
training_2526,B<C,pair,0.5937499701976776
training_2526,B<D,pair,-0.40625
training_2526,C<D,pair,-0.9218750298023224
training_3020,A,letter,-1.9755640029907229
training_3020,B,letter,-1.1005640029907229
training_3020,C,letter,-0.6474389433860779
training_3020,D,letter,-5.459939002990723
training_0299,A,letter,-1.7561947107315063
training_0299,B,letter,-2.428069591522217
training_0299,C,letter,-3.818694591522217
training_0299,D,letter,-0.3343197107315063
training_1110,A,present,-5.296874817926437
training_1110,B,present,-2.968749921768904
training_1110,C,present,-3.171875111758709
training_1110,D,present,-4.031249830499291
training_1915,A,letter,-1.2376785278320312
training_1915,B,letter,-1.7533035278320312
training_1915,C,letter,-0.9095534682273864
training_1915,D,letter,-2.0189285278320312
training_3022,A,letter,-3.262279748916626
training_3022,B,letter,-0.6685298085212708
training_3022,C,letter,-1.777904748916626
training_3022,D,letter,-1.277904748916626
training_0301,A,letter,-0.5989659428596497
training_0301,B,letter,-1.0520908832550049
training_0301,C,letter,-3.145840883255005
training_0301,D,letter,-2.880215883255005
training_1112,A,present,-0.6093749403953552
training_1112,B,present,-3.687500113621354
training_1112,C,present,-4.046874888241291
training_1112,D,present,-3.1249999068677425
training_1917,A,letter,-1.0915313959121704
training_1917,B,letter,-4.091531276702881
training_1917,C,letter,-0.6384063959121704
training_1917,D,letter,-2.138406276702881
training_3024,A,letter,-1.5776865482330322
training_3024,B,letter,-1.7964365482330322
training_3024,C,letter,-3.546436548233032
training_3024,D,letter,-0.5151864886283875
training_0304,A,letter,-6.706164360046387
training_0304,B,letter,-7.518664360046387
training_0304,C,letter,-0.0030395044013857
training_0304,D,letter,-6.831164360046387
training_1115,A,present,-0.328125
training_1115,B,present,-3.640624927356839
training_1115,C,present,-3.890625022351742
training_1115,D,present,-5.54687478672713
training_1920,A,letter,-2.760776996612549
training_1920,B,letter,-3.042026996612549
training_1920,C,letter,-1.0732769966125488
training_1920,D,letter,-0.6045269966125488
training_3027,A,letter,-0.5253642797470093
training_3027,B,letter,-1.6347392797470093
training_3027,C,letter,-2.306614398956299
training_3027,D,letter,-2.181614398956299
training_0306,A,letter,-0.8792518377304077
training_0306,B,letter,-2.1448769569396973
training_0306,C,letter,-0.8167518377304077
training_0306,D,letter,-3.738626956939697
training_1117,A,present,-1.4062499552965164
training_1117,B,present,-2.8906250335276127
training_1117,C,present,-0.8749999701976776
training_1117,D,present,-3.015625
training_1922,A,letter,-3.16438102722168
training_1922,B,letter,-1.5706311464309692
training_1922,C,letter,-3.75813102722168
training_1922,D,letter,-0.3206311166286468
training_3029,A,letter,-0.952881395816803
training_3029,B,letter,-0.515381395816803
training_3029,C,letter,-4.609131336212158
training_3029,D,letter,-5.187256336212158
training_0311,A,letter,-0.6284090876579285
training_0311,B,letter,-6.284658908843994
training_0311,C,letter,-0.7690340876579285
training_0311,D,letter,-7.362783908843994
training_1122,A,present,0.484375
training_1122,B,present,0.9531250298023224
training_1122,C,present,-1.9687500298023224
training_1122,D,present,-1.5624999701976776
training_1927,A,letter,-4.475624561309815
training_1927,B,letter,-4.272499561309815
training_1927,C,letter,-0.4131243824958801
training_1927,D,letter,-1.1631243228912354
training_2528,CDAB,perm,1.0
training_2528,A<B,pair,0.5624999701976776
training_2528,A<C,pair,-2.859375022351742
training_2528,A<D,pair,0.53125
training_2528,B<C,pair,-3.2343750558793545
training_2528,B<D,pair,0.9062500298023224
training_2528,C<D,pair,4.90625008335337
training_3034,A,letter,-2.5685513019561768
training_3034,B,letter,-3.1310513019561768
training_3034,C,letter,-0.1623013913631439
training_3034,D,letter,-3.5529263019561768
training_0314,A,letter,-1.4122885465621948
training_0314,B,letter,-2.1466634273529053
training_0314,C,letter,-5.021663665771484
training_0314,D,letter,-0.4591635167598724
training_1125,A,present,-0.8281249701976776
training_1125,B,present,-3.734374981373549
training_1125,C,present,-1.125
training_1125,D,present,-3.6093750298023215
training_1930,A,letter,-0.3172398209571838
training_1930,B,letter,-4.457864761352539
training_1930,C,letter,-4.848489761352539
training_1930,D,letter,-1.379739761352539
training_3037,A,letter,-1.6349830627441406
training_3037,B,letter,-1.7443580627441406
training_3037,C,letter,-0.4943581223487854
training_3037,D,letter,-3.9943580627441406
training_0317,A,letter,-5.679895877838135
training_0317,B,letter,-5.554895877838135
training_0317,C,letter,-4.148645877838135
training_0317,D,letter,-0.0236460231244564
training_1128,A,present,-2.765624977648258
training_1128,B,present,-0.078125
training_1128,C,present,-5.531250152736902
training_1128,D,present,-3.953124968335033
training_1933,A,letter,-2.49501895904541
training_1933,B,letter,-2.90126895904541
training_1933,C,letter,-0.1825189739465713
training_1933,D,letter,-3.58876895904541
training_2531,ADBC,perm,1.0
training_2531,A<B,pair,1.921875074505806
training_2531,A<C,pair,3.8281249906867743
training_2531,A<D,pair,0.328125
training_2531,B<C,pair,1.859374895691872
training_2531,B<D,pair,-1.7187499701976776
training_2531,C<D,pair,-3.59375006519258
training_3040,A,letter,-2.084189891815185
training_3040,B,letter,-1.0060648918151855
training_3040,C,letter,-0.8029399514198303
training_3040,D,letter,-2.802939891815185
training_0319,A,letter,-2.8243191242218018
training_0319,B,letter,-2.6055691242218018
training_0319,C,letter,-0.636819064617157
training_0319,D,letter,-1.0899441242218018
training_1130,A,present,-1.1875
training_1130,B,present,0.25
training_1130,C,present,-0.7031250298023224
training_1130,D,present,-2.8593751080334187
training_1935,A,letter,-3.781241655349731
training_1935,B,letter,-1.2968666553497314
training_1935,C,letter,-2.8593666553497314
training_1935,D,letter,-0.4374915957450866
training_2533,ADCB,perm,1.0
training_2533,A<B,pair,3.0000000335276127
training_2533,A<C,pair,0.40625
training_2533,A<D,pair,0.0
training_2533,B<C,pair,-2.640624947845936
training_2533,B<D,pair,-3.343749973922968
training_2533,C<D,pair,0.0
training_3042,A,letter,-2.340484142303467
training_3042,B,letter,-0.527984082698822
training_3042,C,letter,-1.2779841423034668
training_3042,D,letter,-3.387359142303467
training_0322,A,letter,-2.8437860012054443
training_0322,B,letter,-0.0781609490513801
training_0322,C,letter,-4.343785762786865
training_0322,D,letter,-5.765660762786865
training_1133,A,present,-0.8906250298023224
training_1133,B,present,-3.296874925494194
training_1133,C,present,-5.015625207219273
training_1133,D,present,-2.578125022351742
training_1938,A,letter,-6.526056289672852
training_1938,B,letter,-1.1510560512542725
training_1938,C,letter,-6.354181289672852
training_1938,D,letter,-0.3854310810565948
training_2536,ADBC,perm,1.0
training_2536,A<B,pair,0.7968750596046448
training_2536,A<C,pair,0.9843750298023224
training_2536,A<D,pair,1.5937499701976776
training_2536,B<C,pair,-1.1874999403953552
training_2536,B<D,pair,1.125
training_2536,C<D,pair,1.5937500298023224
training_3045,A,letter,-5.074882984161377
training_3045,B,letter,-0.2936329841613769
training_3045,C,letter,-4.106132984161377
training_3045,D,letter,-1.465507984161377
training_0328,A,letter,-3.861732482910156
training_0328,B,letter,-0.9242326021194458
training_0328,C,letter,-6.205482482910156
training_0328,D,letter,-0.5492326021194458
training_1139,A,present,-1.3281249701976776
training_1139,B,present,-3.156249973922968
training_1139,C,present,-2.359374903142452
training_1139,D,present,-5.156249980442226
training_1944,A,letter,-6.567348957061768
training_1944,B,letter,-8.395474433898926
training_1944,C,letter,-0.0048489836044609
training_1944,D,letter,-5.770473957061768
training_2542,ABDC,perm,1.0
training_2542,A<B,pair,3.3593748807907104
training_2542,A<C,pair,5.250000208616257
training_2542,A<D,pair,3.359375111758709
training_2542,B<C,pair,1.8906249105930328
training_2542,B<D,pair,-0.21875
training_2542,C<D,pair,-1.5312500447034836
training_3051,A,letter,-5.203281402587891
training_3051,B,letter,-5.781406402587891
training_3051,C,letter,-0.1251566112041473
training_3051,D,letter,-2.2189066410064697
training_0331,A,letter,-2.075435161590576
training_0331,B,letter,-5.012935161590576
training_0331,C,letter,-0.1691851615905761
training_0331,D,letter,-3.794185161590576
training_1142,A,present,-3.5156250298023224
training_1142,B,present,-1.75
training_1142,C,present,-4.781249889172614
training_1142,D,present,0.40625
training_1947,A,letter,-5.43614387512207
training_1947,B,letter,-0.045519009232521
training_1947,C,letter,-4.24864387512207
training_1947,D,letter,-3.7017691135406494
training_3054,A,letter,-0.0871526896953582
training_3054,B,letter,-4.352777481079102
training_3054,C,letter,-4.102777481079102
training_3054,D,letter,-2.9309027194976807
training_0333,A,letter,-3.6526384353637695
training_0333,B,letter,-1.7932634353637695
training_0333,C,letter,-0.3401384055614471
training_0333,D,letter,-2.355763435363769
training_1144,A,present,-4.453124850988388
training_1144,B,present,-0.796875
training_1144,C,present,-0.9374999701976776
training_1144,D,present,1.3906249403953552
training_1949,A,letter,-2.528154134750366
training_1949,B,letter,-0.1375290751457214
training_1949,C,letter,-6.012528896331787
training_1949,D,letter,-3.090654134750366
training_2544,DBCA,perm,1.0
training_2544,A<B,pair,-0.9062499701976776
training_2544,A<C,pair,0.28125
training_2544,A<D,pair,-0.453125
training_2544,B<C,pair,0.828125
training_2544,B<D,pair,0.0
training_2544,C<D,pair,-0.6562499701976776
training_3056,A,letter,-1.3348335027694702
training_3056,B,letter,-1.9598335027694704
training_3056,C,letter,-3.06920862197876
training_3056,D,letter,-0.6004585027694702
training_0337,A,letter,-6.815451622009277
training_0337,B,letter,-6.596701622009277
training_0337,C,letter,-7.831076622009277
training_0337,D,letter,-0.0029517910443246
training_1148,A,present,-3.046875089406967
training_1148,B,present,-0.9531249403953552
training_1148,C,present,-3.640625031664968
training_1148,D,present,-1.875000074505806
training_1953,A,letter,-6.008745670318604
training_1953,B,letter,-0.024370614439249
training_1953,C,letter,-4.055620670318604
training_1953,D,letter,-5.524370670318604
training_2548,BCDA,perm,1.0
training_2548,A<B,pair,-7.81250002339948
training_2548,A<C,pair,-6.203125177649781
training_2548,A<D,pair,-3.296874914318323
training_2548,B<C,pair,-0.296875
training_2548,B<D,pair,5.140624872874469
training_2548,C<D,pair,3.046874985098839
training_3060,A,letter,-1.5812948942184448
training_3060,B,letter,-0.4250449240207672
training_3060,C,letter,-4.237545013427734
training_3060,D,letter,-2.0812950134277344
training_0339,A,letter,-4.602376937866211
training_0339,B,letter,-2.836751699447632
training_0339,C,letter,-0.6023767590522766
training_0339,D,letter,-0.9617517590522766
training_1150,A,present,-2.9687499403953552
training_1150,B,present,-2.1093751043081284
training_1150,C,present,-6.406250023283064
training_1150,D,present,-2.4687500074505806
training_1955,A,letter,-2.465095281600952
training_1955,B,letter,-3.199470281600952
training_1955,C,letter,-0.1994701921939849
training_1955,D,letter,-2.918220281600952
training_3062,A,letter,-1.2775936126708984
training_3062,B,letter,-2.8557186126708984
training_3062,C,letter,-0.4338436722755432
training_3062,D,letter,-4.199468612670898
training_0342,A,letter,-3.7437260150909424
training_0342,B,letter,-0.0249760933220386
training_0342,C,letter,-7.7593512535095215
training_0342,D,letter,-7.8531012535095215
training_1153,A,present,-1.4687499403953552
training_1153,B,present,-8.484375149215339
training_1153,C,present,-0.34375
training_1153,D,present,0.8593749701976776
training_1958,A,letter,-4.662055969238281
training_1958,B,letter,-6.349555969238281
training_1958,C,letter,-0.1151808872818946
training_1958,D,letter,-2.333930969238281
training_3065,A,letter,-0.0110491579398512
training_3065,B,letter,-5.776674270629883
training_3065,C,letter,-5.073549270629883
training_3065,D,letter,-6.542299270629883
training_0344,A,letter,-0.6426572799682617
training_0344,B,letter,-3.2364072799682617
training_0344,C,letter,-3.7520322799682617
training_0344,D,letter,-0.8926572799682617
training_1155,A,present,-1.2187499701976776
training_1155,B,present,-2.9062499403953552
training_1155,C,present,-0.515625
training_1155,D,present,-6.078125140164048
training_1960,A,letter,-4.286788463592529
training_1960,B,letter,-0.6774135828018188
training_1960,C,letter,-0.7867885828018188
training_1960,D,letter,-3.818038463592529
training_3067,A,letter,-2.0864250659942627
training_3067,B,letter,-1.2583000659942627
training_3067,C,letter,-2.3051750659942627
training_3067,D,letter,-0.7114250659942627
training_0348,A,letter,-1.2952260971069336
training_0348,B,letter,-2.0608510971069336
training_0348,C,letter,-1.7171010971069336
training_0348,D,letter,-0.8733510971069336
training_1159,A,present,-2.8281249590218067
training_1159,B,present,-0.8749999701976776
training_1159,C,present,-2.718749962747097
training_1159,D,present,-5.453124939464033
training_1964,A,letter,-0.3894741833209991
training_1964,B,letter,-2.1238491535186768
training_1964,C,letter,-2.0300991535186768
training_1964,D,letter,-2.6707241535186768
training_3071,A,letter,-1.5960999727249146
training_3071,B,letter,-0.4398499429225921
training_3071,C,letter,-2.017974853515625
training_3071,D,letter,-3.939849853515625
training_0351,A,letter,-5.1245293617248535
training_0351,B,letter,-2.3276546001434326
training_0351,C,letter,-0.1557795852422714
training_0351,D,letter,-3.2339046001434326
training_1162,A,present,2.515624962747097
training_1162,B,present,-4.37499981559813
training_1162,C,present,-6.421875191386789
training_1162,D,present,-4.921875002328306
training_1967,A,letter,-0.6873088479042053
training_1967,B,letter,-3.906058788299561
training_1967,C,letter,-1.4685587882995603
training_1967,D,letter,-1.4060587882995603
training_3074,A,letter,-2.669405698776245
training_3074,B,letter,-3.810030698776245
training_3074,C,letter,-2.763155698776245
training_3074,D,letter,-0.1694057732820511
training_0354,A,letter,-0.1984453946352005
training_0354,B,letter,-2.0109453201293945
training_0354,C,letter,-5.5578203201293945
training_0354,D,letter,-3.1828203201293945
training_1165,A,present,-2.250000022351742
training_1165,B,present,-1.7812500447034836
training_1165,C,present,0.890625
training_1165,D,present,1.6718749403953552
training_1970,A,letter,-2.035027503967285
training_1970,B,letter,-3.597527503967285
training_1970,C,letter,-1.4412776231765747
training_1970,D,letter,-0.5037776231765747
training_2550,CDAB,perm,1.0
training_2550,A<B,pair,-0.078125
training_2550,A<C,pair,-0.5625000596046448
training_2550,A<D,pair,-1.1250000298023224
training_2550,B<C,pair,-0.03125
training_2550,B<D,pair,-0.6406249701976776
training_2550,C<D,pair,-0.125
training_3077,A,letter,-1.229592204093933
training_3077,B,letter,-2.7295923233032227
training_3077,C,letter,-2.0577173233032227
training_3077,D,letter,-0.6670922040939331
training_0356,A,letter,-2.1508045196533203
training_0356,B,letter,-2.9164295196533203
training_0356,C,letter,-2.1664295196533203
training_0356,D,letter,-0.3383044004440307
training_1167,A,present,-0.8593750298023224
training_1167,B,present,-4.7187498807907104
training_1167,C,present,-5.140624896157533
training_1167,D,present,0.5156249701976776
training_1972,A,letter,-3.739490032196045
training_1972,B,letter,-0.4113650619983673
training_1972,C,letter,-1.489490032196045
training_1972,D,letter,-2.442615032196045
training_3079,A,letter,-0.6789045929908752
training_3079,B,letter,-1.3195295333862305
training_3079,C,letter,-5.694529533386231
training_3079,D,letter,-1.5070295333862305
training_0358,A,letter,-4.972629070281982
training_0358,B,letter,-3.6288793087005615
training_0358,C,letter,-7.066379070281982
training_0358,D,letter,-0.0351292863488197
training_1169,A,present,-4.828124823048711
training_1169,B,present,-5.203124788589776
training_1169,C,present,-2.453124903142452
training_1169,D,present,-0.171875
training_1974,A,letter,-3.69345760345459
training_1974,B,letter,-1.9747076034545896
training_1974,C,letter,-0.2715826034545898
training_1974,D,letter,-2.61533260345459
training_3081,A,letter,-3.301732063293457
training_3081,B,letter,-0.9736070036888124
training_3081,C,letter,-2.473607063293457
training_3081,D,letter,-0.6923570036888123
training_0360,A,letter,-5.758405685424805
training_0360,B,letter,-3.2740306854248047
training_0360,C,letter,-0.0552806742489337
training_0360,D,letter,-4.399030685424805
training_1171,A,present,-6.281250114785507
training_1171,B,present,-7.500000197382178
training_1171,C,present,0.4374999701976776
training_1171,D,present,-3.593749927356839
training_1975,A,letter,-0.0485397465527057
training_1975,B,letter,-3.767289638519287
training_1975,C,letter,-4.486039638519287
training_1975,D,letter,-4.407914638519287
training_3083,A,letter,-0.7739942073822021
training_3083,B,letter,-2.898994207382202
training_3083,C,letter,-4.914619445800781
training_3083,D,letter,-0.7427442073822021
training_0362,A,letter,-0.7508260011672974
training_0362,B,letter,-2.688325881958008
training_0362,C,letter,-4.219575881958008
training_0362,D,letter,-0.8133260011672974
training_1173,A,present,-1.0000000298023224
training_1173,B,present,-4.593750095926225
training_1173,C,present,-3.640625050291419
training_1173,D,present,0.8125
training_1977,A,letter,-3.090571165084839
training_1977,B,letter,-0.3874461948871612
training_1977,C,letter,-4.340571403503418
training_1977,D,letter,-1.3405711650848389
training_3085,A,letter,-4.34435510635376
training_3085,B,letter,-4.50060510635376
training_3085,C,letter,-0.0787302106618881
training_3085,D,letter,-2.96935510635376
training_0364,A,letter,-0.0172575265169143
training_0364,B,letter,-6.845382690429688
training_0364,C,letter,-4.939132690429688
training_0364,D,letter,-4.751632690429688
training_1175,A,present,-6.265625147381797
training_1175,B,present,-2.5625000298023224
training_1175,C,present,1.0312500298023224
training_1175,D,present,-1.0937500298023224
training_1979,A,letter,-0.0795345604419708
training_1979,B,letter,-6.673284530639648
training_1979,C,letter,-3.860784530639648
training_1979,D,letter,-2.9232845306396484
training_3087,A,letter,-0.1003342568874359
training_3087,B,letter,-2.8972091674804688
training_3087,C,letter,-5.944084167480469
training_3087,D,letter,-3.2878341674804688
training_0366,A,letter,-3.3930842876434326
training_0366,B,letter,-3.0180842876434326
training_0366,C,letter,-0.9868343472480774
training_0366,D,letter,-0.6118343472480774
training_1177,A,present,-3.656250108033418
training_1177,B,present,-4.203125230967999
training_1177,C,present,3.6562499050050974
training_1177,D,present,-5.359375218860805
training_1981,A,letter,-1.1217982769012451
training_1981,B,letter,-2.465548276901245
training_1981,C,letter,-0.6061732769012451
training_1981,D,letter,-3.168673276901245
training_3089,A,letter,-1.0723230838775637
training_3089,B,letter,-3.0410730838775635
training_3089,C,letter,-0.5723230838775635
training_3089,D,letter,-3.1035730838775635
training_0368,A,letter,-3.4070382118225098
training_0368,B,letter,-3.6882882118225098
training_0368,C,letter,-5.90703821182251
training_0368,D,letter,-0.0632881075143814
training_1179,A,present,-3.812499908730388
training_1179,B,present,-0.75
training_1179,C,present,-6.656249812105671
training_1179,D,present,-4.578124932013452
training_1983,A,letter,-1.6762371063232422
training_1983,B,letter,-3.348112106323242
training_1983,C,letter,-6.426237106323242
training_1983,D,letter,-0.2543621361255646
training_3091,A,letter,-3.189310073852539
training_3091,B,letter,-5.986185073852539
training_3091,C,letter,-0.0486849807202816
training_3091,D,letter,-5.658060073852539
training_0370,A,letter,-0.0138625195249915
training_0370,B,letter,-5.451362609863281
training_0370,C,letter,-6.513862609863281
training_0370,D,letter,-4.857612609863281
training_1181,A,present,-3.4374999664723878
training_1181,B,present,0.9062500298023224
training_1181,C,present,-7.546875071711838
training_1181,D,present,-3.406250052154064
training_1985,A,letter,-0.5047235488891602
training_1985,B,letter,-6.70784854888916
training_1985,C,letter,-0.9422235488891602
training_1985,D,letter,-5.31722354888916
training_3093,A,letter,-2.411152601242065
training_3093,B,letter,-4.629902362823486
training_3093,C,letter,-0.223652496933937
training_3093,D,letter,-2.301777601242065
training_0372,A,letter,-0.021776495501399
training_0372,B,letter,-6.9905266761779785
training_0372,C,letter,-6.2092766761779785
training_0372,D,letter,-4.0061516761779785
training_1183,A,present,-5.328125017229468
training_1183,B,present,-5.281250078231096
training_1183,C,present,-3.85937493480742
training_1183,D,present,-2.093749977648258
training_1987,A,letter,-0.1866684406995773
training_1987,B,letter,-4.499168395996094
training_1987,C,letter,-4.514793395996094
training_1987,D,letter,-1.9210433959960935
training_2553,DBCA,perm,1.0
training_2553,A<B,pair,-4.734375092200935
training_2553,A<C,pair,-1.6874999701976776
training_2553,A<D,pair,-2.656250096857548
training_2553,B<C,pair,2.375000014901161
training_2553,B<D,pair,1.6562499701976776
training_2553,C<D,pair,-0.34375
training_3095,A,letter,-0.7193297743797302
training_3095,B,letter,-3.906829833984375
training_3095,C,letter,-3.188079833984375
training_3095,D,letter,-0.7974547743797302
training_0375,A,letter,-4.718756198883057
training_0375,B,letter,-0.140631154179573
training_0375,C,letter,-5.671881198883057
training_0375,D,letter,-2.1406311988830566
training_1186,A,present,-5.000000163447112
training_1186,B,present,0.5312499701976776
training_1186,C,present,-4.359374870546162
training_1186,D,present,0.34375
training_1990,A,letter,-2.73582124710083
training_1990,B,letter,-5.64207124710083
training_1990,C,letter,-0.1108211949467659
training_1990,D,letter,-3.32957124710083
training_2556,ACDB,perm,1.0
training_2556,A<B,pair,5.562499806750566
training_2556,A<C,pair,5.062500096857548
training_2556,A<D,pair,5.562499793246388
training_2556,B<C,pair,-1.171875
training_2556,B<D,pair,0.7500000596046448
training_2556,C<D,pair,1.8125
training_3098,A,letter,-3.778210163116455
training_3098,B,letter,-0.231335163116455
training_3098,C,letter,-2.856335163116455
training_3098,D,letter,-2.075085163116455
training_0379,A,letter,-5.715684413909912
training_0379,B,letter,-0.4969342947006225
training_0379,C,letter,-4.996934413909912
training_0379,D,letter,-0.9656842947006226
training_1190,A,present,-1.1250000298023224
training_1190,B,present,-1.9062499850988388
training_1190,C,present,-1.4062499552965164
training_1190,D,present,-1.421875
training_1994,A,letter,-2.0377302169799805
training_1994,B,letter,-1.8658552169799805
training_1994,C,letter,-4.6471052169799805
training_1994,D,letter,-0.3502302765846252
training_2560,ACDB,perm,1.0
training_2560,A<B,pair,2.296874977648258
training_2560,A<C,pair,1.984375074505806
training_2560,A<D,pair,2.343750022351742
training_2560,B<C,pair,0.265625
training_2560,B<D,pair,0.421875
training_2560,C<D,pair,-0.6093749701976776
training_3102,A,letter,-3.1861813068389893
training_3102,B,letter,-1.6080564260482788
training_3102,C,letter,-2.4049313068389893
training_3102,D,letter,-0.4049313962459564
training_0384,A,letter,-1.9308528900146484
training_0384,B,letter,-4.368352890014648
training_0384,C,letter,-1.2902278900146484
training_0384,D,letter,-0.5714779496192932
training_1195,A,present,-5.93750001071021
training_1195,B,present,-8.531250053172698
training_1195,C,present,-3.7187500596046448
training_1195,D,present,-1.6406250596046448
training_1999,A,letter,-0.4555556774139404
training_1999,B,letter,-3.627430677413941
training_1999,C,letter,-4.70555591583252
training_1999,D,letter,-1.1118056774139404
training_2562,CBAD,perm,1.0
training_2562,A<B,pair,-1.7968749701976776
training_2562,A<C,pair,-2.1250000074505806
training_2562,A<D,pair,-1.0468749403953552
training_2562,B<C,pair,0.03125
training_2562,B<D,pair,2.078124932944774
training_2562,C<D,pair,1.203125
training_3107,A,letter,-5.485965728759766
training_3107,B,letter,-0.0172158125787973
training_3107,C,letter,-4.548465728759766
training_3107,D,letter,-6.251590728759766
training_3536,A,letter,-6.893735885620117
training_3536,B,letter,-6.331235885620117
training_3536,C,letter,-0.0031110481359064
training_3538,A,letter,-0.0005681092734448
training_3538,B,letter,-8.406818389892578
training_3538,C,letter,-8.359943389892578
training_3543,A,letter,-0.0015575670404359
training_3543,B,letter,-7.579682350158691
training_3543,C,letter,-7.110932350158691
training_3545,A,letter,-0.2436563074588775
training_3545,B,letter,-1.6342812776565552
training_3545,C,letter,-4.071781158447266
training_3547,A,letter,-5.988898277282715
training_3547,B,letter,-3.473273515701294
training_3547,C,letter,-0.0357734896242618
training_3549,A,letter,-0.0178519859910011
training_3549,B,letter,-4.330351829528809
training_3549,C,letter,-5.924101829528809
training_3551,A,letter,-0.2457463145256042
training_3551,B,letter,-2.823871374130249
training_3551,C,letter,-1.855121374130249
training_3554,A,letter,-0.0671362653374672
training_3554,B,letter,-5.285886287689209
training_3554,C,letter,-2.848386287689209
training_3556,A,letter,-4.504487991333008
training_3556,B,letter,-0.0201128553599119
training_3556,C,letter,-4.848237991333008
training_3560,A,letter,-10.078350067138672
training_3560,B,letter,-0.0002252801787108
training_3560,C,letter,-9.328350067138672
training_3563,A,letter,-6.757453441619873
training_3563,B,letter,-5.351203441619873
training_3563,C,letter,-0.0074534900486469
training_3565,A,letter,-7.329792976379394
training_3565,B,letter,-7.470417976379394
training_3565,C,letter,-0.0016677769599482
training_3568,A,letter,-0.0008850948070175
training_3568,B,letter,-8.407135009765625
training_3568,C,letter,-7.469635009765625
training_3570,A,letter,-6.455947399139404
training_3570,B,letter,-7.377822399139404
training_3570,C,letter,-0.002822465263307
training_3572,A,letter,-0.0252534709870815
training_3572,B,letter,-5.1033782958984375
training_3572,C,letter,-4.0096282958984375
training_3575,A,letter,-0.000706780469045
training_3575,B,letter,-8.953831672668457
training_3575,C,letter,-7.610081672668457
training_3578,A,letter,-11.078261375427246
training_3578,B,letter,-0.0001364853233098
training_3578,C,letter,-9.593886375427246
training_3583,A,letter,-8.906761169433594
training_3583,B,letter,-9.141136169433594
training_3583,C,letter,-0.0005111579666845
training_3964,A,letter,-2.569921493530273
training_3964,B,letter,-1.9761714935302732
training_3964,C,letter,-4.491796493530273
training_3964,D,letter,-0.2574214339256286
training_3588,A,letter,-0.0160567536950111
training_3588,B,letter,-5.000431537628174
training_3588,C,letter,-4.797306537628174
training_3969,A,letter,-4.420321941375732
training_3969,B,letter,-0.3109467327594757
training_3969,C,letter,-1.607821702957153
training_3969,D,letter,-2.9203217029571533
training_3589,A,letter,-6.613352298736572
training_3589,B,letter,-6.503977298736572
training_3589,C,letter,-0.003977246582508
training_3593,A,letter,-3.581095933914185
training_3593,B,letter,-5.4717206954956055
training_3593,C,letter,-0.0342208929359912
training_3972,A,letter,-1.6050002574920654
training_3972,B,letter,-1.5268752574920654
training_3972,C,letter,-0.5737502574920654
training_3972,D,letter,-4.0425004959106445
training_3595,A,letter,-5.814947605133057
training_3595,B,letter,-0.06494752317667
training_3595,C,letter,-2.8461976051330566
training_3598,A,letter,-7.0731282234191895
training_3598,B,letter,-0.0106284040957689
training_3598,C,letter,-4.7606282234191895
training_3601,A,letter,-0.0207568798214197
training_3601,B,letter,-6.442631721496582
training_3601,C,letter,-4.005131721496582
training_3603,A,letter,-5.3026885986328125
training_3603,B,letter,-0.1620635986328125
training_3603,C,letter,-1.9433135986328125
training_3605,A,letter,-3.931246280670166
training_3605,B,letter,-0.1031213104724884
training_3605,C,letter,-2.571871280670166
training_3976,A,letter,-1.95061469078064
training_3976,B,letter,-2.02873969078064
training_3976,C,letter,-1.6693646907806396
training_3976,D,letter,-0.6224896907806396
training_3608,A,letter,-0.8648087382316589
training_3608,B,letter,-4.677308559417725
training_3608,C,letter,-0.5679337382316589
training_3978,A,letter,-1.391347885131836
training_3978,B,letter,-1.453847885131836
training_3978,C,letter,-1.094472885131836
training_3978,D,letter,-1.703847885131836
training_3979,A,letter,-1.5198653936386108
training_3979,B,letter,-1.0979903936386108
training_3979,C,letter,-1.1448653936386108
training_3979,D,letter,-2.0511155128479004
training_3980,A,letter,-1.0000929832458496
training_3980,B,letter,-1.3282179832458496
training_3980,C,letter,-2.1407179832458496
training_3980,D,letter,-1.3907179832458496
training_3614,A,letter,-1.1713608503341677
training_3614,B,letter,-0.7807358503341675
training_3614,C,letter,-1.4838608503341677
training_3981,A,letter,-3.617074966430664
training_3981,B,letter,-0.3201998472213745
training_3981,C,letter,-3.257699966430664
training_3981,D,letter,-1.5701998472213743
training_3983,A,letter,-4.415608882904053
training_3983,B,letter,-2.837484121322632
training_3983,C,letter,-3.196859121322632
training_3983,D,letter,-0.1187340319156646
training_3615,A,letter,-3.93454909324646
training_3615,B,letter,-0.2939241826534271
training_3615,C,letter,-1.4657992124557495
training_3616,A,letter,-1.4578444957733154
training_3616,B,letter,-1.6765944957733154
training_3616,C,letter,-0.5672195553779602
training_3617,A,letter,-0.5399415493011475
training_3617,B,letter,-1.1961915493011477
training_3617,C,letter,-2.2743165493011475
training_3618,A,letter,-0.0643266588449478
training_3618,B,letter,-4.892451763153076
training_3618,C,letter,-2.923701763153076
training_3989,A,letter,-2.058065414428711
training_3989,B,letter,-0.8549402952194214
training_3989,C,letter,-0.9018152952194214
training_3989,D,letter,-3.229940414428711
training_3619,A,letter,-0.0542273744940757
training_3619,B,letter,-3.210477352142334
training_3619,C,letter,-4.616727352142334
training_3622,A,letter,-6.331433773040772
training_3622,B,letter,-0.0033087765332311
training_3622,C,letter,-7.034558773040772
training_3624,A,letter,-0.0066335233859717
training_3624,B,letter,-6.991008758544922
training_3624,C,letter,-5.256633758544922
training_3627,A,letter,-0.3764544725418091
training_3627,B,letter,-1.892079472541809
training_3627,C,letter,-1.829579472541809
training_3631,A,letter,-3.757901191711426
training_3631,B,letter,-2.320401191711426
training_3631,C,letter,-0.1329011172056198
training_3635,A,letter,-0.039626020938158
training_3635,B,letter,-3.758376121520996
training_3635,C,letter,-4.289626121520996
training_3994,A,letter,-0.3349596560001373
training_3994,B,letter,-3.4287097454071045
training_3994,C,letter,-2.6943347454071045
training_3994,D,letter,-1.694334626197815
training_3995,A,letter,-0.685977041721344
training_3995,B,letter,-1.6391019821166992
training_3995,C,letter,-3.982851982116699
training_3995,D,letter,-1.2641019821166992
training_3639,A,letter,-4.118615627288818
training_3639,B,letter,-5.040490627288818
training_3639,C,letter,-0.0248658638447523
training_3997,A,letter,-0.7015496492385864
training_3997,B,letter,-0.9827996492385864
training_3997,C,letter,-2.420299530029297
training_3997,D,letter,-3.217174530029297
training_3999,A,letter,-6.126226902008057
training_3999,B,letter,-3.1574769020080566
training_3999,C,letter,-0.0481019876897335
training_3999,D,letter,-6.204351902008057
training_4001,A,letter,-2.084969043731689
training_4001,B,letter,-3.9130940437316895
training_4001,C,letter,-5.1474690437316895
training_4001,D,letter,-0.1630941480398178
training_3645,A,letter,-6.619772434234619
training_3645,B,letter,-0.0260224286466836
training_3645,C,letter,-3.776022434234619
training_3648,A,letter,-0.0854336470365524
training_3648,B,letter,-2.6323087215423584
training_3648,C,letter,-4.866683483123779
training_3651,A,letter,-0.0008460279786959
training_3651,B,letter,-7.782095909118652
training_3651,C,letter,-8.078970909118652
training_3653,A,letter,-0.2997284531593323
training_3653,B,letter,-1.6278533935546875
training_3653,C,letter,-2.8153533935546875
training_3657,A,letter,-3.5964114665985107
training_3657,B,letter,-2.5964114665985107
training_3657,C,letter,-0.1120364591479301
training_3662,A,letter,-0.7254197597503662
training_3662,B,letter,-2.131669759750366
training_3662,C,letter,-0.9441697597503662
training_4003,A,letter,-1.911962389945984
training_4003,B,letter,-1.677587389945984
training_4003,C,letter,-2.646337509155273
training_4003,D,letter,-0.5213373899459839
training_3664,A,letter,-4.209097862243652
training_3664,B,letter,-3.3809728622436523
training_3664,C,letter,-0.052847821265459
training_3667,A,letter,-4.889492511749268
training_3667,B,letter,-0.0144926039502024
training_3667,C,letter,-5.170742511749268
training_4006,A,letter,-0.6336435079574585
training_4006,B,letter,-2.852393627166748
training_4006,C,letter,-1.1023935079574585
training_4006,D,letter,-2.539893627166748
training_4008,A,letter,-1.551295280456543
training_4008,B,letter,-2.113795280456543
training_4008,C,letter,-0.4575453400611877
training_4008,D,letter,-3.395045280456543
training_3669,A,letter,-0.9668139219284058
training_3669,B,letter,-2.0136890411376958
training_3669,C,letter,-0.7324389219284058
training_4009,A,letter,-3.33573055267334
training_4009,B,letter,-2.17948055267334
training_4009,C,letter,-0.2107304781675338
training_4009,D,letter,-3.19510555267334
training_4011,A,letter,-2.719158411026001
training_4011,B,letter,-2.562908411026001
training_4011,C,letter,-2.078533411026001
training_4011,D,letter,-0.3129084706306457
training_4015,A,letter,-1.70087730884552
training_4015,B,letter,-0.4196273386478424
training_4015,C,letter,-2.8102524280548096
training_4015,D,letter,-2.3102524280548096
training_4017,A,letter,-1.357587814331055
training_4017,B,letter,-2.2950878143310547
training_4017,C,letter,-1.279462814331055
training_4017,D,letter,-1.013837814331055
training_4019,A,letter,-2.4492993354797363
training_4019,B,letter,-0.3242992758750915
training_4019,C,letter,-1.8867993354797363
training_4019,D,letter,-3.2617993354797363
training_3679,A,letter,-1.2127344608306885
training_3679,B,letter,-1.1971094608306885
training_3679,C,letter,-0.9314845204353333
training_3681,A,letter,-9.344428062438965
training_3681,B,letter,-7.891302585601807
training_3681,C,letter,-0.0006777135422453
training_4020,A,letter,-3.4787189960479736
training_4020,B,letter,-3.0880939960479736
training_4020,C,letter,-2.5724689960479736
training_4020,D,letter,-0.166219100356102
training_3683,A,letter,-4.167861461639404
training_3683,B,letter,-0.2303616404533386
training_3683,C,letter,-1.6834867000579834
training_3684,A,letter,-2.513584613800049
training_3684,B,letter,-0.4354595839977264
training_3684,C,letter,-1.3260846138000488
training_3685,A,letter,-2.818981647491455
training_3685,B,letter,-0.6314815282821655
training_3685,C,letter,-0.9127315282821656
training_3687,A,letter,-1.7551910877227783
training_3687,B,letter,-3.3958160877227783
training_3687,C,letter,-0.2395660430192947
training_4024,A,letter,-1.7972623109817505
training_4024,B,letter,-2.297262191772461
training_4024,C,letter,-1.4066373109817505
training_4024,D,letter,-0.7191373109817505
training_3689,A,letter,-0.2195815443992614
training_3689,B,letter,-1.7820816040039062
training_3689,C,letter,-3.610206604003906
training_4025,A,letter,-3.443608283996582
training_4025,B,letter,-0.818608283996582
training_4025,C,letter,-0.881108283996582
training_4025,D,letter,-2.193608283996582
training_4027,A,letter,-4.0413007736206055
training_4027,B,letter,-4.0725507736206055
training_4027,C,letter,-1.0100507736206057
training_4027,D,letter,-0.5100508332252502
training_3691,A,letter,-2.0122227668762207
training_3691,B,letter,-0.8559728264808655
training_3691,C,letter,-0.8247228264808655
training_4029,A,letter,-1.460624933242798
training_4029,B,letter,-0.6637499332427979
training_4029,C,letter,-2.382499933242798
training_4029,D,letter,-1.8356249332427976
training_3692,A,letter,-0.5605734586715698
training_3692,B,letter,-1.6855734586715698
training_3692,C,letter,-1.4199484586715698
training_3693,A,letter,-1.6950502395629885
training_3693,B,letter,-0.3981752693653106
training_3693,C,letter,-2.0700502395629883
training_3694,A,letter,-0.933214783668518
training_3694,B,letter,-3.4332146644592285
training_3694,C,letter,-0.5582147836685181
training_3695,A,letter,-1.6041057109832764
training_3695,B,letter,-3.697855710983277
training_3695,C,letter,-0.2603556513786316
training_4035,A,letter,-3.9668726921081534
training_4035,B,letter,-1.5606226921081543
training_4035,C,letter,-0.5918726921081543
training_4035,D,letter,-1.5293726921081543
training_3696,A,letter,-3.0610873699188232
training_3696,B,letter,-3.7485873699188232
training_3696,C,letter,-0.0767123624682426
training_3698,A,letter,-2.08412766456604
training_3698,B,letter,-3.31850266456604
training_3698,C,letter,-0.1778777539730072
training_4037,A,letter,-3.0436854362487797
training_4037,B,letter,-0.2311853170394897
training_4037,C,letter,-4.309310436248779
training_4037,D,letter,-1.9343103170394895
training_3700,A,letter,-0.1448726654052734
training_3700,B,letter,-3.6448726654052734
training_3700,C,letter,-2.238622665405273
training_4039,A,letter,-0.1269049495458603
training_4039,B,letter,-5.2675299644470215
training_4039,C,letter,-5.2675299644470215
training_4039,D,letter,-2.220654964447021
training_3704,A,letter,-4.978614330291748
training_3704,B,letter,-1.3692395687103271
training_3704,C,letter,-0.3067395389080047
training_4042,A,letter,-6.609460830688477
training_4042,B,letter,-1.4688360691070557
training_4042,C,letter,-6.437585830688477
training_4042,D,letter,-0.2657110691070556
training_3706,A,letter,-2.5699260234832764
training_3706,B,letter,-0.1168011128902435
training_3706,C,letter,-3.4761760234832764
training_4044,A,letter,-5.059561729431152
training_4044,B,letter,-1.6845617294311523
training_4044,C,letter,-6.231436729431152
training_4044,D,letter,-0.2158116847276687
training_4047,A,letter,-3.471853256225586
training_4047,B,letter,-0.0343533642590045
training_4047,C,letter,-7.268728256225586
training_4047,D,letter,-6.284353256225586
training_4049,A,letter,-3.77597975730896
training_4049,B,letter,-2.52597975730896
training_4049,C,letter,-2.99472975730896
training_4049,D,letter,-0.1666048616170883
training_3713,A,letter,-1.072360277175903
training_3713,B,letter,-0.4473602175712585
training_3713,C,letter,-4.072360038757324
training_4051,A,letter,-3.168339729309082
training_4051,B,letter,-0.887089729309082
training_4051,C,letter,-0.855839729309082
training_4051,D,letter,-2.121464729309082
training_4053,A,letter,-2.020634651184082
training_4053,B,letter,-0.7550097107887268
training_4053,C,letter,-1.051884651184082
training_4053,D,letter,-3.051884651184082
training_4055,A,letter,-4.3571882247924805
training_4055,B,letter,-2.52906346321106
training_4055,C,letter,-2.76343846321106
training_4055,D,letter,-0.1696884036064148
training_3718,A,letter,-1.930301308631897
training_3718,B,letter,-0.570926308631897
training_3718,C,letter,-1.258426308631897
training_4058,A,letter,-1.0786480903625488
training_4058,B,letter,-2.969273090362549
training_4058,C,letter,-0.563023030757904
training_4058,D,letter,-3.266148090362549
training_3720,A,letter,-0.3864014744758606
training_3720,B,letter,-2.152026414871216
training_3720,C,letter,-1.6676514148712158
training_3722,A,letter,-2.016468048095703
training_3722,B,letter,-0.8289680480957031
training_3722,C,letter,-0.8914680480957031
training_3723,A,letter,-0.2294338047504425
training_3723,B,letter,-1.65130877494812
training_3723,C,letter,-4.463809013366699
training_4061,A,letter,-2.8778090476989746
training_4061,B,letter,-1.674683928489685
training_4061,C,letter,-0.2840589582920074
training_4061,D,letter,-5.752809047698975
training_3724,A,letter,-0.8574509024620056
training_3724,B,letter,-0.6699509024620056
training_3724,C,letter,-2.8418259620666504
training_3725,A,letter,-1.4188786745071411
training_3725,B,letter,-1.887628674507141
training_3725,C,letter,-0.5126286745071411
training_3727,A,letter,-0.533669114112854
training_3727,B,letter,-3.5649189949035645
training_3727,C,letter,-0.971169114112854
training_4066,A,letter,-3.9328556060791016
training_4066,B,letter,-1.7609806060791016
training_4066,C,letter,-1.7766056060791016
training_4066,D,letter,-0.4484806656837463
training_3730,A,letter,-6.006049633026123
training_3730,B,letter,-0.959174633026123
training_3730,C,letter,-0.4904246628284454
training_3732,A,letter,-6.854660034179688
training_3732,B,letter,-0.0577849261462688
training_3732,C,letter,-2.9327850341796875
training_3734,A,letter,-6.553904533386231
training_3734,B,letter,-5.366404533386231
training_3734,C,letter,-0.0070293266326189
training_3737,A,letter,-1.7285274267196655
training_3737,B,letter,-0.4472774267196655
training_3737,C,letter,-1.7285274267196655
training_3741,A,letter,-0.698494553565979
training_3741,B,letter,-5.6203694343566895
training_3741,C,letter,-0.698494553565979
training_3744,A,letter,-2.725106239318848
training_3744,B,letter,-2.115731239318848
training_3744,C,letter,-0.2094812989234924
training_3747,A,letter,-1.1286009550094604
training_3747,B,letter,-0.4567259550094604
training_3747,C,letter,-3.22235107421875
training_3749,A,letter,-2.1817426681518555
training_3749,B,letter,-3.744242668151856
training_3749,C,letter,-0.150492787361145
training_3752,A,letter,-0.0054267947562038
training_3752,B,letter,-6.97417688369751
training_3752,C,letter,-5.59917688369751
training_3754,A,letter,-0.0164010003209114
training_3754,B,letter,-4.2664008140563965
training_3754,C,letter,-6.3757758140563965
training_3756,A,letter,-1.5049259662628174
training_3756,B,letter,-0.254925936460495
training_3756,C,letter,-6.114300727844238
training_3758,A,letter,-1.94607412815094
training_3758,B,letter,-0.1648241579532623
training_3758,C,letter,-4.86794900894165
training_3761,A,letter,-3.170332431793213
training_3761,B,letter,-0.0453324131667614
training_3761,C,letter,-6.560957431793213
training_3764,A,letter,-1.710233211517334
training_3764,B,letter,-0.2258582115173339
training_3764,C,letter,-4.022733211517334
training_3766,A,letter,-7.38017463684082
training_3766,B,letter,-0.0051746955141425
training_3766,C,letter,-5.75517463684082
training_3770,A,letter,-4.802638053894043
training_3770,B,letter,-0.3651379942893982
training_3770,C,letter,-1.224513053894043
training_3773,A,letter,-0.0149784414097666
training_3773,B,letter,-5.718103408813477
training_3773,C,letter,-4.577478408813477
training_3775,A,letter,-8.688186645507812
training_3775,B,letter,-8.672561645507812
training_3775,C,letter,-0.0006868863711133
training_3779,A,letter,-0.3314532041549682
training_3779,B,letter,-1.3627032041549685
training_3779,C,letter,-3.768953323364258
training_3781,A,letter,-2.1141128540039062
training_3781,B,letter,-1.8484878540039065
training_3781,C,letter,-0.3328628838062286
training_3783,A,letter,-5.399219989776611
training_3783,B,letter,-1.196094989776611
training_3783,C,letter,-0.3679700195789337
training_3785,A,letter,-5.245571613311768
training_3785,B,letter,-1.8236963748931885
training_3785,C,letter,-0.1986963897943496
training_3787,A,letter,-0.0423555485904216
training_3787,B,letter,-4.495480537414551
training_3787,C,letter,-3.667355537414551
training_3790,A,letter,-6.406771659851074
training_3790,B,letter,-0.0161466095596551
training_3790,C,letter,-4.344271659851074
training_3792,A,letter,-0.0014760324265807
training_3792,B,letter,-7.829600811004639
training_3792,C,letter,-7.782725811004639
training_3795,A,letter,-1.5552608966827393
training_3795,B,letter,-0.3208859264850616
training_3795,C,letter,-3.1802608966827397
training_3797,A,letter,-5.638004302978516
training_3797,B,letter,-0.7473790645599365
training_3797,C,letter,-0.6536290645599365
training_3799,A,letter,-2.7372992038726807
training_3799,B,letter,-0.3935492932796478
training_3799,C,letter,-1.3622993230819702
training_3802,A,letter,-5.85327672958374
training_3802,B,letter,-0.931401550769806
training_3802,C,letter,-0.5095265507698059
training_3804,A,letter,-3.173686981201172
training_3804,B,letter,-0.2205620557069778
training_3804,C,letter,-2.017436981201172
training_3806,A,letter,-0.5972962975502014
training_3806,B,letter,-0.9097962975502014
training_3806,C,letter,-3.2847962379455566
training_3810,A,letter,-6.706094741821289
training_3810,B,letter,-0.0029696195852011
training_3810,C,letter,-6.831094741821289
training_3812,A,letter,-1.4038013219833374
training_3812,B,letter,-1.7163013219833374
training_3812,C,letter,-0.5756763219833374
training_3815,A,letter,-7.420716285705566
training_3815,B,letter,-0.21759133040905
training_3815,C,letter,-1.6394662857055664
training_3817,A,letter,-6.528079986572266
training_3817,B,letter,-0.0280801802873611
training_3817,C,letter,-3.7468302249908447
training_3819,A,letter,-6.629971027374268
training_3819,B,letter,-0.0987212434411048
training_3819,C,letter,-2.4112212657928467
training_3821,A,letter,-6.045566558837891
training_3821,B,letter,-0.0455666184425354
training_3821,C,letter,-3.20181655883789
training_3824,A,letter,-4.750411987304688
training_3824,B,letter,-0.6566617488861084
training_3824,C,letter,-0.7660367488861084
training_3827,A,letter,-0.0028728663455694
training_3827,B,letter,-7.534122943878174
training_3827,C,letter,-6.252872943878174
training_3829,A,letter,-2.3005592823028564
training_3829,B,letter,-0.3474343419075012
training_3829,C,letter,-1.6755592823028564
training_3831,A,letter,-0.4073986411094665
training_3831,B,letter,-1.360523700714111
training_3831,C,letter,-2.6261487007141118
training_3833,A,letter,-2.924416303634644
training_3833,B,letter,-0.1119163408875465
training_3833,C,letter,-3.111916303634644
training_3835,A,letter,-7.085190773010254
training_3835,B,letter,-0.0226908940821886
training_3835,C,letter,-3.882066011428833
training_3838,A,letter,-2.771641254425049
training_3838,B,letter,-2.099766254425049
training_3838,C,letter,-0.2091412097215652
training_3841,A,letter,-5.875834465026856
training_3841,B,letter,-2.0789592266082764
training_3841,C,letter,-0.1414592713117599
training_3844,A,letter,-0.7777274250984192
training_3844,B,letter,-4.6527276039123535
training_3844,C,letter,-0.6371024250984192
training_3846,A,letter,-3.3166513442993164
training_3846,B,letter,-3.722901344299317
training_3846,C,letter,-0.0666512623429298
training_3848,A,letter,-1.237488031387329
training_3848,B,letter,-0.7531129717826843
training_3848,C,letter,-1.456238031387329
training_3850,A,letter,-2.2212724685668945
training_3850,B,letter,-1.908772349357605
training_3850,C,letter,-0.315022349357605
training_3852,A,letter,-2.4272890090942383
training_3852,B,letter,-0.8335388898849487
training_3852,C,letter,-0.7554138898849487
training_3854,A,letter,-0.1364693343639373
training_3854,B,letter,-2.24584436416626
training_3854,C,letter,-3.94896936416626
training_3856,A,letter,-0.1357711404561996
training_3856,B,letter,-4.10452127456665
training_3856,C,letter,-2.2295210361480717
training_3858,A,letter,-0.1727597564458847
training_3858,B,letter,-5.891509532928467
training_3858,C,letter,-1.875884771347046
training_3860,A,letter,-5.417713165283203
training_3860,B,letter,-5.339588165283203
training_3860,C,letter,-0.0114630162715911
training_3862,A,letter,-0.0139959510415792
training_3862,B,letter,-5.763996124267578
training_3862,C,letter,-4.920246124267578
training_3864,A,letter,-0.0172972455620765
training_3864,B,letter,-4.407922267913818
training_3864,C,letter,-6.220422267913818
training_3867,A,letter,-5.701706886291504
training_3867,B,letter,-0.0142069356516003
training_3867,C,letter,-4.670456886291504
training_3869,A,letter,-0.3923031985759735
training_3869,B,letter,-1.767303228378296
training_3869,C,letter,-1.907928228378296
training_3871,A,letter,-1.3596209287643433
training_3871,B,letter,-4.093996047973633
training_3871,C,letter,-0.3439959287643432
training_3875,A,letter,-5.776908874511719
training_3875,B,letter,-0.0112837497144937
training_3875,C,letter,-5.120658874511719
training_3879,A,letter,-4.136734008789063
training_3879,B,letter,-3.7617337703704834
training_3879,C,letter,-0.0429838113486766
training_3881,A,letter,-0.0020650746300816
training_3881,B,letter,-7.127065181732178
training_3881,C,letter,-7.064565181732178
training_3883,A,letter,-0.1059295684099197
training_3883,B,letter,-2.8403046131134038
training_3883,C,letter,-3.2621796131134038
training_3888,A,letter,-0.6216496825218201
training_3888,B,letter,-2.590399742126465
training_3888,C,letter,-0.98102468252182
training_3890,A,letter,-1.3097249269485474
training_3890,B,letter,-3.169100046157837
training_3890,C,letter,-0.3878499567508697
training_3894,A,letter,-1.3846144676208496
training_3894,B,letter,-2.3533644676208496
training_3894,C,letter,-0.4314895272254944
training_3896,A,letter,-0.8962523937225342
training_3896,B,letter,-0.8650023937225342
training_3896,C,letter,-1.8181273937225344
training_3898,A,letter,-6.714354991912842
training_3898,B,letter,-0.0893550142645835
training_3898,C,letter,-2.495604991912842
training_4067,A,letter,-0.0775878354907035
training_4067,B,letter,-5.624462604522705
training_4067,C,letter,-3.827587842941284
training_4067,D,letter,-3.015087842941284
training_3900,A,letter,-0.0055957343429327
training_3900,B,letter,-5.630595684051514
training_3900,C,letter,-6.521220684051514
training_3901,A,letter,-0.4353232979774475
training_3901,B,letter,-2.4040732383728027
training_3901,C,letter,-1.3728232383728027
training_4070,A,letter,-6.814907073974609
training_4070,B,letter,-2.6742823123931885
training_4070,C,letter,-0.0961572006344795
training_4070,D,letter,-3.846157312393189
training_4073,A,letter,-6.920248985290527
training_4073,B,letter,-1.795249104499817
training_4073,C,letter,-6.045248985290527
training_4073,D,letter,-0.1858740746974945
training_4074,A,letter,-5.333064556121826
training_4074,B,letter,-0.1299395114183426
training_4074,C,letter,-3.614314556121826
training_4074,D,letter,-2.411189556121826
training_4076,A,letter,-0.2925984561443329
training_4076,B,letter,-6.292598247528076
training_4076,C,letter,-3.1207234859466557
training_4076,D,letter,-1.5738484859466553
training_3907,A,letter,-8.32149887084961
training_3907,B,letter,-0.0089987907558679
training_3907,C,letter,-4.805873870849609
training_3909,A,letter,-6.145936489105225
training_3909,B,letter,-0.0053114253096282
training_3909,C,letter,-6.052186489105225
training_3911,A,letter,-8.127116203308105
training_3911,B,letter,-0.0958657786250114
training_3911,C,letter,-2.4083657264709477
training_3914,A,letter,-6.914815425872803
training_3914,B,letter,-5.055440425872803
training_3914,C,letter,-0.00856523681432
training_3916,A,letter,-5.235977649688721
training_3916,B,letter,-0.6266025304794312
training_3916,C,letter,-0.7828525304794312
training_3921,A,letter,-0.0587667115032672
training_3921,B,letter,-5.808766841888428
training_3921,C,letter,-2.9337666034698486
training_4077,A,letter,-3.38527512550354
training_4077,B,letter,-0.1352750957012176
training_4077,C,letter,-2.71340012550354
training_4077,D,letter,-3.65090012550354
training_4079,A,letter,-1.02270770072937
training_4079,B,letter,-2.38208270072937
training_4079,C,letter,-1.49145770072937
training_4079,D,letter,-1.13208270072937
training_3923,A,letter,-7.563552856445312
training_3923,B,letter,-8.469802856445312
training_3923,C,letter,-0.0010530170984566
training_3924,A,letter,-0.5128452777862549
training_3924,B,letter,-3.762845277786255
training_3924,C,letter,-0.9815952777862548
training_4082,A,letter,-0.4470880925655365
training_4082,B,letter,-1.6502131223678589
training_4082,C,letter,-2.8377130031585693
training_4082,D,letter,-2.2127130031585693
training_4084,A,letter,-2.285760402679444
training_4084,B,letter,-1.3951352834701538
training_4084,C,letter,-2.395135402679444
training_4084,D,letter,-0.5826352834701538
training_3930,A,letter,-0.7760738730430603
training_3930,B,letter,-0.9791988730430604
training_3930,C,letter,-1.854198932647705
training_4088,A,letter,-1.1549067497253418
training_4088,B,letter,-1.6080317497253418
training_4088,C,letter,-1.1236567497253418
training_4088,D,letter,-1.8424067497253416
training_4089,A,letter,-2.002347946166992
training_4089,B,letter,-1.2054729461669922
training_4089,C,letter,-1.908597946166992
training_4089,D,letter,-0.8773479461669922
training_3935,A,letter,-2.4089174270629883
training_3935,B,letter,-4.377667427062988
training_3935,C,letter,-0.1120424270629882
training_4095,A,letter,-1.3513531684875488
training_4095,B,letter,-1.9451031684875488
training_4095,C,letter,-1.4607281684875488
training_4095,D,letter,-1.0076031684875488
training_3937,A,letter,-0.1385199278593063
training_3937,B,letter,-3.5760200023651123
training_3937,C,letter,-2.3260200023651123
training_3939,A,letter,-0.0136347645893692
training_3939,B,letter,-7.21675968170166
training_3939,C,letter,-4.45113468170166
training_3941,A,letter,-0.0397688895463943
training_3941,B,letter,-3.977268934249878
training_3941,C,letter,-3.977268934249878
training_3944,A,letter,-4.947368621826172
training_3944,B,letter,-0.0098685240373015
training_3944,C,letter,-6.650493621826172
training_3947,A,letter,-5.346861839294434
training_3947,B,letter,-4.471861839294434
training_3947,C,letter,-0.0187366362661123
training_3949,A,letter,-0.4000155329704284
training_3949,B,letter,-1.1500155925750732
training_3949,C,letter,-4.759390354156494
training_3952,A,letter,-4.418949127197266
training_3952,B,letter,-0.0283242538571357
training_3952,C,letter,-4.325199127197266
training_3954,A,letter,-4.559700012207031
training_3954,B,letter,-3.5909502506256104
training_3954,C,letter,-0.0597001388669014
training_3957,A,letter,-0.2037127465009689
training_3957,B,letter,-2.1255877017974854
training_3957,C,letter,-2.8130877017974854
training_3959,A,letter,-4.258094787597656
training_3959,B,letter,-2.726844787597656
training_3959,C,letter,-0.0862197205424308
training_3961,A,letter,-0.0246182698756456
training_3961,B,letter,-4.587118148803711
training_3961,C,letter,-4.508993148803711
training_3963,A,letter,-5.915543079376221
training_3963,B,letter,-5.228043079376221
training_3963,C,letter,-0.0092931557446718
training_0004,A,letter,-7.033956527709961
training_0004,B,letter,-0.0027065572794526
training_0004,C,letter,-6.471456527709961
training_0004,D,letter,-8.846456527709961
training_0815,A,present,-0.9843749701976776
training_0815,B,present,-5.750000032829121
training_0815,C,present,-2.3750001043081284
training_0815,D,present,0.296875
training_1626,A,letter,-7.334695816040039
training_1626,B,letter,-0.0065709948539733
training_1626,C,letter,-5.319070816040039
training_1626,D,letter,-7.115945816040039
training_2727,A,letter,-3.27361798286438
training_2727,B,letter,-0.1486179828643798
training_2727,C,letter,-2.80486798286438
training_2727,D,letter,-3.25799298286438
training_0007,A,letter,-5.75204610824585
training_0007,B,letter,-7.81454610824585
training_0007,C,letter,-0.4551710188388824
training_0007,D,letter,-1.01767098903656
training_0818,A,present,-1.9999999403953552
training_0818,B,present,-1.046875
training_0818,C,present,0.640625
training_0818,D,present,-0.6249999701976776
training_1629,A,letter,-3.2083187103271484
training_1629,B,letter,-0.536443829536438
training_1629,C,letter,-1.208318829536438
training_1629,D,letter,-2.5989437103271484
training_2730,A,letter,-2.7352068424224854
training_2730,B,letter,-5.032081604003906
training_2730,C,letter,-0.2820818126201629
training_2730,D,letter,-1.7508318424224854
training_0010,A,letter,-4.0599775314331055
training_0010,B,letter,-1.3568525314331057
training_0010,C,letter,-0.5756025314331055
training_0010,D,letter,-1.8256025314331052
training_0821,A,present,-3.7968749441206455
training_0821,B,present,-2.7343749552965164
training_0821,C,present,-2.078125052154064
training_0821,D,present,-2.656249895691872
training_1632,A,letter,-3.920409679412842
training_1632,B,letter,-4.139159679412842
training_1632,C,letter,-1.3735346794128418
training_1632,D,letter,-0.3422847092151642
training_2418,ACDB,perm,1.0
training_2418,A<B,pair,4.578125177882612
training_2418,A<C,pair,-0.5624999701976776
training_2418,A<D,pair,3.468749947845936
training_2418,B<C,pair,-6.6093749752035365
training_2418,B<D,pair,-3.51562493853271
training_2418,C<D,pair,2.828124962747097
training_2733,A,letter,-0.3536494672298431
training_2733,B,letter,-3.025524377822876
training_2733,C,letter,-1.7755244970321655
training_2733,D,letter,-2.541149377822876
training_0014,A,letter,-3.942154884338379
training_0014,B,letter,-0.0671547725796699
training_0014,C,letter,-5.973404884338379
training_0014,D,letter,-3.176529884338379
training_0825,A,present,0.234375
training_0825,B,present,-3.2187499925494194
training_0825,C,present,-2.1406249925494194
training_0825,D,present,-4.671875205822289
training_1636,A,letter,-3.651148796081543
training_1636,B,letter,-4.604273796081543
training_1636,C,letter,-0.0573986992239952
training_1636,D,letter,-3.948023796081543
training_2737,A,letter,-2.203050136566162
training_2737,B,letter,-0.4999251961708069
training_2737,C,letter,-1.999925136566162
training_2737,D,letter,-1.921800136566162
training_0017,A,letter,-3.925590753555298
training_0017,B,letter,-3.613090753555298
training_0017,C,letter,-0.0974657833576202
training_0017,D,letter,-3.097465753555298
training_0828,A,present,-2.3281249925494194
training_0828,B,present,-4.484375226311386
training_0828,C,present,-5.312500116880983
training_0828,D,present,-6.953124945983291
training_1639,A,letter,-2.9443113803863525
training_1639,B,letter,-0.3193114101886749
training_1639,C,letter,-1.6318113803863523
training_1639,D,letter,-3.756811380386353
training_2422,CDAB,perm,1.0
training_2422,A<B,pair,2.343749947845936
training_2422,A<C,pair,-3.109374899417162
training_2422,A<D,pair,-1.0312499403953552
training_2422,B<C,pair,-6.4687498735729605
training_2422,B<D,pair,-3.546875098720193
training_2422,C<D,pair,2.6406250074505806
training_2740,A,letter,-1.135081171989441
training_2740,B,letter,-1.635081171989441
training_2740,C,letter,-1.072581171989441
training_2740,D,letter,-1.963206171989441
training_0020,A,letter,-1.9197375774383545
training_0020,B,letter,-1.2166125774383545
training_0020,C,letter,-1.2322375774383545
training_0020,D,letter,-1.3416125774383545
training_0831,A,present,-3.67187506519258
training_0831,B,present,-1.3437499403953552
training_0831,C,present,-1.2343749701976776
training_0831,D,present,-1.5625000447034836
training_1642,A,letter,-2.5327935218811035
training_1642,B,letter,-1.595293402671814
training_1642,C,letter,-2.5327935218811035
training_1642,D,letter,-0.4546684026718139
training_2743,A,letter,-0.9518772959709167
training_2743,B,letter,-1.8268773555755613
training_2743,C,letter,-0.8112522959709167
training_2743,D,letter,-4.858127117156982
training_0022,A,letter,-3.051513195037842
training_0022,B,letter,-2.410888195037842
training_0022,C,letter,-0.4890131652355194
training_0022,D,letter,-1.3952631950378418
training_0833,A,present,-4.578124971129
training_0833,B,present,-3.0468748845160007
training_0833,C,present,-2.0156248807907104
training_0833,D,present,-6.296874765888788
training_1644,A,letter,-1.8861219882965088
training_1644,B,letter,-2.292371988296509
training_1644,C,letter,-0.745496928691864
training_1644,D,letter,-1.3079969882965088
training_2424,ACDB,perm,1.0
training_2424,A<B,pair,1.7343749701976776
training_2424,A<C,pair,1.1562499701976776
training_2424,A<D,pair,2.6093750670552254
training_2424,B<C,pair,-0.375
training_2424,B<D,pair,0.7812500596046448
training_2424,C<D,pair,0.78125
training_2745,A,letter,-3.1769843101501465
training_2745,B,letter,-0.645734429359436
training_2745,C,letter,-2.7082343101501465
training_2745,D,letter,-1.005109429359436
training_0024,A,letter,-3.814159154891968
training_0024,B,letter,-2.939159154891968
training_0024,C,letter,-0.3766592442989349
training_0024,D,letter,-1.439159274101257
training_0835,A,present,-2.5156249552965164
training_0835,B,present,-2.484375111758709
training_0835,C,present,-1.3906249850988388
training_0835,D,present,-3.3750001080334187
training_1646,A,letter,-2.3602802753448486
training_1646,B,letter,-1.1259052753448486
training_1646,C,letter,-2.2352802753448486
training_1646,D,letter,-0.7509053349494934
training_2426,DABC,perm,1.0
training_2426,A<B,pair,0.515625
training_2426,A<C,pair,-0.8437500596046448
training_2426,A<D,pair,-0.7187500298023224
training_2426,B<C,pair,-1.4843750149011612
training_2426,B<D,pair,-1.1562499403953552
training_2426,C<D,pair,0.171875
training_2747,A,letter,-0.369384616613388
training_2747,B,letter,-3.478759527206421
training_2747,C,letter,-1.3693846464157104
training_2747,D,letter,-3.806884527206421
training_0026,A,letter,-8.192660331726074
training_0026,B,letter,-4.005159854888916
training_0026,C,letter,-6.270784854888916
training_0026,D,letter,-0.0207850188016891
training_0837,A,present,-3.640625026077032
training_0837,B,present,1.3124999701976776
training_0837,C,present,-2.078124962747097
training_0837,D,present,-2.2031249403953552
training_1648,A,letter,-5.548783779144287
training_1648,B,letter,-4.830033779144287
training_1648,C,letter,-2.376908540725708
training_1648,D,letter,-0.1112836524844169
training_2749,A,letter,-1.9570200443267824
training_2749,B,letter,-3.1601450443267822
training_2749,C,letter,-3.2382700443267822
training_2749,D,letter,-0.2538950443267822
training_0029,A,letter,-4.607526779174805
training_0029,B,letter,-2.2637765407562256
training_0029,C,letter,-0.4200266301631927
training_0029,D,letter,-1.4825266599655151
training_0840,A,present,-0.046875
training_0840,B,present,-5.265625023283064
training_0840,C,present,-5.171874819789082
training_0840,D,present,-3.0000001080334187
training_1651,A,letter,-2.501392602920532
training_1651,B,letter,-2.563892602920532
training_1651,C,letter,-0.2670175731182098
training_1651,D,letter,-2.626392602920532
training_2428,DBAC,perm,1.0
training_2428,A<B,pair,-0.484375
training_2428,A<C,pair,1.8281250596046448
training_2428,A<D,pair,-1.0156250298023224
training_2428,B<C,pair,1.9374999850988388
training_2428,B<D,pair,-0.0625
training_2428,C<D,pair,-3.031249944120645
training_2752,A,letter,-0.6972442269325256
training_2752,B,letter,-2.322244167327881
training_2752,C,letter,-1.3378691673278809
training_2752,D,letter,-1.9628691673278809
training_0031,A,letter,-3.4691238403320312
training_0031,B,letter,-4.031623840332031
training_0031,C,letter,-1.1566237211227417
training_0031,D,letter,-0.4534987211227417
training_0842,A,present,-4.593749912455678
training_0842,B,present,-5.234374929219484
training_0842,C,present,-3.124999973922968
training_0842,D,present,-0.9531249701976776
training_1653,A,letter,-2.065267324447632
training_1653,B,letter,-1.3933923244476318
training_1653,C,letter,-1.4558923244476318
training_1653,D,letter,-0.9402673244476318
training_2430,BDAC,perm,1.0
training_2430,A<B,pair,-1.8125
training_2430,A<C,pair,-0.6875000298023224
training_2430,A<D,pair,-0.046875
training_2430,B<C,pair,1.1406250298023224
training_2430,B<D,pair,2.078125
training_2430,C<D,pair,0.96875
training_2754,A,letter,-1.2154361009597778
training_2754,B,letter,-3.2623112201690674
training_2754,C,letter,-5.027935981750488
training_2754,D,letter,-0.4185611307621002
training_0386,A,letter,-0.4879762530326843
training_0386,B,letter,-7.48797607421875
training_0386,C,letter,-0.9567262530326844
training_0386,D,letter,-6.84735107421875
training_1197,A,present,-3.7031249534338713
training_1197,B,present,-9.45312537648715
training_1197,C,present,3.093749973922968
training_1197,D,present,-3.906250094994903
training_2001,A,letter,-0.0028532531578093
training_2001,B,letter,-7.065353393554688
training_2001,C,letter,-6.643478393554688
training_2001,D,letter,-7.424728393554687
training_3109,A,letter,-5.211394786834717
training_3109,B,letter,-2.8988945484161377
training_3109,C,letter,-2.3988945484161377
training_3109,D,letter,-0.1645196080207824
training_0389,A,letter,-7.080665588378906
training_0389,B,letter,-0.0962903797626495
training_0389,C,letter,-4.393165588378906
training_0389,D,letter,-2.549415349960327
training_1200,A,present,-2.8906250782310963
training_1200,B,present,1.421875
training_1200,C,present,-2.125000089406967
training_1200,D,present,-2.562500037252903
training_2004,A,letter,-6.457846164703369
training_2004,B,letter,-6.942221164703369
training_2004,C,letter,-0.0047210892662405
training_2004,D,letter,-6.239096164703369
training_3112,A,letter,-2.1884965896606445
training_3112,B,letter,-1.969746708869934
training_3112,C,letter,-0.2978716790676117
training_3112,D,letter,-5.2822465896606445
training_0394,A,letter,-5.136631965637207
training_0394,B,letter,-0.2928821444511413
training_0394,C,letter,-3.949132204055786
training_0394,D,letter,-1.480382204055786
training_1205,A,present,-2.3281251043081284
training_1205,B,present,-6.421875061700121
training_1205,C,present,-4.750000117346644
training_1205,D,present,-3.218749947845936
training_2009,A,letter,-3.5915212631225586
training_2009,B,letter,-0.5446463227272034
training_2009,C,letter,-2.0446462631225586
training_2009,D,letter,-1.3415212631225586
training_3117,A,letter,-0.8713898658752441
training_3117,B,letter,-2.074514865875244
training_3117,C,letter,-0.8401398658752441
training_3117,D,letter,-3.762014865875244
training_0396,A,letter,-2.3575117588043213
training_0396,B,letter,-5.2012619972229
training_0396,C,letter,-6.4981369972229
training_0396,D,letter,-0.1075118482112884
training_1207,A,present,-8.81249958864646
training_1207,B,present,0.078125
training_1207,C,present,-3.062499951571226
training_1207,D,present,-2.031249918043613
training_2011,A,letter,-5.0544304847717285
training_2011,B,letter,-8.05443000793457
training_2011,C,letter,-0.0075554801151156
training_2011,D,letter,-7.257555484771728
training_3119,A,letter,-6.039360523223877
training_3119,B,letter,-7.648735523223877
training_3119,C,letter,-0.0081105642020702
training_3119,D,letter,-5.289360523223877
training_0398,A,letter,-4.861350059509277
training_0398,B,letter,-3.0488498210906982
training_0398,C,letter,-4.986350059509277
training_0398,D,letter,-0.0644748657941818
training_1209,A,present,-3.2968749292194843
training_1209,B,present,-1.968749895691872
training_1209,C,present,-3.5468750093132257
training_1209,D,present,-2.03125
training_2013,A,letter,-4.88747501373291
training_2013,B,letter,-0.1843501776456833
training_2013,C,letter,-3.918725252151489
training_2013,D,letter,-1.9656001329422
training_3121,A,letter,-0.46328204870224
training_3121,B,letter,-3.9007821083068848
training_3121,C,letter,-1.4476571083068848
training_3121,D,letter,-2.1664071083068848
training_0400,A,letter,-4.6989617347717285
training_0400,B,letter,-0.0427116490900516
training_0400,C,letter,-3.5583367347717285
training_0400,D,letter,-5.6520867347717285
training_1211,A,present,-5.140625020954758
training_1211,B,present,-6.343750112922862
training_1211,C,present,-1.3437499552965164
training_1211,D,present,-4.578124951571226
training_2015,A,letter,-1.0170141458511353
training_2015,B,letter,-0.5638891458511353
training_2015,C,letter,-2.9076390266418457
training_2015,D,letter,-4.267014026641846
training_3123,A,letter,-2.963496446609497
training_3123,B,letter,-5.291621208190918
training_3123,C,letter,-1.760371446609497
training_3123,D,letter,-0.260371446609497
training_0406,A,letter,-5.639040470123291
training_0406,B,letter,-0.0296653620898723
training_0406,C,letter,-3.717165470123291
training_0406,D,letter,-7.014040470123291
training_1217,A,present,-0.75
training_1217,B,present,-3.671874886378646
training_1217,C,present,-7.796875003085006
training_1217,D,present,-6.312500234693289
training_2021,A,letter,-6.114599227905273
training_2021,B,letter,-8.802099227905273
training_2021,C,letter,-5.880224227905273
training_2021,D,letter,-0.0052243852987885
training_3129,A,letter,-2.0260329246521
training_3129,B,letter,-3.1510329246521
training_3129,C,letter,-4.0729079246521
training_3129,D,letter,-0.2135328352451324
training_0409,A,letter,-4.306199073791504
training_0409,B,letter,-0.4311992526054382
training_0409,C,letter,-2.087449312210083
training_0409,D,letter,-1.556199312210083
training_1220,A,present,-0.71875
training_1220,B,present,-0.328125
training_1220,C,present,-3.2656249925494194
training_1220,D,present,-4.45312478672713
training_2024,A,letter,-1.2724677324295044
training_2024,B,letter,-1.2412177324295044
training_2024,C,letter,-1.5224677324295044
training_2024,D,letter,-1.5537177324295044
training_3132,A,letter,-1.752814531326294
training_3132,B,letter,-2.612189531326294
training_3132,C,letter,-4.440314769744873
training_3132,D,letter,-0.2996895909309387
training_0411,A,letter,-1.1532418727874756
training_0411,B,letter,-5.356367111206055
training_0411,C,letter,-0.434491902589798
training_0411,D,letter,-3.481366872787476
training_1222,A,present,-2.7656250596046448
training_1222,B,present,0.4375
training_1222,C,present,-3.921875052154064
training_1222,D,present,-2.3124999552965164
training_2026,A,letter,-4.743626594543457
training_2026,B,letter,-3.806126594543457
training_2026,C,letter,-3.274876594543457
training_2026,D,letter,-0.071751669049263
training_2568,DBAC,perm,1.0
training_2568,A<B,pair,-1.5625000149011612
training_2568,A<C,pair,-0.7656249701976776
training_2568,A<D,pair,-0.734375
training_2568,B<C,pair,1.4218749850988388
training_2568,B<D,pair,1.796875
training_2568,C<D,pair,0.015625
training_3134,A,letter,-2.646176815032959
training_3134,B,letter,-1.302426815032959
training_3134,C,letter,-0.583676815032959
training_3134,D,letter,-2.318051815032959
training_0413,A,letter,-2.434377908706665
training_0413,B,letter,-2.590627908706665
training_0413,C,letter,-0.2312528640031814
training_0413,D,letter,-3.153127908706665
training_1224,A,present,-1.65625
training_1224,B,present,0.7343750596046448
training_1224,C,present,-4.187499767169356
training_1224,D,present,-1.7343750149011612
training_2028,A,letter,-5.160233974456787
training_2028,B,letter,-3.753983736038208
training_2028,C,letter,-5.269608974456787
training_2028,D,letter,-0.0352337844669818
training_3136,A,letter,-2.3753767013549805
training_3136,B,letter,-1.953501582145691
training_3136,C,letter,-0.4222516119480133
training_3136,D,letter,-2.2191267013549805
training_0415,A,letter,-0.6285759806632996
training_0415,B,letter,-1.6129510402679443
training_0415,C,letter,-3.0817010402679443
training_0415,D,letter,-1.5192010402679443
training_1226,A,present,-2.2031249403953552
training_1226,B,present,-2.656249925494194
training_1226,C,present,-2.718749977648258
training_1226,D,present,-4.640625045634806
training_2030,A,letter,-5.376697540283203
training_2030,B,letter,-2.7360727787017822
training_2030,C,letter,-2.7673227787017822
training_2030,D,letter,-0.1423226743936538
training_3138,A,letter,-1.2972040176391602
training_3138,B,letter,-2.21907901763916
training_3138,C,letter,-0.5628290772438049
training_3138,D,letter,-3.04720401763916
training_0418,A,letter,-6.346338748931885
training_0418,B,letter,-3.4713385105133057
training_0418,C,letter,-8.268213272094727
training_0418,D,letter,-0.0338385924696922
training_1229,A,present,-1.1875
training_1229,B,present,-1.0156250298023224
training_1229,C,present,-1.4843749850988388
training_1229,D,present,0.8437500298023224
training_2033,A,letter,-4.422605991363525
training_2033,B,letter,-0.9382308721542358
training_2033,C,letter,-3.3444809913635254
training_2033,D,letter,-0.5788558721542358
training_3141,A,letter,-4.929834842681885
training_3141,B,letter,-0.0235846675932407
training_3141,C,letter,-7.304834842681885
training_3141,D,letter,-4.195459842681885
training_0420,A,letter,-3.0389413833618164
training_0420,B,letter,-5.429566383361816
training_0420,C,letter,-0.2420664280653
training_0420,D,letter,-1.8201913833618164
training_1231,A,present,-3.1562500819563866
training_1231,B,present,-2.421875096857548
training_1231,C,present,-1.296875
training_1231,D,present,-4.625000214204192
training_2035,A,letter,-0.6899564862251282
training_2035,B,letter,-3.5493314266204834
training_2035,C,letter,-2.6430814266204834
training_2035,D,letter,-0.9243314862251282
training_2571,BCAD,perm,1.0
training_2571,A<B,pair,-3.8749999459832902
training_2571,A<C,pair,-3.4531250186264515
training_2571,A<D,pair,-0.21875
training_2571,B<C,pair,-0.6406250596046448
training_2571,B<D,pair,5.171875080093741
training_2571,C<D,pair,3.78125006146729
training_3143,A,letter,-0.0594197995960712
training_3143,B,letter,-3.887544870376587
training_3143,C,letter,-3.840669870376587
training_3143,D,letter,-4.184419631958008
training_0423,A,letter,-0.3831425607204437
training_0423,B,letter,-1.601892590522766
training_0423,C,letter,-2.211267471313477
training_0423,D,letter,-5.101892471313477
training_1234,A,present,-0.203125
training_1234,B,present,-3.2343749962747097
training_1234,C,present,-0.1875
training_1234,D,present,0.046875
training_2038,A,letter,-3.4857239723205566
training_2038,B,letter,-0.2200988978147506
training_2038,C,letter,-2.2357239723205566
training_2038,D,letter,-2.8294739723205566
training_2574,BADC,perm,1.0
training_2574,A<B,pair,-0.15625
training_2574,A<C,pair,1.15625
training_2574,A<D,pair,2.687499888241291
training_2574,B<C,pair,2.437499962747097
training_2574,B<D,pair,3.906249951571226
training_2574,C<D,pair,2.015624895691872
training_3146,A,letter,-3.0460329055786133
training_3146,B,letter,-3.874157905578613
training_3146,C,letter,-2.1710329055786133
training_3146,D,letter,-0.2022829055786132
training_0426,A,letter,-2.429790735244751
training_0426,B,letter,-4.304790496826172
training_0426,C,letter,-2.789165735244751
training_0426,D,letter,-0.179790660738945
training_1237,A,present,-3.171875026077032
training_1237,B,present,-2.203124925494194
training_1237,C,present,-5.515625215601176
training_1237,D,present,-5.296875100582838
training_2041,A,letter,-0.0550742335617542
training_2041,B,letter,-5.164449214935303
training_2041,C,letter,-3.2269492149353027
training_2041,D,letter,-4.867574214935303
training_2577,DBAC,perm,1.0
training_2577,A<B,pair,-1.1406250298023224
training_2577,A<C,pair,-1.40625
training_2577,A<D,pair,-2.0781251043081284
training_2577,B<C,pair,-0.5781249403953552
training_2577,B<D,pair,-1.0312499701976776
training_2577,C<D,pair,-0.421875
training_3149,A,letter,-1.7873826026916504
training_3149,B,letter,-3.3342576026916504
training_3149,C,letter,-0.240507572889328
training_3149,D,letter,-4.59988260269165
training_0431,A,letter,-6.560662746429443
training_0431,B,letter,-0.0137875089421868
training_0431,C,letter,-7.154412746429443
training_0431,D,letter,-4.498162746429443
training_1242,A,present,-6.125000035390258
training_1242,B,present,-3.890624901279807
training_1242,C,present,2.453124932944774
training_1242,D,present,-3.249999951571226
training_2046,A,letter,-2.1352808475494385
training_2046,B,letter,-0.6040309071540833
training_2046,C,letter,-1.9790308475494385
training_2046,D,letter,-1.6352808475494385
training_3154,A,letter,-0.6644554734230042
training_3154,B,letter,-0.9144554734230042
training_3154,C,letter,-3.05508041381836
training_3154,D,letter,-3.33633041381836
training_0434,A,letter,-1.8174020051956177
training_0434,B,letter,-2.020526885986328
training_0434,C,letter,-0.9267770051956176
training_0434,D,letter,-1.1924020051956177
training_1245,A,present,-5.875000145984814
training_1245,B,present,-3.890625013038516
training_1245,C,present,-4.265624799765647
training_1245,D,present,-4.0156248938292265
training_2049,A,letter,-4.345545768737793
training_2049,B,letter,-5.783045768737793
training_2049,C,letter,-0.2361706793308258
training_2049,D,letter,-1.6424206495285034
training_2579,DCAB,perm,1.0
training_2579,A<B,pair,1.7656250298023224
training_2579,A<C,pair,-2.9531249664723878
training_2579,A<D,pair,-2.843750096857548
training_2579,B<C,pair,-3.656250080093741
training_2579,B<D,pair,-2.828125074505806
training_2579,C<D,pair,1.0624999701976776
training_3157,A,letter,-5.583023071289063
training_3157,B,letter,-4.192398071289063
training_3157,C,letter,-4.114273071289063
training_3157,D,letter,-0.0361479260027408
training_0436,A,letter,-0.0332759320735931
training_0436,B,letter,-3.861400842666626
training_0436,C,letter,-5.845776081085205
training_0436,D,letter,-4.798901081085205
training_1247,A,present,-3.593750011175871
training_1247,B,present,-0.3125
training_1247,C,present,-0.796875
training_1247,D,present,-4.562499800696969
training_2051,A,letter,-4.814174175262451
training_2051,B,letter,-4.126674175262451
training_2051,C,letter,-0.6579243540763855
training_2051,D,letter,-0.7829243540763855
training_2581,DBAC,perm,1.0
training_2581,A<B,pair,-2.437500089406967
training_2581,A<C,pair,2.0000001192092896
training_2581,A<D,pair,-2.5781250074505806
training_2581,B<C,pair,2.9374999962747097
training_2581,B<D,pair,-0.21875
training_2581,C<D,pair,-3.359375070780516
training_3159,A,letter,-4.657861709594727
training_3159,B,letter,-5.032861709594727
training_3159,C,letter,-6.954736709594727
training_3159,D,letter,-0.0172369051724672
training_0439,A,letter,-0.7821198105812073
training_0439,B,letter,-6.2039947509765625
training_0439,C,letter,-4.3133697509765625
training_0439,D,letter,-0.6414948105812073
training_1250,A,present,-5.234375063329935
training_1250,B,present,-3.828124927356839
training_1250,C,present,-4.499999889172614
training_1250,D,present,-0.046875
training_2054,A,letter,-0.0158258602023124
training_2054,B,letter,-4.468950748443604
training_2054,C,letter,-6.484575748443604
training_2054,D,letter,-6.031450748443604
training_2584,DBAC,perm,1.0
training_2584,A<B,pair,0.109375
training_2584,A<C,pair,0.375
training_2584,A<D,pair,0.625
training_2584,B<C,pair,-1.1875000298023224
training_2584,B<D,pair,0.546875
training_2584,C<D,pair,0.1875
training_3162,A,letter,-2.000204086303711
training_3162,B,letter,-0.4377041459083557
training_3162,C,letter,-2.984579086303711
training_3162,D,letter,-1.797079086303711
training_0441,A,letter,-0.776859700679779
training_0441,B,letter,-3.417484760284424
training_0441,C,letter,-3.245609760284424
training_0441,D,letter,-0.761234700679779
training_1252,A,present,-3.3906250186264515
training_1252,B,present,-3.8749999701976776
training_1252,C,present,-3.765625074505806
training_1252,D,present,-2.2031249701976776
training_2056,A,letter,-2.612502098083496
training_2056,B,letter,-2.893752098083496
training_2056,C,letter,-2.675002098083496
training_2056,D,letter,-0.2218772172927856
training_2586,DCBA,perm,1.0
training_2586,A<B,pair,-0.4687499701976776
training_2586,A<C,pair,-1.6875
training_2586,A<D,pair,-2.2499998807907104
training_2586,B<C,pair,-0.5625
training_2586,B<D,pair,-1.4218749850988388
training_2586,C<D,pair,-0.421875
training_3164,A,letter,-3.987608432769776
training_3164,B,letter,-4.471983432769775
training_3164,C,letter,-5.581358432769775
training_3164,D,letter,-0.0344835147261619
training_0443,A,letter,-4.149607181549072
training_0443,B,letter,-4.993357181549072
training_0443,C,letter,-0.0246072206646204
training_0443,D,letter,-6.602732181549072
training_1254,A,present,-5.54687488777563
training_1254,B,present,-4.749999986030161
training_1254,C,present,0.296875
training_1254,D,present,-0.140625
training_2058,A,letter,-0.0701589658856391
training_2058,B,letter,-7.257658958435059
training_2058,C,letter,-2.7732839584350586
training_2058,D,letter,-5.460783958435059
training_3166,A,letter,-2.638585329055786
training_3166,B,letter,-3.654210329055786
training_3166,C,letter,-1.5448352098464966
training_3166,D,letter,-0.3729602396488189
training_0445,A,letter,-5.097363471984863
training_0445,B,letter,-7.753613471984863
training_0445,C,letter,-2.4567387104034424
training_0445,D,letter,-0.0973636955022811
training_1256,A,present,-2.265624962747097
training_1256,B,present,-1.140625
training_1256,C,present,-2.343749895691872
training_1256,D,present,-1.9374999552965164
training_2060,A,letter,-1.449276328086853
training_2060,B,letter,-1.214901328086853
training_2060,C,letter,-3.3399014472961426
training_2060,D,letter,-0.839901328086853
training_3168,A,letter,-2.4256978034973145
training_3168,B,letter,-3.0350728034973145
training_3168,C,letter,-1.6131978034973145
training_3168,D,letter,-0.4100728034973144
training_0447,A,letter,-2.111608028411865
training_0447,B,letter,-3.970983028411865
training_0447,C,letter,-2.861608028411865
training_0447,D,letter,-0.2209829539060592
training_1258,A,present,-2.734375111758709
training_1258,B,present,-2.265625037252903
training_1258,C,present,-1.4062499850988388
training_1258,D,present,-1.0156250298023224
training_2062,A,letter,-0.7596608400344849
training_2062,B,letter,-1.3221608400344849
training_2062,C,letter,-2.4471607208251958
training_2062,D,letter,-1.7284108400344849
training_2589,DBCA,perm,1.0
training_2589,A<B,pair,-3.921875085681677
training_2589,A<C,pair,-2.203124977648258
training_2589,A<D,pair,-1.7812500149011612
training_2589,B<C,pair,1.921874925494194
training_2589,B<D,pair,2.062500096857548
training_2589,C<D,pair,0.109375
training_3170,A,letter,-1.356963872909546
training_3170,B,letter,-2.169463872909546
training_3170,C,letter,-2.325713872909546
training_3170,D,letter,-0.6538388729095459
training_0449,A,letter,-5.357008934020996
training_0449,B,letter,-0.5132590532302856
training_0449,C,letter,-0.9351340532302856
training_0449,D,letter,-5.794508934020996
training_1260,A,present,-4.124999972060323
training_1260,B,present,-3.0468749292194843
training_1260,C,present,0.21875
training_1260,D,present,-7.062499781721272
training_2064,A,letter,-3.0140247344970703
training_2064,B,letter,-0.3890247046947479
training_2064,C,letter,-2.0140247344970703
training_2064,D,letter,-1.9827747344970703
training_2591,CDAB,perm,1.0
training_2591,A<B,pair,-0.5781250596046448
training_2591,A<C,pair,-6.203125228872523
training_2591,A<D,pair,-6.640624899649993
training_2591,B<C,pair,-4.421874805353582
training_2591,B<D,pair,-4.749999954365194
training_2591,C<D,pair,0.4999999701976776
training_3172,A,letter,-0.7144403457641602
training_3172,B,letter,-1.3706903457641602
training_3172,C,letter,-3.38631534576416
training_3172,D,letter,-1.5113153457641602
training_0452,A,letter,-6.197175979614258
training_0452,B,letter,-5.197175979614258
training_0452,C,letter,-3.056551218032837
training_0452,D,letter,-0.0565512143075466
training_1263,A,present,-2.281250044703484
training_1263,B,present,-3.171874973922968
training_1263,C,present,-1.6562500149011612
training_1263,D,present,-2.015624925494194
training_2067,A,letter,-4.515227317810059
training_2067,B,letter,-0.2339775264263153
training_2067,C,letter,-3.6089775562286377
training_2067,D,letter,-1.7808525562286377
training_3175,A,letter,-0.3133176863193512
training_3175,B,letter,-3.5476927757263184
training_3175,C,letter,-1.8914426565170288
training_3175,D,letter,-2.4383177757263184
training_0455,A,letter,-6.53596305847168
training_0455,B,letter,-0.0672131776809692
training_0455,C,letter,-3.47346305847168
training_0455,D,letter,-3.44221305847168
training_1266,A,present,0.765625
training_1266,B,present,-1.0937500298023224
training_1266,C,present,-1.0624999701976776
training_1266,D,present,-1.0312500596046448
training_2070,A,letter,-0.2836921513080597
training_2070,B,letter,-4.393067359924316
training_2070,C,letter,-1.6118171215057373
training_2070,D,letter,-3.3774421215057373
training_3178,A,letter,-1.3633918762207031
training_3178,B,letter,-2.910266876220703
training_3178,C,letter,-1.8165168762207031
training_3178,D,letter,-0.6446418166160583
training_0458,A,letter,-0.4451425075531006
training_0458,B,letter,-2.6638925075531006
training_0458,C,letter,-2.7732675075531006
training_0458,D,letter,-1.4920175075531006
training_1269,A,present,-2.218750089406967
training_1269,B,present,-2.8906250335276127
training_1269,C,present,-4.046875063329935
training_1269,D,present,0.21875
training_2073,A,letter,-0.3691816627979278
training_2073,B,letter,-2.634806632995605
training_2073,C,letter,-2.806681632995605
training_2073,D,letter,-1.7441816329956057
training_2594,ABCD,perm,1.0
training_2594,A<B,pair,0.15625
training_2594,A<C,pair,2.687499985098839
training_2594,A<D,pair,1.203125
training_2594,B<C,pair,2.7343750298023224
training_2594,B<D,pair,0.296875
training_2594,C<D,pair,-1.6718750149011612
training_3181,A,letter,-1.813987135887146
training_3181,B,letter,-3.688987016677856
training_3181,C,letter,-0.2983621060848236
training_3181,D,letter,-2.6733620166778564
training_0460,A,letter,-2.710188150405884
training_0460,B,letter,-2.241438150405884
training_0460,C,letter,-0.2258131355047226
training_0460,D,letter,-3.616438150405884
training_1271,A,present,-2.812499936670065
training_1271,B,present,-3.796875050291419
training_1271,C,present,-6.250000203028321
training_1271,D,present,-3.546874944120645
training_2075,A,letter,-1.6179194450378418
training_2075,B,letter,-2.446044445037842
training_2075,C,letter,-0.430419385433197
training_2075,D,letter,-2.758544445037842
training_2596,DBAC,perm,1.0
training_2596,A<B,pair,-1.2812500596046448
training_2596,A<C,pair,-0.46875
training_2596,A<D,pair,0.203125
training_2596,B<C,pair,1.2343750298023224
training_2596,B<D,pair,1.4687499552965164
training_2596,C<D,pair,0.90625
training_3183,A,letter,-0.706448495388031
training_3183,B,letter,-1.815823554992676
training_3183,C,letter,-1.1126985549926758
training_3183,D,letter,-4.237698554992676
training_0462,A,letter,-0.9268467426300048
training_0462,B,letter,-1.8330967426300049
training_0462,C,letter,-3.208096742630005
training_0462,D,letter,-0.9112217426300048
training_1273,A,present,-4.53124984446913
training_1273,B,present,-2.500000052154064
training_1273,C,present,-2.7343748807907104
training_1273,D,present,-1.265625
training_2077,A,letter,-1.955810785293579
training_2077,B,letter,-1.815185785293579
training_2077,C,letter,-2.143310785293579
training_2077,D,letter,-0.5495607852935791
training_3185,A,letter,-4.452301502227783
training_3185,B,letter,-1.8741767406463623
training_3185,C,letter,-1.9991767406463623
training_3185,D,letter,-0.3585516810417175
training_0464,A,letter,-0.7137070894241333
training_0464,B,letter,-3.229331970214844
training_0464,C,letter,-0.8699570894241333
training_0464,D,letter,-2.994956970214844
training_1275,A,present,-0.265625
training_1275,B,present,-7.031250200525392
training_1275,C,present,0.15625
training_1275,D,present,-1.0781250298023224
training_2079,A,letter,-6.019664764404297
training_2079,B,letter,-5.300914764404297
training_2079,C,letter,-0.5509145855903625
training_2079,D,letter,-0.8790395855903625
training_3187,A,letter,-3.690441131591797
training_3187,B,letter,-0.6904411315917969
training_3187,C,letter,-4.721691131591797
training_3187,D,letter,-0.7685661315917969
training_0467,A,letter,-0.7121077179908752
training_0467,B,letter,-2.5089826583862305
training_0467,C,letter,-4.352732658386231
training_0467,D,letter,-0.8839827179908752
training_1278,A,present,-2.343749947845936
training_1278,B,present,-0.6093749403953552
training_1278,C,present,-1.6250000298023224
training_1278,D,present,-5.109374789986759
training_2082,A,letter,-1.5651237964630127
training_2082,B,letter,-0.7213737368583679
training_2082,C,letter,-1.9244987964630127
training_2082,D,letter,-1.8463737964630127
training_3190,A,letter,-4.080360889434815
training_3190,B,letter,-2.2053611278533936
training_3190,C,letter,-0.1428611129522323
training_3190,D,letter,-5.220985889434815
training_0470,A,letter,-7.057949066162109
training_0470,B,letter,-0.0735741108655929
training_0470,C,letter,-6.823574066162109
training_0470,D,letter,-2.6829490661621094
training_1281,A,present,-0.8281250298023224
training_1281,B,present,-1.9062501043081284
training_1281,C,present,-8.421875030500814
training_1281,D,present,0.25
training_2085,A,letter,-7.379245281219482
training_2085,B,letter,-6.785495281219482
training_2085,C,letter,-2.7698702812194824
training_2085,D,letter,-0.0667452737689018
training_2597,CADB,perm,1.0
training_2597,A<B,pair,0.9062499701976776
training_2597,A<C,pair,-1.4843750596046448
training_2597,A<D,pair,1.0000000298023224
training_2597,B<C,pair,-1.6562499850988388
training_2597,B<D,pair,0.7187500298023224
training_2597,C<D,pair,1.8749999701976776
training_3193,A,letter,-2.4233415126800537
training_3193,B,letter,-1.6577165126800537
training_3193,C,letter,-0.3920914828777313
training_3193,D,letter,-3.1264665126800537
training_0473,A,letter,-3.5739338397979736
training_0473,B,letter,-2.8239338397979736
training_0473,C,letter,-0.1208089143037796
training_0473,D,letter,-3.6676838397979736
training_1284,A,present,-2.5937500819563866
training_1284,B,present,-1.984374925494194
training_1284,C,present,-4.875000134110451
training_1284,D,present,-4.7343750493600965
training_3196,A,letter,-1.946315169334412
training_3196,B,letter,-3.852565050125122
training_3196,C,letter,-2.758815050125122
training_3196,D,letter,-0.2588151395320892
training_0476,A,letter,-3.2721760272979736
training_0476,B,letter,-2.8971760272979736
training_0476,C,letter,-3.1471760272979736
training_0476,D,letter,-0.1471759378910064
training_1287,A,present,-2.828125100582838
training_1287,B,present,-6.406249800813384
training_1287,C,present,-4.656249804422259
training_1287,D,present,-5.921874766703695
training_2088,A,letter,-2.9712400436401367
training_2088,B,letter,-0.908739984035492
training_2088,C,letter,-3.1431150436401367
training_2088,D,letter,-0.6899899840354919
training_2600,ACDB,perm,1.0
training_2600,A<B,pair,4.109374906867743
training_2600,A<C,pair,-0.8749999403953552
training_2600,A<D,pair,4.656249913387001
training_2600,B<C,pair,-3.624999985098839
training_2600,B<D,pair,0.40625
training_2600,C<D,pair,4.156249905005097
training_3199,A,letter,-0.0217334534972906
training_3199,B,letter,-4.662358283996582
training_3199,C,letter,-4.834233283996582
training_3199,D,letter,-5.552983283996582
training_0478,A,letter,-4.605119705200195
training_0478,B,letter,-0.0894946604967117
training_0478,C,letter,-2.6051197052001958
training_0478,D,letter,-6.698869705200195
training_1289,A,present,-0.671875
training_1289,B,present,-2.515624962747097
training_1289,C,present,-2.406249895691872
training_1289,D,present,-0.6874999403953552
training_2090,A,letter,-1.7133827209472656
training_2090,B,letter,-5.041507720947266
training_2090,C,letter,-0.4633826613426208
training_2090,D,letter,-1.6977577209472656
training_2602,ACBD,perm,1.0
training_2602,A<B,pair,3.531249908730388
training_2602,A<C,pair,-0.8593749701976776
training_2602,A<D,pair,3.234374910593033
training_2602,B<C,pair,-2.656250044703484
training_2602,B<D,pair,0.46875
training_2602,C<D,pair,2.968750011175871
training_3201,A,letter,-5.033481121063232
training_3201,B,letter,-4.720981121063232
training_3201,C,letter,-0.1741062104701995
training_3201,D,letter,-1.939731240272522
training_0480,A,letter,-2.292667865753174
training_0480,B,letter,-0.9176679849624634
training_0480,C,letter,-0.7145429849624634
training_0480,D,letter,-4.714542865753174
training_1291,A,present,-2.7187500819563866
training_1291,B,present,-1.921875044703484
training_1291,C,present,-3.187500093132257
training_1291,D,present,-2.15625
training_2092,A,letter,-1.9683008193969729
training_2092,B,letter,-0.8433007597923279
training_2092,C,letter,-3.7183008193969727
training_2092,D,letter,-0.905800759792328
training_3203,A,letter,-0.0411886721849441
training_3203,B,letter,-5.306813716888428
training_3203,C,letter,-5.588063716888428
training_3203,D,letter,-3.463063716888428
training_0482,A,letter,-5.63797664642334
training_0482,B,letter,-4.95047664642334
training_0482,C,letter,-6.23172664642334
training_0482,D,letter,-0.012976486235857
training_1293,A,present,-1.4375000596046448
training_1293,B,present,-7.359374938649125
training_1293,C,present,-1.4062500149011612
training_1293,D,present,-2.750000014901161
training_2094,A,letter,-0.026634918525815
training_2094,B,letter,-7.401634693145752
training_2094,C,letter,-4.354759693145752
training_2094,D,letter,-4.401634693145752
training_3205,A,letter,-1.014448642730713
training_3205,B,letter,-1.264448642730713
training_3205,C,letter,-1.498823642730713
training_3205,D,letter,-2.076948642730713
training_0484,A,letter,-6.003586292266846
training_0484,B,letter,-0.95671147108078
training_0484,C,letter,-4.066086292266846
training_0484,D,letter,-0.51921147108078
training_1295,A,present,-4.062500100582838
training_1295,B,present,-7.609375071129762
training_1295,C,present,-2.781249895691872
training_1295,D,present,-1.0624999701976776
training_2096,A,letter,-5.493967056274414
training_2096,B,letter,-0.072092019021511
training_2096,C,letter,-3.681467056274414
training_2096,D,letter,-3.228342056274414
training_3207,A,letter,-3.2540125846862797
training_3207,B,letter,-0.0508877038955688
training_3207,C,letter,-6.050887584686279
training_3207,D,letter,-4.816512584686279
training_0486,A,letter,-0.0277464240789413
training_0486,B,letter,-7.371496200561523
training_0486,C,letter,-4.496496200561523
training_0486,D,letter,-4.183996200561523
training_1297,A,present,-3.4843751173466444
training_1297,B,present,0.375
training_1297,C,present,-3.5312499683350325
training_1297,D,present,-2.109375111758709
training_2098,A,letter,-0.1175612285733223
training_2098,B,letter,-3.5863113403320312
training_2098,C,letter,-2.6019363403320312
training_2098,D,letter,-4.773811340332031
training_3209,A,letter,-2.542513370513916
training_3209,B,letter,-2.058138370513916
training_3209,C,letter,-0.4018882513046264
training_3209,D,letter,-2.089388370513916
training_0488,A,letter,-0.3789418339729309
training_0488,B,letter,-1.753941774368286
training_0488,C,letter,-3.285191774368286
training_0488,D,letter,-2.269566774368286
training_1299,A,present,0.46875
training_1299,B,present,-1.7812500447034836
training_1299,C,present,-1.3749999850988388
training_1299,D,present,-6.515625027706847
training_2100,A,letter,-2.451465845108032
training_2100,B,letter,-5.638966083526611
training_2100,C,letter,-0.1233409419655799
training_2100,D,letter,-3.670215845108032
training_2603,CBDA,perm,1.0
training_2603,A<B,pair,-3.343750100582838
training_2603,A<C,pair,-4.01562481187284
training_2603,A<D,pair,-1.265625
training_2603,B<C,pair,-0.8124999701976776
training_2603,B<D,pair,4.468749882653356
training_2603,C<D,pair,3.484375001862645
training_3211,A,letter,-2.3411998748779297
training_3211,B,letter,-0.1536999344825744
training_3211,C,letter,-3.1068248748779297
training_3211,D,letter,-6.79432487487793
training_0490,A,letter,-6.066954612731934
training_0490,B,letter,-7.676329612731934
training_0490,C,letter,-0.0044548083096742
training_0490,D,letter,-6.473204612731934
training_1301,A,present,-2.109374977648258
training_1301,B,present,-3.921874994412065
training_1301,C,present,1.2343750298023224
training_1301,D,present,-3.874999979510904
training_2102,A,letter,-1.2437044382095337
training_2102,B,letter,-1.2280794382095337
training_2102,C,letter,-3.196829319000244
training_2102,D,letter,-0.9780794382095336
training_2605,DBAC,perm,1.0
training_2605,A<B,pair,-4.062500171363354
training_2605,A<C,pair,0.203125
training_2605,A<D,pair,-1.9843750596046448
training_2605,B<C,pair,4.437499842606485
training_2605,B<D,pair,3.0781249552965164
training_2605,C<D,pair,-1.5937499701976776
training_3213,A,letter,-2.132530927658081
training_3213,B,letter,-5.94503116607666
training_3213,C,letter,-0.132530927658081
training_3213,D,letter,-5.91378116607666
training_0492,A,letter,-4.7412590980529785
training_0492,B,letter,-6.5850090980529785
training_0492,C,letter,-3.6162590980529785
training_0492,D,letter,-0.0381341353058815
training_1303,A,present,-4.515625215135515
training_1303,B,present,-1.453125
training_1303,C,present,-0.265625
training_1303,D,present,-3.546875052154064
training_2104,A,letter,-1.4442901611328125
training_2104,B,letter,-4.9599151611328125
training_2104,C,letter,-3.2099151611328125
training_2104,D,letter,-0.3349151611328125
training_2607,DACB,perm,1.0
training_2607,A<B,pair,1.6874999403953552
training_2607,A<C,pair,0.7968749403953552
training_2607,A<D,pair,-1.3437499850988388
training_2607,B<C,pair,-0.234375
training_2607,B<D,pair,-2.7656248845160007
training_2607,C<D,pair,-2.156250052154064
training_3215,A,letter,-2.9723360538482666
training_3215,B,letter,-1.4567110538482666
training_3215,C,letter,-0.9254610538482666
training_3215,D,letter,-1.1442110538482666
training_0496,A,letter,-0.5520269870758057
training_0496,B,letter,-0.8645269870758057
training_0496,C,letter,-6.661401748657227
training_0496,D,letter,-6.911401748657227
training_1307,A,present,0.234375
training_1307,B,present,0.5781250596046448
training_1307,C,present,-2.187499888241291
training_1307,D,present,-0.8906250298023224
training_2108,A,letter,-0.0139095457270741
training_2108,B,letter,-7.717034339904785
training_2108,C,letter,-6.873284339904785
training_2108,D,letter,-4.420159339904785
training_3219,A,letter,-3.0420022010803223
training_3219,B,letter,-1.8232522010803225
training_3219,C,letter,-0.4170022010803222
training_3219,D,letter,-2.0420022010803223
training_0499,A,letter,-6.664224147796631
training_0499,B,letter,-2.961098909378052
training_0499,C,letter,-8.507973670959473
training_0499,D,letter,-0.0548490174114704
training_1310,A,present,0.4531249701976776
training_1310,B,present,-4.265625039115548
training_1310,C,present,-7.531249954365194
training_1310,D,present,-5.484374835621566
training_2111,A,letter,-0.8234913945198059
training_2111,B,letter,-4.21411657333374
training_2111,C,letter,-0.6359913945198059
training_2111,D,letter,-4.13599157333374
training_3222,A,letter,-0.2622547447681427
training_3222,B,letter,-2.8403797149658203
training_3222,C,letter,-2.0122547149658203
training_3222,D,letter,-3.2778797149658203
training_0501,A,letter,-4.558013439178467
training_0501,B,letter,-1.7455133199691772
training_0501,C,letter,-0.214263305068016
training_0501,D,letter,-4.948638439178467
training_1312,A,present,-7.234375199652277
training_1312,B,present,-5.718749761581421
training_1312,C,present,-0.078125
training_1312,D,present,-0.4375
training_2113,A,letter,-4.838780879974365
training_2113,B,letter,-0.8075310587882996
training_2113,C,letter,-1.8856561183929443
training_2113,D,letter,-0.9325310587882996
training_3224,A,letter,-3.4303789138793945
training_3224,B,letter,-2.9616289138793945
training_3224,C,letter,-0.5397540330886841
training_3224,D,letter,-1.117879033088684
training_0504,A,letter,-2.273534774780273
training_0504,B,letter,-2.914159774780273
training_0504,C,letter,-0.5547846555709839
training_0504,D,letter,-1.320409655570984
training_1315,A,present,-3.656249959021807
training_1315,B,present,-0.40625
training_1315,C,present,-0.328125
training_1315,D,present,-1.0468749701976776
training_2116,A,letter,-4.013679027557373
training_2116,B,letter,-0.3886789381504059
training_2116,C,letter,-2.029304027557373
training_2116,D,letter,-1.7636789083480835
training_3227,A,letter,-3.68672776222229
training_3227,B,letter,-0.1086028143763542
training_3227,C,letter,-3.34297776222229
training_3227,D,letter,-3.18672776222229
training_0506,A,letter,-3.590102434158325
training_0506,B,letter,-4.324477195739746
training_0506,C,letter,-0.6057273745536804
training_0506,D,letter,-0.8869773745536804
training_1317,A,present,-2.312500037252903
training_1317,B,present,-2.171875022351742
training_1317,C,present,-5.265625146217644
training_1317,D,present,-4.124999929219484
training_2118,A,letter,-0.6445943713188171
training_2118,B,letter,-2.113344430923462
training_2118,C,letter,-1.800844430923462
training_2118,D,letter,-1.675844430923462
training_2609,DBCA,perm,1.0
training_2609,A<B,pair,-3.624999981373549
training_2609,A<C,pair,-1.3593749701976776
training_2609,A<D,pair,-1.6093750298023224
training_2609,B<C,pair,3.7500000167638063
training_2609,B<D,pair,2.9687500670552254
training_2609,C<D,pair,-0.171875
training_3229,A,letter,-3.189596652984619
training_3229,B,letter,-1.2208466529846191
training_3229,C,letter,-0.4239717125892639
training_3229,D,letter,-4.798971652984619
training_0508,A,letter,-2.4150075912475586
training_0508,B,letter,-2.4462575912475586
training_0508,C,letter,-1.4306325912475586
training_0508,D,letter,-0.5400076508522034
training_1319,A,present,-1.3593750596046448
training_1319,B,present,-5.8437502244487405
training_1319,C,present,-2.4062500074505806
training_1319,D,present,-2.296875037252903
training_2120,A,letter,-2.5287411212921143
training_2120,B,letter,-1.1224911212921145
training_2120,C,letter,-3.4662411212921143
training_2120,D,letter,-0.5756161212921143
training_2611,ADBC,perm,1.0
training_2611,A<B,pair,4.7968751564621925
training_2611,A<C,pair,4.796874816529453
training_2611,A<D,pair,3.609374899417162
training_2611,B<C,pair,0.34375
training_2611,B<D,pair,-1.6406250149011612
training_2611,C<D,pair,-2.671875089406967
training_3231,A,letter,-2.6076254844665527
training_3231,B,letter,-0.6232506036758423
training_3231,C,letter,-0.9826256036758424
training_3231,D,letter,-4.248250484466553
training_0512,A,letter,-3.1947121620178223
training_0512,B,letter,-1.4603370428085327
training_0512,C,letter,-1.6478370428085327
training_0512,D,letter,-0.6322120428085327
training_1323,A,present,-3.1874998845160007
training_1323,B,present,-4.0625001564621925
training_1323,C,present,-1.5156250298023224
training_1323,D,present,1.4218750447034836
training_2124,A,letter,-1.819966197013855
training_2124,B,letter,-2.4605913162231445
training_2124,C,letter,-1.382466197013855
training_2124,D,letter,-0.694966197013855
training_2612,DCBA,perm,1.0
training_2612,A<B,pair,-1.1718749403953552
training_2612,A<C,pair,-2.078125044703484
training_2612,A<D,pair,-3.0781250670552254
training_2612,B<C,pair,-0.359375
training_2612,B<D,pair,-1.2187499701976776
training_2612,C<D,pair,-0.6093749701976776
training_3235,A,letter,-3.209646224975586
training_3235,B,letter,-0.4752711653709411
training_3235,C,letter,-2.412771224975586
training_3235,D,letter,-1.397146224975586
training_0514,A,letter,-3.1238937377929688
training_0514,B,letter,-0.1551437526941299
training_0514,C,letter,-4.123893737792969
training_0514,D,letter,-2.4988937377929688
training_1325,A,present,-4.171874985098839
training_1325,B,present,-1.7031250298023224
training_1325,C,present,0.5312500298023224
training_1325,D,present,-1.5781250298023224
training_2126,A,letter,-3.0882716178894043
training_2126,B,letter,-0.8695214986801147
training_2126,C,letter,-0.7757714986801147
training_2126,D,letter,-2.6195216178894043
training_2614,ADBC,perm,1.0
training_2614,A<B,pair,1.0156249701976776
training_2614,A<C,pair,3.8593749050050974
training_2614,A<D,pair,2.4374999925494194
training_2614,B<C,pair,2.0624999701976776
training_2614,B<D,pair,0.890625
training_2614,C<D,pair,-2.1406250670552254
training_3237,A,letter,-1.2305586338043213
training_3237,B,letter,-3.1993086338043213
training_3237,C,letter,-2.5743086338043213
training_3237,D,letter,-0.5274336338043213
training_0517,A,letter,-6.916685104370117
training_0517,B,letter,-0.0573103353381156
training_0517,C,letter,-6.322935104370117
training_0517,D,letter,-2.9479353427886963
training_1328,A,present,1.6718749701976776
training_1328,B,present,0.390625
training_1328,C,present,-3.140624936670065
training_1328,D,present,1.0468750298023224
training_2129,A,letter,-0.1548770815134048
training_2129,B,letter,-3.342377185821533
training_2129,C,letter,-4.639252185821533
training_2129,D,letter,-2.326752185821533
training_2617,CBDA,perm,1.0
training_2617,A<B,pair,-1.109375
training_2617,A<C,pair,-0.8124999701976776
training_2617,A<D,pair,1.015625
training_2617,B<C,pair,-0.453125
training_2617,B<D,pair,0.9687499701976776
training_2617,C<D,pair,1.3906249403953552
training_3240,A,letter,-3.7829749584198
training_3240,B,letter,-4.470475196838379
training_3240,C,letter,-0.2204750478267669
training_3240,D,letter,-1.8142250776290891
training_0519,A,letter,-1.3887443542480469
training_0519,B,letter,-2.935619354248047
training_0519,C,letter,-0.4043692946434021
training_0519,D,letter,-3.544994354248047
training_1330,A,present,-3.7031249720603223
training_1330,B,present,0.390625
training_1330,C,present,-2.7968750335276127
training_1330,D,present,0.9843750298023224
training_2131,A,letter,-2.938077211380005
training_2131,B,letter,-1.0630772113800049
training_2131,C,letter,-1.1880772113800049
training_2131,D,letter,-1.2193272113800049
training_2619,ADBC,perm,1.0
training_2619,A<B,pair,0.7343750596046448
training_2619,A<C,pair,0.453125
training_2619,A<D,pair,-0.5468750298023224
training_2619,B<C,pair,0.9999999701976776
training_2619,B<D,pair,-0.1875
training_2619,C<D,pair,-0.03125
training_3242,A,letter,-2.0421626567840576
training_3242,B,letter,-1.3546626567840576
training_3242,C,letter,-1.2609126567840576
training_3242,D,letter,-1.1202876567840576
training_0521,A,letter,-7.234843730926514
training_0521,B,letter,-9.172343254089355
training_0521,C,letter,-0.0629685819149017
training_0521,D,letter,-2.8129684925079346
training_1332,A,present,-0.359375
training_1332,B,present,-4.17187477927655
training_1332,C,present,-1.6250000149011612
training_1332,D,present,-3.874999932944775
training_2133,A,letter,-1.155545353889465
training_2133,B,letter,-4.405545234680176
training_2133,C,letter,-0.7649203538894653
training_2133,D,letter,-1.593045353889465
training_2621,ADBC,perm,1.0
training_2621,A<B,pair,4.421875058673322
training_2621,A<C,pair,5.593749919906259
training_2621,A<D,pair,1.7812499850988388
training_2621,B<C,pair,0.6250000596046448
training_2621,B<D,pair,-2.984374985098839
training_2621,C<D,pair,-3.4531251154839997
training_3244,A,letter,-0.1879195719957351
training_3244,B,letter,-1.9222946166992188
training_3244,C,letter,-4.562919616699219
training_3244,D,letter,-4.266044616699219
training_0523,A,letter,-0.000680572586134
training_0523,B,letter,-9.235055923461914
training_0523,C,letter,-8.250680923461914
training_0523,D,letter,-8.141305923461914
training_1334,A,present,-1.625
training_1334,B,present,-6.093750199768692
training_1334,C,present,-4.890624935738742
training_1334,D,present,-1.046875
training_2135,A,letter,-0.3529372811317444
training_2135,B,letter,-3.8685622215271
training_2135,C,letter,-2.5560622215271
training_2135,D,letter,-1.6498122215270996
training_2623,ADBC,perm,1.0
training_2623,A<B,pair,2.171874947845936
training_2623,A<C,pair,1.359375
training_2623,A<D,pair,1.4218749850988388
training_2623,B<C,pair,-2.062500044703484
training_2623,B<D,pair,-0.6406249701976776
training_2623,C<D,pair,0.7812499701976776
training_3246,A,letter,-0.5198881030082703
training_3246,B,letter,-4.363637924194336
training_3246,C,letter,-3.457388162612915
training_3246,D,letter,-1.019888162612915
training_0526,A,letter,-8.985209465026855
training_0526,B,letter,-8.844584465026855
training_0526,C,letter,-0.0008343552472069
training_0526,D,letter,-7.641459465026855
training_1337,A,present,-4.015625072643161
training_1337,B,present,-4.812499833293259
training_1337,C,present,-0.546875
training_1337,D,present,-2.5312501043081284
training_2138,A,letter,-0.1591569483280182
training_2138,B,letter,-5.752906799316406
training_2138,C,letter,-4.956031799316406
training_2138,D,letter,-2.0029070377349854
training_3249,A,letter,-0.877894401550293
training_3249,B,letter,-2.877894401550293
training_3249,C,letter,-1.737269401550293
training_3249,D,letter,-1.049769401550293
training_0529,A,letter,-5.503398895263672
training_0529,B,letter,-1.487773895263672
training_0529,C,letter,-0.5190238952636719
training_0529,D,letter,-1.753398895263672
training_1340,A,present,-1.4218750447034836
training_1340,B,present,-4.562499903142452
training_1340,C,present,-7.343750155298039
training_1340,D,present,-6.359374763211235
training_2141,A,letter,-4.562484264373779
training_2141,B,letter,-3.6406095027923584
training_2141,C,letter,-2.9531095027923584
training_2141,D,letter,-0.0937344208359718
training_2626,DBAC,perm,1.0
training_2626,A<B,pair,-0.0625
training_2626,A<C,pair,1.8281250149011607
training_2626,A<D,pair,-2.125000089406967
training_2626,B<C,pair,1.8125000298023224
training_2626,B<D,pair,-0.90625
training_2626,C<D,pair,-3.2656249552965164
training_3252,A,letter,-1.8447816371917725
training_3252,B,letter,-2.0791566371917725
training_3252,C,letter,-2.2979066371917725
training_3252,D,letter,-0.4854066371917724
training_0531,A,letter,-4.87436056137085
training_0531,B,letter,-2.0462355613708496
training_0531,C,letter,-1.81186044216156
training_0531,D,letter,-0.3587354719638824
training_1342,A,present,-1.0624999701976776
training_1342,B,present,-0.8437499403953552
training_1342,C,present,0.9843750596046448
training_1342,D,present,-1.2656250149011612
training_2143,A,letter,-3.557241439819336
training_2143,B,letter,-1.5103663206100464
training_2143,C,letter,-0.4166163206100464
training_2143,D,letter,-2.400991439819336
training_2628,CDBA,perm,1.0
training_2628,A<B,pair,-1.0781250298023224
training_2628,A<C,pair,-4.18749990221113
training_2628,A<D,pair,-4.499999793246388
training_2628,B<C,pair,-2.515625074505806
training_2628,B<D,pair,-2.5781250670552254
training_2628,C<D,pair,-0.4374999701976776
training_3254,A,letter,-4.421514511108398
training_3254,B,letter,-0.0621394775807857
training_3254,C,letter,-4.812139511108398
training_3254,D,letter,-3.2340145111083984
training_0533,A,letter,-1.6530805826187134
training_0533,B,letter,-0.4655805826187134
training_0533,C,letter,-1.9812055826187132
training_0533,D,letter,-3.215580463409424
training_1344,A,present,-4.453125226311386
training_1344,B,present,-2.468750089406967
training_1344,C,present,0.171875
training_1344,D,present,-8.624999562336598
training_2145,A,letter,-4.782187461853027
training_2145,B,letter,-0.0165624693036079
training_2145,C,letter,-5.532187461853027
training_2145,D,letter,-5.563437461853027
training_3256,A,letter,-1.2658511400222778
training_3256,B,letter,-4.656476020812988
training_3256,C,letter,-0.8752261400222778
training_3256,D,letter,-1.2346011400222778
training_0536,A,letter,-5.0094804763793945
training_0536,B,letter,-1.712605595588684
training_0536,C,letter,-4.1188554763793945
training_0536,D,letter,-0.2282305508852005
training_1347,A,present,0.7031249701976776
training_1347,B,present,-8.17187530818046
training_1347,C,present,-4.703124824911356
training_1347,D,present,-4.171875134110451
training_2148,A,letter,-5.8273210525512695
training_2148,B,letter,-0.1710711568593979
training_2148,C,letter,-5.8898210525512695
training_2148,D,letter,-1.889821171760559
training_3259,A,letter,-1.0745925903320312
training_3259,B,letter,-2.4339675903320312
training_3259,C,letter,-0.7464675307273865
training_3259,D,letter,-2.3558425903320312
training_0538,A,letter,-0.0084479823708534
training_0538,B,letter,-5.414698123931885
training_0538,C,letter,-7.945948123931885
training_0538,D,letter,-5.649073123931885
training_1349,A,present,-4.9062501839362085
training_1349,B,present,-5.546874995809048
training_1349,C,present,-0.875
training_1349,D,present,-3.062500063329935
training_2150,A,letter,-5.774766445159912
training_2150,B,letter,-0.2278914749622345
training_2150,C,letter,-2.227891445159912
training_2150,D,letter,-2.384141445159912
training_3261,A,letter,-1.7568647861480713
training_3261,B,letter,-2.2881147861480717
training_3261,C,letter,-1.7412397861480713
training_3261,D,letter,-0.6006147861480713
training_0540,A,letter,-4.240077018737793
training_0540,B,letter,-2.755702018737793
training_0540,C,letter,-3.536952018737793
training_0540,D,letter,-0.1150770857930183
training_1351,A,present,-0.9687500298023224
training_1351,B,present,0.296875
training_1351,C,present,-4.562499798834324
training_1351,D,present,-7.328124919149559
training_2152,A,letter,-6.067748069763184
training_2152,B,letter,-2.817748069763184
training_2152,C,letter,-0.2552480399608612
training_2152,D,letter,-1.817748069763184
training_3263,A,letter,-4.247060298919678
training_3263,B,letter,-0.0595604293048381
training_3263,C,letter,-5.028310298919678
training_3263,D,letter,-3.309560537338257
training_0542,A,letter,-3.024821519851685
training_0542,B,letter,-0.2279464304447174
training_0542,C,letter,-2.399821519851685
training_0542,D,letter,-2.774821519851685
training_1353,A,present,-1.890624895691872
training_1353,B,present,-3.953124975785613
training_1353,C,present,-3.1718749664723878
training_1353,D,present,0.9218749403953552
training_2154,A,letter,-2.7742512226104736
training_2154,B,letter,-5.352375984191895
training_2154,C,letter,-4.164875984191895
training_2154,D,letter,-0.0867511853575706
training_3265,A,letter,-1.8657646179199217
training_3265,B,letter,-2.084514617919922
training_3265,C,letter,-1.037639617919922
training_3265,D,letter,-1.006389617919922
training_0544,A,letter,-2.2573013305664062
training_0544,B,letter,-2.8354263305664062
training_0544,C,letter,-0.2260512709617614
training_0544,D,letter,-3.3041763305664062
training_1355,A,present,-3.874999914318323
training_1355,B,present,-4.265624773688614
training_1355,C,present,-2.6874999925494194
training_1355,D,present,-4.765625206753612
training_2156,A,letter,-0.939850389957428
training_2156,B,letter,-3.299225330352783
training_2156,C,letter,-0.658600389957428
training_2156,D,letter,-2.939850330352783
training_3267,A,letter,-1.3866755962371826
training_3267,B,letter,-1.7773005962371826
training_3267,C,letter,-2.0585505962371826
training_3267,D,letter,-0.7929256558418274
training_0547,A,letter,-1.9681332111358645
training_0547,B,letter,-1.0618832111358645
training_0547,C,letter,-4.030632972717285
training_0547,D,letter,-0.7025081515312195
training_1358,A,present,-2.546875052154064
training_1358,B,present,-2.296875022351742
training_1358,C,present,1.7968749403953552
training_1358,D,present,-2.5781249552965164
training_2159,A,letter,-1.4204490184783936
training_2159,B,letter,-4.186074256896973
training_2159,C,letter,-0.4048240482807159
training_2159,D,letter,-2.5923240184783936
training_3270,A,letter,-0.3101883232593536
training_3270,B,letter,-2.4820632934570312
training_3270,C,letter,-2.3101882934570312
training_3270,D,letter,-2.4976882934570312
training_0550,A,letter,-0.0979590937495231
training_0550,B,letter,-3.644834041595459
training_0550,C,letter,-3.863584041595459
training_0550,D,letter,-3.097959041595459
training_1361,A,present,0.0625
training_1361,B,present,-5.312500205822289
training_1361,C,present,-4.062500230967999
training_1361,D,present,0.171875
training_2162,A,letter,-4.826058387756348
training_2162,B,letter,-0.0448083318769931
training_2162,C,letter,-5.966683387756348
training_2162,D,letter,-3.419808387756348
training_2632,CABD,perm,1.0
training_2632,A<B,pair,4.000000229105353
training_2632,A<C,pair,-0.7812499701976776
training_2632,A<D,pair,2.171875111758709
training_2632,B<C,pair,-5.687499883119017
training_2632,B<D,pair,-2.4843750074505806
training_2632,C<D,pair,4.218749795109034
training_3273,A,letter,-1.0971333980560305
training_3273,B,letter,-1.9408833980560305
training_3273,C,letter,-2.6283833980560303
training_3273,D,letter,-0.800258457660675
training_0552,A,letter,-0.3957435488700866
training_0552,B,letter,-2.5832436084747314
training_0552,C,letter,-3.880118608474731
training_0552,D,letter,-1.4738686084747314
training_1363,A,present,-5.453125037252903
training_1363,B,present,-6.28124991664663
training_1363,C,present,-5.000000168569386
training_1363,D,present,2.296875089406967
training_2164,A,letter,-4.771704196929932
training_2164,B,letter,-5.193579196929932
training_2164,C,letter,-1.1623291969299316
training_2164,D,letter,-0.396704226732254
training_3275,A,letter,-1.176435470581055
training_3275,B,letter,-6.098310470581055
training_3275,C,letter,-0.4889354705810547
training_3275,D,letter,-2.5826854705810547
training_0556,A,letter,-7.160275936126709
training_0556,B,letter,-7.097775936126709
training_0556,C,letter,-0.0040260460227727
training_0556,D,letter,-6.097775936126709
training_1367,A,present,1.4374999850988388
training_1367,B,present,-4.593750129453838
training_1367,C,present,-1.328125
training_1367,D,present,-7.828125106927473
training_2168,A,letter,-2.843188762664795
training_2168,B,letter,-0.4994387328624725
training_2168,C,letter,-2.561938762664795
training_2168,D,letter,-1.358813762664795
training_3279,A,letter,-2.3792996406555176
training_3279,B,letter,-0.301174521446228
training_3279,C,letter,-1.832424521446228
training_3279,D,letter,-5.035549640655518
training_0559,A,letter,-3.645950317382813
training_0559,B,letter,-1.2709503173828125
training_0559,C,letter,-0.3803253769874573
training_0559,D,letter,-4.8647003173828125
training_1370,A,present,-6.640625215484761
training_1370,B,present,-3.0000001154839997
training_1370,C,present,-6.718750171363354
training_1370,D,present,-2.4531248807907104
training_2171,A,letter,-1.1449581384658811
training_2171,B,letter,-2.035583019256592
training_2171,C,letter,-2.066833019256592
training_2171,D,letter,-0.8637081384658813
training_3282,A,letter,-0.719444751739502
training_3282,B,letter,-2.922569751739502
training_3282,C,letter,-1.735069751739502
training_3282,D,letter,-1.266319751739502
training_0561,A,letter,-1.5440526008605957
training_0561,B,letter,-1.965927600860596
training_0561,C,letter,-1.2315526008605957
training_0561,D,letter,-1.0440526008605957
training_1372,A,present,-6.000000053783879
training_1372,B,present,-2.031250014901161
training_1372,C,present,3.2187500819563866
training_1372,D,present,-2.031249925494194
training_2173,A,letter,-2.4910812377929688
training_2173,B,letter,-0.2098313122987747
training_2173,C,letter,-4.209831237792969
training_2173,D,letter,-2.3973312377929688
training_3284,A,letter,-1.2366702556610107
training_3284,B,letter,-1.2835452556610107
training_3284,C,letter,-2.9397952556610107
training_3284,D,letter,-0.9710452556610109
training_0564,A,letter,-7.019293308258057
training_0564,B,letter,-1.0192934274673462
training_0564,C,letter,-0.4567933976650238
training_0564,D,letter,-5.488043308258057
training_1375,A,present,-0.6406250298023224
training_1375,B,present,-6.218749889172614
training_1375,C,present,-4.28125003632158
training_1375,D,present,-2.1093750670552254
training_2176,A,letter,-5.1910505294799805
training_2176,B,letter,-0.51917564868927
training_2176,C,letter,-2.7379255294799805
training_2176,D,letter,-1.09730064868927
training_3287,A,letter,-3.942999839782715
training_3287,B,letter,-4.864874839782715
training_3287,C,letter,-0.19299978017807
training_3287,D,letter,-1.9117498397827148
training_0566,A,letter,-2.8001065254211426
training_0566,B,letter,-3.4251065254211426
training_0566,C,letter,-1.112606644630432
training_0566,D,letter,-0.5501066446304321
training_1377,A,present,-2.578125
training_1377,B,present,-2.156249932944774
training_1377,C,present,-1.7500000149011612
training_1377,D,present,-3.875000085681677
training_2178,A,letter,-0.4022227823734283
training_2178,B,letter,-2.4490978717803955
training_2178,C,letter,-3.1522228717803955
training_2178,D,letter,-1.605347752571106
training_2633,DCBA,perm,1.0
training_2633,A<B,pair,-1.0625
training_2633,A<C,pair,-2.781249888241291
training_2633,A<D,pair,-2.3593750819563866
training_2633,B<C,pair,-1.0781250298023224
training_2633,B<D,pair,-0.8125
training_2633,C<D,pair,-0.109375
training_3289,A,letter,-0.4355274438858032
training_3289,B,letter,-3.4042773246765137
training_3289,C,letter,-4.763652324676514
training_3289,D,letter,-1.1699024438858032
training_0569,A,letter,-6.414712429046631
training_0569,B,letter,-1.43033766746521
training_0569,C,letter,-4.602212429046631
training_0569,D,letter,-0.2897126078605652
training_1380,A,present,-5.062500010244548
training_1380,B,present,-7.281250034749974
training_1380,C,present,-5.484375175554305
training_1380,D,present,1.984374925494194
training_2181,A,letter,-0.8992736339569092
training_2181,B,letter,-4.586773872375488
training_2181,C,letter,-0.6648986339569092
training_2181,D,letter,-2.696148633956909
training_2636,CADB,perm,1.0
training_2636,A<B,pair,0.125
training_2636,A<C,pair,-3.140624944120645
training_2636,A<D,pair,1.4375000447034836
training_2636,B<C,pair,-3.2187499962747097
training_2636,B<D,pair,0.9062500596046448
training_2636,C<D,pair,4.609374787658453
training_3292,A,letter,-1.1234533786773682
training_3292,B,letter,-0.4047033190727234
training_3292,C,letter,-6.467203140258789
training_3292,D,letter,-5.154703140258789
training_0571,A,letter,-6.330780029296875
training_0571,B,letter,-0.0026550777256488
training_0571,C,letter,-7.596405029296875
training_0571,D,letter,-8.112030029296875
training_1382,A,present,2.046875022351742
training_1382,B,present,-2.734374888241291
training_1382,C,present,0.34375
training_1382,D,present,-2.609375111758709
training_2183,A,letter,-0.2337723076343536
training_2183,B,letter,-4.686897277832031
training_2183,C,letter,-2.0775222778320312
training_2183,D,letter,-2.6243972778320312
training_2638,BADC,perm,1.0
training_2638,A<B,pair,-3.484374973922968
training_2638,A<C,pair,2.156249895691872
training_2638,A<D,pair,1.2656250298023224
training_2638,B<C,pair,5.578125201631337
training_2638,B<D,pair,4.296874784864485
training_2638,C<D,pair,-0.265625
training_3294,A,letter,-3.823701858520508
training_3294,B,letter,-0.8237019181251526
training_3294,C,letter,-1.5737018585205078
training_3294,D,letter,-1.1049518585205078
training_0573,A,letter,-1.4879200458526611
training_0573,B,letter,-1.7379200458526611
training_0573,C,letter,-0.9097949862480164
training_0573,D,letter,-1.6441700458526611
training_1384,A,present,-3.093750100582838
training_1384,B,present,-6.125000081956387
training_1384,C,present,-2.9531251043081284
training_1384,D,present,-4.734374805353582
training_2185,A,letter,-1.0309839248657229
training_2185,B,letter,-1.2341089248657229
training_2185,C,letter,-2.8747339248657227
training_2185,D,letter,-1.2341089248657229
training_2640,ADBC,perm,1.0
training_2640,A<B,pair,3.375000037252903
training_2640,A<C,pair,2.140625037252903
training_2640,A<D,pair,0.125
training_2640,B<C,pair,-0.8124999701976776
training_2640,B<D,pair,-2.062500037252903
training_2640,C<D,pair,-1.2656249552965164
training_3296,A,letter,-0.8587936162948608
training_3296,B,letter,-2.6400437355041504
training_3296,C,letter,-1.8431686162948608
training_3296,D,letter,-1.0619186162948608
training_0576,A,letter,-0.1766141951084137
training_0576,B,letter,-5.176614284515381
training_0576,C,letter,-4.410989284515381
training_0576,D,letter,-1.9422391653060915
training_1387,A,present,-0.734375
training_1387,B,present,-1.4687499552965164
training_1387,C,present,0.109375
training_1387,D,present,-0.8749999701976776
training_2188,A,letter,-3.164023399353028
training_2188,B,letter,-0.0858984738588333
training_2188,C,letter,-4.335898399353027
training_2188,D,letter,-3.6327733993530273
training_3299,A,letter,-2.8791873455047607
training_3299,B,letter,-3.3010623455047607
training_3299,C,letter,-0.5666873455047607
training_3299,D,letter,-1.0823123455047607
training_0578,A,letter,-3.087017774581909
training_0578,B,letter,-0.3838928639888763
training_0578,C,letter,-1.5557678937911987
training_0578,D,letter,-2.821392774581909
training_1389,A,present,-4.578125011175871
training_1389,B,present,0.0
training_1389,C,present,-2.984374918043613
training_1389,D,present,-0.6249999701976776
training_2190,A,letter,-1.2754255533218384
training_2190,B,letter,-1.2598005533218384
training_2190,C,letter,-2.916050434112549
training_2190,D,letter,-0.9629255533218384
training_2642,BDCA,perm,1.0
training_2642,A<B,pair,-4.859375221654773
training_2642,A<C,pair,-2.125000014901161
training_2642,A<D,pair,-4.906250194646418
training_2642,B<C,pair,4.20312509033829
training_2642,B<D,pair,1.984375044703484
training_2642,C<D,pair,-2.3749999701976776
training_3301,A,letter,-2.3262736797332764
training_3301,B,letter,-1.0606486797332764
training_3301,C,letter,-0.7950236201286316
training_3301,D,letter,-2.2793986797332764
training_0580,A,letter,-0.0295965038239955
training_0580,B,letter,-4.654596328735352
training_0580,C,letter,-5.107721328735352
training_0580,D,letter,-4.357721328735352
training_1391,A,present,-4.2812498938292265
training_1391,B,present,0.421875
training_1391,C,present,-2.718750089406967
training_1391,D,present,-6.875000151339918
training_2192,A,letter,-6.031649589538574
training_2192,B,letter,-0.5628997683525085
training_2192,C,letter,-3.5160248279571533
training_2192,D,letter,-0.9222747683525084
training_2644,BDCA,perm,1.0
training_2644,A<B,pair,-3.3750001154839997
training_2644,A<C,pair,-1.874999895691872
training_2644,A<D,pair,-3.140624977648258
training_2644,B<C,pair,1.4843750149011612
training_2644,B<D,pair,0.25
training_2644,C<D,pair,-0.34375
training_3303,A,letter,-0.4802451133728027
training_3303,B,letter,-2.2458701133728027
training_3303,C,letter,-2.9802451133728027
training_3303,D,letter,-1.5271201133728027
training_0035,A,letter,-0.1516075432300567
training_0035,B,letter,-2.3391075134277344
training_0035,C,letter,-3.1672325134277344
training_0035,D,letter,-6.479732513427734
training_0846,A,present,-1.5156249552965164
training_0846,B,present,-9.015625267464202
training_0846,C,present,-5.234375014901161
training_0846,D,present,-6.781250102794729
training_2758,A,letter,-1.4042391777038574
training_2758,B,letter,-0.8729891180992126
training_2758,C,letter,-1.2792391777038574
training_2758,D,letter,-2.8573641777038574
training_0039,A,letter,-1.1546472311019895
training_0039,B,letter,-2.6390223503112797
training_0039,C,letter,-1.5452722311019895
training_0039,D,letter,-0.9202722311019896
training_0850,A,present,-0.703125
training_0850,B,present,-2.015625074505806
training_0850,C,present,-5.203124815132469
training_0850,D,present,-1.984374925494194
training_1658,A,letter,-4.958512783050537
training_1658,B,letter,-0.0522629506886005
training_1658,C,letter,-3.458513021469116
training_1658,D,letter,-4.427262783050537
training_2762,A,letter,-3.8209288120269775
training_2762,B,letter,-0.2115537822246551
training_2762,C,letter,-4.320928573608398
training_2762,D,letter,-1.867803812026977
training_0043,A,letter,-2.14605712890625
training_0043,B,letter,-1.84918224811554
training_0043,C,letter,-0.3335572183132171
training_0043,D,letter,-4.81793212890625
training_0854,A,present,-3.703125072643161
training_0854,B,present,-3.9062500037252894
training_0854,C,present,-0.6562499701976776
training_0854,D,present,-1.2656249701976776
training_1662,A,letter,-2.008463144302368
training_1662,B,letter,-2.805338144302368
training_1662,C,letter,-0.9928380846977234
training_1662,D,letter,-0.8365880846977234
training_2433,DACB,perm,1.0
training_2433,A<B,pair,0.5781250596046448
training_2433,A<C,pair,-0.171875
training_2433,A<D,pair,-1.5625000298023224
training_2433,B<C,pair,-0.1875
training_2433,B<D,pair,-1.9218750149011607
training_2433,C<D,pair,-1.9062501043081284
training_2766,A,letter,-3.666065454483032
training_2766,B,letter,-2.650440454483032
training_2766,C,letter,-1.1660654544830322
training_2766,D,letter,-0.525440514087677
training_0049,A,letter,-3.227055311203003
training_0049,B,letter,-0.9614303708076476
training_0049,C,letter,-5.836430549621582
training_0049,D,letter,-0.5551803708076477
training_0860,A,present,-4.015624988824129
training_0860,B,present,-0.515625
training_0860,C,present,-4.09374980814755
training_0860,D,present,-4.656250002793968
training_1668,A,letter,-0.3777621388435364
training_1668,B,letter,-3.721512079238892
training_1668,C,letter,-1.6746370792388916
training_1668,D,letter,-2.284012079238892
training_2772,A,letter,-4.467891216278076
training_2772,B,letter,-1.2335162162780762
training_2772,C,letter,-0.749141275882721
training_2772,D,letter,-1.4991412162780762
training_0051,A,letter,-3.417709350585937
training_0051,B,letter,-0.4958344101905823
training_0051,C,letter,-2.855209350585937
training_0051,D,letter,-1.2145843505859375
training_0862,A,present,-5.031249941792339
training_0862,B,present,-3.3593750037252903
training_0862,C,present,-2.203124925494194
training_0862,D,present,-4.109375067055225
training_1670,A,letter,-3.499844789505005
training_1670,B,letter,-2.718594789505005
training_1670,C,letter,-0.1404697746038437
training_1670,D,letter,-3.374844789505005
training_2436,BACD,perm,1.0
training_2436,A<B,pair,-2.0937500298023224
training_2436,A<C,pair,2.484374895691872
training_2436,A<D,pair,2.46875
training_2436,B<C,pair,3.437499925494194
training_2436,B<D,pair,3.5312500800937414
training_2436,C<D,pair,0.9062500298023224
training_2774,A,letter,-1.4537619352340698
training_2774,B,letter,-2.48501205444336
training_2774,C,letter,-3.06313705444336
training_2774,D,letter,-0.4537619352340698
training_0054,A,letter,-1.846285820007324
training_0054,B,letter,-7.330660820007324
training_0054,C,letter,-0.1744108498096466
training_0054,D,letter,-6.940035820007324
training_0865,A,present,0.53125
training_0865,B,present,-6.2031247650738806
training_0865,C,present,-1.8124999403953552
training_0865,D,present,2.124999962747097
training_1673,A,letter,-4.227189064025879
training_1673,B,letter,-0.0553139485418796
training_1673,C,letter,-4.774064064025879
training_1673,D,letter,-3.508439064025879
training_2777,A,letter,-0.3956651985645294
training_2777,B,letter,-2.301915168762207
training_2777,C,letter,-1.676915168762207
training_2777,D,letter,-3.270665168762207
training_0059,A,letter,-0.0494545176625251
training_0059,B,letter,-4.127579689025879
training_0059,C,letter,-3.7838294506073
training_0059,D,letter,-4.752579689025879
training_0870,A,present,-4.812499868683517
training_0870,B,present,-4.71874980814755
training_0870,C,present,-2.1093751192092896
training_0870,D,present,-1.9687500894069672
training_1678,A,letter,-3.260436534881592
training_1678,B,letter,-1.6823116540908811
training_1678,C,letter,-2.479186534881592
training_1678,D,letter,-0.3698116540908813
training_2782,A,letter,-3.897076368331909
training_2782,B,letter,-2.084576368331909
training_2782,C,letter,-2.678326368331909
training_2782,D,letter,-0.2408263832330703
training_0062,A,letter,-2.8931808471679688
training_0062,B,letter,-4.596305847167969
training_0062,C,letter,-0.0963058620691299
training_0062,D,letter,-3.7369308471679688
training_0873,A,present,-0.8124999403953552
training_0873,B,present,-6.406249984982424
training_0873,C,present,-7.437499855877832
training_0873,D,present,-2.0156251043081284
training_1681,A,letter,-6.086759567260742
training_1681,B,letter,-0.2898848056793213
training_1681,C,letter,-5.133634567260742
training_1681,D,letter,-1.4148848056793213
training_2785,A,letter,-4.5872721672058105
training_2785,B,letter,-4.5091471672058105
training_2785,C,letter,-5.7903971672058105
training_2785,D,letter,-0.0247722528874874
training_0065,A,letter,-8.067182540893555
training_0065,B,letter,-0.0046827653422951
training_0065,C,letter,-5.707807540893555
training_0065,D,letter,-7.364057540893555
training_0876,A,present,-6.312500195694156
training_0876,B,present,-5.859374847728759
training_0876,C,present,-5.796875068219379
training_0876,D,present,2.562499977648258
training_1684,A,letter,-3.009184598922729
training_1684,B,letter,-5.759184837341309
training_1684,C,letter,-0.0560596957802772
training_1684,D,letter,-6.431059837341309
training_2788,A,letter,-1.5171871185302734
training_2788,B,letter,-1.5171871185302734
training_2788,C,letter,-0.6734371781349182
training_2788,D,letter,-3.001562118530273
training_0068,A,letter,-3.698277235031128
training_0068,B,letter,-1.573277235031128
training_0068,C,letter,-0.4482771754264831
training_0068,D,letter,-2.057652235031128
training_0879,A,present,-3.000000011175871
training_0879,B,present,-1.5000000298023224
training_0879,C,present,-3.015625089406967
training_0879,D,present,-0.0625
training_1687,A,letter,-2.1994917392730717
training_1687,B,letter,-1.5588667392730713
training_1687,C,letter,-0.5119917392730713
training_1687,D,letter,-2.5432417392730717
training_2791,A,letter,-1.942106366157532
training_2791,B,letter,-4.254606246948242
training_2791,C,letter,-0.1764813959598541
training_2791,D,letter,-5.598356246948242
training_0071,A,letter,-2.618591785430908
training_0071,B,letter,-0.0873416885733604
training_0071,C,letter,-6.196716785430908
training_0071,D,letter,-4.915466785430908
training_0882,A,present,-1.3593750298023224
training_0882,B,present,-1.5937499552965164
training_0882,C,present,-8.70312532474054
training_0882,D,present,-6.718749777879566
training_1690,A,letter,-4.109498023986816
training_1690,B,letter,-0.0313729271292686
training_1690,C,letter,-5.593873023986816
training_1690,D,letter,-4.578248023986816
training_2794,A,letter,-0.453392744064331
training_2794,B,letter,-3.312767744064331
training_2794,C,letter,-4.95339298248291
training_2794,D,letter,-1.140892744064331
training_0075,A,letter,-5.763652801513672
training_0075,B,letter,-3.7636525630950928
training_0075,C,letter,-0.0292776096612215
training_0075,D,letter,-6.138652801513672
training_0886,A,present,-4.937500158324838
training_0886,B,present,-4.4375000931322575
training_0886,C,present,-0.84375
training_0886,D,present,-5.281250114087015
training_1694,A,letter,-3.316657543182373
training_1694,B,letter,-3.332282543182373
training_1694,C,letter,-0.08228250592947
training_1694,D,letter,-5.066657543182373
training_2442,BDAC,perm,1.0
training_2442,A<B,pair,-2.109374985098839
training_2442,A<C,pair,2.234374910593033
training_2442,A<D,pair,-1.4375000447034836
training_2442,B<C,pair,4.187499865889549
training_2442,B<D,pair,2.078124962747097
training_2442,C<D,pair,-2.093749977648258
training_2798,A,letter,-1.554970622062683
training_2798,B,letter,-1.601845622062683
training_2798,C,letter,-1.336220622062683
training_2798,D,letter,-1.133095622062683
training_0583,A,letter,-7.222357273101807
training_0583,B,letter,-6.472357273101807
training_0583,C,letter,-0.0036071967333555
training_0583,D,letter,-6.769232273101807
training_1394,A,present,-2.187500022351742
training_1394,B,present,-5.390625163912773
training_1394,C,present,-2.0312499552965164
training_1394,D,present,-3.5312500819563866
training_2195,A,letter,-4.1609086990356445
training_2195,B,letter,-7.7390336990356445
training_2195,C,letter,-5.5359086990356445
training_2195,D,letter,-0.0202838871628046
training_3306,A,letter,-0.4540247917175293
training_3306,B,letter,-4.875899791717529
training_3306,C,letter,-1.9383997917175293
training_3306,D,letter,-1.5477747917175293
training_0585,A,letter,-7.490755081176758
training_0585,B,letter,-2.725130319595337
training_0585,C,letter,-7.975130081176758
training_0585,D,letter,-0.0688802376389503
training_1396,A,present,1.953125
training_1396,B,present,-2.406250022351742
training_1396,C,present,-1.8750000149011607
training_1396,D,present,-0.5156249701976776
training_2197,A,letter,-0.3900503814220428
training_2197,B,letter,-1.1556754112243652
training_2197,C,letter,-5.999425411224365
training_2197,D,letter,-5.311925411224365
training_3308,A,letter,-0.7034158706665039
training_3308,B,letter,-1.312790870666504
training_3308,C,letter,-1.672165870666504
training_3308,D,letter,-3.078415870666504
training_0587,A,letter,-0.118096113204956
training_0587,B,letter,-5.664971351623535
training_0587,C,letter,-2.368096113204956
training_0587,D,letter,-4.336846351623535
training_1398,A,present,-2.765625070780516
training_1398,B,present,0.4687500298023224
training_1398,C,present,-4.8749998193234205
training_1398,D,present,-2.390625014901161
training_2199,A,letter,-1.9972656965255735
training_2199,B,letter,-0.6535156965255737
training_2199,C,letter,-3.6691408157348633
training_2199,D,letter,-1.1535156965255735
training_2645,DABC,perm,1.0
training_2645,A<B,pair,-0.109375
training_2645,A<C,pair,1.6250000447034836
training_2645,A<D,pair,0.6562499701976776
training_2645,B<C,pair,0.484375
training_2645,B<D,pair,0.9375
training_2645,C<D,pair,0.5781250596046448
training_3310,A,letter,-3.66525673866272
training_3310,B,letter,-1.85275673866272
training_3310,C,letter,-1.2277567386627195
training_3310,D,letter,-0.649631679058075
training_0589,A,letter,-0.7992045879364014
training_0589,B,letter,-1.2679545879364014
training_0589,C,letter,-2.5023295879364014
training_0589,D,letter,-1.7054545879364014
training_1400,A,present,-5.296874933876097
training_1400,B,present,-2.125
training_1400,C,present,-6.171875170897692
training_1400,D,present,-7.312499896273948
training_2201,A,letter,-6.02444314956665
training_2201,B,letter,-0.0556932054460048
training_2201,C,letter,-3.1650681495666504
training_2201,D,letter,-4.69631814956665
training_2647,DBAC,perm,1.0
training_2647,A<B,pair,-0.9218749701976776
training_2647,A<C,pair,-0.6562499701976776
training_2647,A<D,pair,-0.4375
training_2647,B<C,pair,-0.6874999701976776
training_2647,B<D,pair,-0.421875
training_2647,C<D,pair,0.453125
training_3312,A,letter,-1.6860649585723877
training_3312,B,letter,-4.264189720153809
training_3312,C,letter,-0.3579399585723877
training_3312,D,letter,-2.295439958572388
training_0591,A,letter,-0.3872843384742737
training_0591,B,letter,-2.918534278869629
training_0591,C,letter,-2.606034278869629
training_0591,D,letter,-1.652909278869629
training_1402,A,present,-4.000000089406967
training_1402,B,present,-2.343749910593033
training_1402,C,present,-2.359374910593033
training_1402,D,present,-1.0312500298023224
training_2203,A,letter,-3.9726295471191406
training_2203,B,letter,-0.5507544875144958
training_2203,C,letter,-3.6601295471191406
training_2203,D,letter,-0.9726294875144958
training_2649,BADC,perm,1.0
training_2649,A<B,pair,-0.6562500298023224
training_2649,A<C,pair,2.484375037252903
training_2649,A<D,pair,2.281249947845936
training_2649,B<C,pair,4.515625040978193
training_2649,B<D,pair,4.343750218860805
training_2649,C<D,pair,-0.359375
training_3314,A,letter,-0.798650860786438
training_3314,B,letter,-1.470525860786438
training_3314,C,letter,-1.251775860786438
training_3314,D,letter,-3.4080257415771484
training_0593,A,letter,-2.063106775283813
training_0593,B,letter,-1.8443567752838133
training_0593,C,letter,-4.156856536865234
training_0593,D,letter,-0.3599817454814911
training_1404,A,present,-2.4375000596046448
training_1404,B,present,-0.7812500298023224
training_1404,C,present,-0.140625
training_1404,D,present,-1.2343750596046448
training_2205,A,letter,-0.7528856992721558
training_2205,B,letter,-1.3466356992721558
training_2205,C,letter,-2.1122608184814453
training_2205,D,letter,-1.924760699272156
training_3316,A,letter,-0.772679328918457
training_3316,B,letter,-1.444554328918457
training_3316,C,letter,-1.413304328918457
training_3316,D,letter,-2.897679328918457
training_0596,A,letter,-0.1418821215629577
training_0596,B,letter,-4.595006942749023
training_0596,C,letter,-2.2668821811676025
training_0596,D,letter,-4.095006942749023
training_1407,A,present,-1.9999999850988388
training_1407,B,present,-5.234375029802322
training_1407,C,present,1.6406250298023224
training_1407,D,present,-4.156250162050128
training_2208,A,letter,-0.8270922899246216
training_2208,B,letter,-3.014592170715332
training_2208,C,letter,-3.436467170715332
training_2208,D,letter,-0.7333422899246216
training_3319,A,letter,-0.8452166318893433
training_3319,B,letter,-2.001466751098633
training_3319,C,letter,-0.8608416318893433
training_3319,D,letter,-4.454591751098633
training_0598,A,letter,-5.0258402824401855
training_0598,B,letter,-0.0102154975757002
training_0598,C,letter,-5.9789652824401855
training_0598,D,letter,-7.1195902824401855
training_1409,A,present,-5.312499911058694
training_1409,B,present,1.2812500298023224
training_1409,C,present,-1.1406249701976776
training_1409,D,present,-5.093749775085598
training_2210,A,letter,-5.906783103942871
training_2210,B,letter,-1.719283103942871
training_2210,C,letter,-4.234908103942871
training_2210,D,letter,-0.2192830741405487
training_3321,A,letter,-3.695937633514404
training_3321,B,letter,-0.8209375739097595
training_3321,C,letter,-0.6646875739097595
training_3321,D,letter,-3.930312633514404
training_0600,A,letter,-2.9515888690948486
training_0600,B,letter,-1.623463749885559
training_0600,C,letter,-2.9984638690948486
training_0600,D,letter,-0.3578387796878814
training_1411,A,present,-4.468749856576324
training_1411,B,present,-3.2968749925494194
training_1411,C,present,0.171875
training_1411,D,present,-0.140625
training_2212,A,letter,-0.5767606496810913
training_2212,B,letter,-1.5298856496810913
training_2212,C,letter,-1.6861356496810913
training_2212,D,letter,-3.373635768890381
training_2652,ADBC,perm,1.0
training_2652,A<B,pair,1.9375000149011607
training_2652,A<C,pair,2.53125
training_2652,A<D,pair,1.7343749850988388
training_2652,B<C,pair,1.2968750447034836
training_2652,B<D,pair,0.0625
training_2652,C<D,pair,-0.6562499403953552
training_3323,A,letter,-4.259481906890869
training_3323,B,letter,-3.150107145309448
training_3323,C,letter,-0.1657320857048034
training_3323,D,letter,-2.353232145309448
training_0602,A,letter,-1.870382308959961
training_0602,B,letter,-4.042257308959961
training_0602,C,letter,-0.1985072642564773
training_0602,D,letter,-4.917257308959961
training_1413,A,present,-1.4843749403953552
training_1413,B,present,1.5625000596046448
training_1413,C,present,0.375
training_1413,D,present,-8.984375307831215
training_2214,A,letter,-5.649592876434326
training_2214,B,letter,-0.102718099951744
training_2214,C,letter,-2.4308431148529053
training_2214,D,letter,-5.180842876434326
training_2654,DCBA,perm,1.0
training_2654,A<B,pair,-1.0156250298023224
training_2654,A<C,pair,-2.281249910593033
training_2654,A<D,pair,-0.4375
training_2654,B<C,pair,-0.9062500596046448
training_2654,B<D,pair,-0.03125
training_2654,C<D,pair,1.4062499850988388
training_3325,A,letter,-0.2567364275455475
training_3325,B,letter,-2.475486516952514
training_3325,C,letter,-3.944236516952514
training_3325,D,letter,-2.100486516952514
training_0604,A,letter,-0.0090044615790247
training_0604,B,letter,-7.321504592895508
training_0604,C,letter,-4.884004592895508
training_0604,D,letter,-7.618379592895508
training_1415,A,present,-7.250000004773028
training_1415,B,present,-9.37499988178024
training_1415,C,present,3.0781248919665813
training_1415,D,present,-4.640624866820872
training_2216,A,letter,-0.0305471438914537
training_2216,B,letter,-5.671172142028809
training_2216,C,letter,-4.905547142028809
training_2216,D,letter,-3.9836721420288086
training_2656,DBAC,perm,1.0
training_2656,A<B,pair,-1.9218750596046448
training_2656,A<C,pair,0.09375
training_2656,A<D,pair,-3.1093750037252903
training_2656,B<C,pair,0.9375
training_2656,B<D,pair,-0.5625000596046448
training_2656,C<D,pair,-3.0156249590218067
training_3327,A,letter,-1.730483889579773
training_3327,B,letter,-1.777358889579773
training_3327,C,letter,-0.589858889579773
training_3327,D,letter,-2.3242340087890625
training_0606,A,letter,-3.401097297668457
training_0606,B,letter,-0.6354724168777466
training_0606,C,letter,-2.088597297668457
training_0606,D,letter,-1.1667224168777466
training_1417,A,present,-1.5937500298023224
training_1417,B,present,-0.7656250298023224
training_1417,C,present,-1.8749999552965164
training_1417,D,present,-0.578125
training_2218,A,letter,-2.482656955718994
training_2218,B,letter,-1.951406955718994
training_2218,C,letter,-0.6389068961143494
training_2218,D,letter,-1.404531955718994
training_3329,A,letter,-5.139042377471924
training_3329,B,letter,-5.373417377471924
training_3329,C,letter,-5.764042377471924
training_3329,D,letter,-0.0140425004065036
training_0608,A,letter,-5.024006843566895
training_0608,B,letter,-7.2896318435668945
training_0608,C,letter,-6.899006843566895
training_0608,D,letter,-0.0083819031715393
training_1419,A,present,1.4218749850988388
training_1419,B,present,-3.578125057742
training_1419,C,present,2.281249888241291
training_1419,D,present,0.3125
training_2220,A,letter,-5.389369487762451
training_2220,B,letter,-2.5612447261810303
training_2220,C,letter,-5.061244487762451
training_2220,D,letter,-0.0924946367740631
training_3331,A,letter,-2.4728503227233887
training_3331,B,letter,-2.7384753227233887
training_3331,C,letter,-1.2384752035140991
training_3331,D,letter,-0.5822252035140991
training_0610,A,letter,-5.543076515197754
training_0610,B,letter,-7.605576515197754
training_0610,C,letter,-4.949326515197754
training_0610,D,letter,-0.0118265198543667
training_1421,A,present,2.546874895691872
training_1421,B,present,0.375
training_1421,C,present,-5.015625210478902
training_1421,D,present,2.265625
training_2222,A,letter,-3.1280739307403564
training_2222,B,letter,-0.0499489568173885
training_2222,C,letter,-7.096824169158936
training_2222,D,letter,-5.549949169158936
training_3333,A,letter,-2.3646960258483887
training_3333,B,letter,-0.380321055650711
training_3333,C,letter,-2.7240710258483887
training_3333,D,letter,-1.864696025848389
training_0613,A,letter,-5.731814861297607
training_0613,B,letter,-2.1224398612976074
training_0613,C,letter,-1.4349398612976074
training_0613,D,letter,-0.4505648016929626
training_1424,A,present,-6.375000227359124
training_1424,B,present,-8.609374665058567
training_1424,C,present,-5.343749964609742
training_1424,D,present,-0.171875
training_2225,A,letter,-0.0687598288059234
training_2225,B,letter,-3.58438491821289
training_2225,C,letter,-3.44375991821289
training_2225,D,letter,-5.115634918212891
training_3336,A,letter,-0.009287723340094
training_3336,B,letter,-6.1967878341674805
training_3336,C,letter,-5.3686628341674805
training_3336,D,letter,-6.0405378341674805
training_0615,A,letter,-4.0190253257751465
training_0615,B,letter,-3.9096503257751465
training_0615,C,letter,-2.0034003257751465
training_0615,D,letter,-0.1909002512693405
training_1426,A,present,-0.03125
training_1426,B,present,0.453125
training_1426,C,present,-4.171875176951289
training_1426,D,present,-5.171874907333404
training_2227,A,letter,-4.558652400970459
training_2227,B,letter,-3.01177716255188
training_2227,C,letter,-0.0742772594094276
training_2227,D,letter,-4.480527400970459
training_2658,DBCA,perm,1.0
training_2658,A<B,pair,-0.6250000596046448
training_2658,A<C,pair,-1.125
training_2658,A<D,pair,-1.421875
training_2658,B<C,pair,-0.203125
training_2658,B<D,pair,-0.203125
training_2658,C<D,pair,0.0625
training_3338,A,letter,-1.851046562194824
training_3338,B,letter,-0.2572965621948242
training_3338,C,letter,-3.413546562194824
training_3338,D,letter,-3.335421562194824
training_0618,A,letter,-4.642178058624268
training_0618,B,letter,-0.0171779654920101
training_0618,C,letter,-5.939053058624268
training_0618,D,letter,-5.517178058624268
training_1429,A,present,-1.8281250298023224
training_1429,B,present,-1.34375
training_1429,C,present,-5.390624979976565
training_1429,D,present,-2.734375044703484
training_2230,A,letter,-0.3033532202243805
training_2230,B,letter,-5.240853309631348
training_2230,C,letter,-3.678353309631348
training_2230,D,letter,-1.490853190422058
training_3341,A,letter,-0.6960545182228088
training_3341,B,letter,-1.711679458618164
training_3341,C,letter,-1.430429458618164
training_3341,D,letter,-2.524179458618164
training_0620,A,letter,-0.1855927109718322
training_0620,B,letter,-3.4355926513671875
training_0620,C,letter,-2.4668426513671875
training_0620,D,letter,-2.9824676513671875
training_1431,A,present,-4.875000149011612
training_1431,B,present,-1.7968749552965164
training_1431,C,present,-2.3437499925494194
training_1431,D,present,-2.984374921768904
training_2232,A,letter,-3.5254063606262207
training_2232,B,letter,-0.5566563606262207
training_2232,C,letter,-1.0254063606262207
training_2232,D,letter,-3.2754063606262207
training_3343,A,letter,-3.3510398864746094
training_3343,B,letter,-4.085414886474609
training_3343,C,letter,-1.819790005683899
training_3343,D,letter,-0.2416649907827377
training_0622,A,letter,-0.1224834397435188
training_0622,B,letter,-4.716233253479004
training_0622,C,letter,-2.294358491897583
training_0622,D,letter,-5.450608253479004
training_1433,A,present,-5.125000191386789
training_1433,B,present,-8.187499600520823
training_1433,C,present,-1.3281250447034836
training_1433,D,present,-1.5156249403953552
training_2234,A,letter,-2.9980661869049072
training_2234,B,letter,-1.9355661869049072
training_2234,C,letter,-0.7480661869049072
training_2234,D,letter,-1.1074411869049072
training_3345,A,letter,-1.35552978515625
training_3345,B,letter,-0.60552978515625
training_3345,C,letter,-3.48052978515625
training_3345,D,letter,-1.80865478515625
training_0624,A,letter,-3.3146398067474365
training_0624,B,letter,-1.8771398067474363
training_0624,C,letter,-3.1740148067474365
training_0624,D,letter,-0.2677647471427917
training_1435,A,present,-4.874999945983291
training_1435,B,present,-8.562499667139491
training_1435,C,present,1.8593751043081284
training_1435,D,present,-0.171875
training_2236,A,letter,-7.470454692840576
training_2236,B,letter,-9.486080169677734
training_2236,C,letter,-0.0017047885339707
training_2236,D,letter,-6.923579692840576
training_3347,A,letter,-2.7592766284942627
training_3347,B,letter,-1.6342766284942627
training_3347,C,letter,-0.4155266880989074
training_3347,D,letter,-2.5249016284942627
training_0626,A,letter,-2.029433012008667
training_0626,B,letter,-2.060683012008667
training_0626,C,letter,-0.3575579524040222
training_0626,D,letter,-3.216933012008667
training_1437,A,present,-0.25
training_1437,B,present,-3.375000044703484
training_1437,C,present,-3.265624932944774
training_1437,D,present,-5.234374803956598
training_2238,A,letter,-0.3185214400291443
training_2238,B,letter,-4.568521499633789
training_2238,C,letter,-1.771646499633789
training_2238,D,letter,-2.396646499633789
training_3349,A,letter,-3.005551338195801
training_3349,B,letter,-0.6774263381958008
training_3349,C,letter,-2.443051338195801
training_3349,D,letter,-1.0368013381958008
training_0632,A,letter,-0.8535337448120117
training_0632,B,letter,-0.9941587448120116
training_0632,C,letter,-2.572283744812012
training_0632,D,letter,-2.087908744812012
training_1443,A,present,-5.01562506519258
training_1443,B,present,-1.7968750596046448
training_1443,C,present,-0.765625
training_1443,D,present,0.7187500298023224
training_2244,A,letter,-3.371413230895996
training_2244,B,letter,-0.9807882905006408
training_2244,C,letter,-0.6214132905006409
training_2244,D,letter,-2.949538230895996
training_2660,DABC,perm,1.0
training_2660,A<B,pair,0.0625
training_2660,A<C,pair,3.218749895691872
training_2660,A<D,pair,0.5937499403953552
training_2660,B<C,pair,2.7968748919665813
training_2660,B<D,pair,0.484375
training_2660,C<D,pair,-2.9218750782310963
training_3355,A,letter,-3.741525888442993
training_3355,B,letter,-1.4134008884429932
training_3355,C,letter,-1.4290258884429932
training_3355,D,letter,-0.7102758288383484
training_0634,A,letter,-2.7611093521118164
training_0634,B,letter,-0.1048592925071716
training_0634,C,letter,-4.620484352111816
training_0634,D,letter,-3.651734352111816
training_1445,A,present,-2.6406251043081284
training_1445,B,present,1.2343750298023224
training_1445,C,present,-0.375
training_1445,D,present,-4.437499793246388
training_2246,A,letter,-1.1529927253723145
training_2246,B,letter,-0.9967427253723145
training_2246,C,letter,-2.3717427253723145
training_2246,D,letter,-1.5123677253723145
training_2662,ABDC,perm,1.0
training_2662,A<B,pair,0.4375
training_2662,A<C,pair,2.546875044703484
training_2662,A<D,pair,1.8593751192092896
training_2662,B<C,pair,2.0156251043081284
training_2662,B<D,pair,0.3125
training_2662,C<D,pair,-1.3906250298023224
training_3357,A,letter,-3.659679412841797
training_3357,B,letter,-0.6596795320510864
training_3357,C,letter,-1.6753045320510864
training_3357,D,letter,-1.3159295320510864
training_0636,A,letter,-5.884059429168701
training_0636,B,letter,-5.790309429168701
training_0636,C,letter,-1.2746845483779907
training_0636,D,letter,-0.3371845781803131
training_1447,A,present,-3.781250024214387
training_1447,B,present,-6.249999980442226
training_1447,C,present,-5.718750015599653
training_1447,D,present,-0.796875
training_2248,A,letter,-4.2628493309021
training_2248,B,letter,-1.3253493309020996
training_2248,C,letter,-3.4972243309021
training_2248,D,letter,-0.372224360704422
training_3359,A,letter,-0.0382643677294254
training_3359,B,letter,-4.647639274597168
training_3359,C,letter,-4.397639274597168
training_3359,D,letter,-4.194514274597168
training_0638,A,letter,-0.1761884838342666
training_0638,B,letter,-2.848063468933105
training_0638,C,letter,-2.676188468933105
training_0638,D,letter,-3.410563468933105
training_1449,A,present,-0.5625000298023224
training_1449,B,present,-0.3125
training_1449,C,present,-3.734375108033418
training_1449,D,present,-4.749999781139195
training_2250,A,letter,-0.7995295524597168
training_2250,B,letter,-1.9714045524597168
training_2250,C,letter,-3.315154552459717
training_2250,D,letter,-0.9870295524597168
training_2663,ABDC,perm,1.0
training_2663,A<B,pair,1.28125
training_2663,A<C,pair,1.6718750149011612
training_2663,A<D,pair,1.7500000149011612
training_2663,B<C,pair,1.7500000149011612
training_2663,B<D,pair,1.21875
training_2663,C<D,pair,-0.125
training_3361,A,letter,-3.292374610900879
training_3361,B,letter,-0.8079996109008789
training_3361,C,letter,-0.8392496109008789
training_3361,D,letter,-2.479874610900879
training_0640,A,letter,-1.5771844387054443
training_0640,B,letter,-0.3115594983100891
training_0640,C,letter,-2.9990594387054443
training_0640,D,letter,-4.624059677124023
training_1451,A,present,-2.781249944120645
training_1451,B,present,-2.046874947845936
training_1451,C,present,-4.5937500493600965
training_1451,D,present,-0.8281250596046448
training_2252,A,letter,-1.493023157119751
training_2252,B,letter,-0.9617730975151062
training_2252,C,letter,-1.602398157119751
training_2252,D,letter,-1.664898157119751
training_2665,BCDA,perm,1.0
training_2665,A<B,pair,-1.7656250298023224
training_2665,A<C,pair,-0.4531249701976776
training_2665,A<D,pair,0.9687500596046448
training_2665,B<C,pair,1.234375
training_2665,B<D,pair,2.2343749403953552
training_2665,C<D,pair,1.9843749105930328
training_3363,A,letter,-3.1538186073303223
training_3363,B,letter,-3.872568607330322
training_3363,C,letter,-0.528818666934967
training_3363,D,letter,-1.0600686073303225
training_0644,A,letter,-0.7671889066696167
training_0644,B,letter,-0.9234389066696168
training_0644,C,letter,-4.782814025878906
training_0644,D,letter,-2.0484390258789062
training_1455,A,present,-5.109374789986759
training_1455,B,present,-3.156249899417162
training_1455,C,present,1.3750000447034836
training_1455,D,present,-0.7499999701976776
training_2256,A,letter,-6.909626007080078
training_2256,B,letter,-6.972126007080078
training_2256,C,letter,-0.0033760238438844
training_2256,D,letter,-6.612751007080078
training_3367,A,letter,-2.4986517429351807
training_3367,B,letter,-1.5299017429351809
training_3367,C,letter,-0.5924016833305359
training_3367,D,letter,-1.9205267429351809
training_0646,A,letter,-2.370560646057129
training_0646,B,letter,-1.917435646057129
training_0646,C,letter,-3.354935646057129
training_0646,D,letter,-0.3236856460571289
training_1457,A,present,-1.3437500298023224
training_1457,B,present,-3.3906250670552254
training_1457,C,present,-5.57812523515895
training_1457,D,present,-2.562500037252903
training_2258,A,letter,-2.4981026649475098
training_2258,B,letter,-1.8418526649475095
training_2258,C,letter,-3.0449776649475098
training_2258,D,letter,-0.3418526947498321
training_3369,A,letter,-0.5542173385620117
training_3369,B,letter,-2.491717338562012
training_3369,C,letter,-1.1479673385620115
training_3369,D,letter,-3.757342338562012
training_0649,A,letter,-6.093766689300537
training_0649,B,letter,-0.0156415067613124
training_0649,C,letter,-6.500016689300537
training_0649,D,letter,-4.484391689300537
training_1460,A,present,-0.578125
training_1460,B,present,0.21875
training_1460,C,present,-1.2187500596046448
training_1460,D,present,-2.7343749925494194
training_2261,A,letter,-2.0215084552764893
training_2261,B,letter,-0.3496333956718445
training_2261,C,letter,-4.69338321685791
training_2261,D,letter,-1.8808834552764893
training_3372,A,letter,-1.726588010787964
training_3372,B,letter,-3.054713010787964
training_3372,C,letter,-2.195338010787964
training_3372,D,letter,-0.4140879809856415
training_0651,A,letter,-1.6592036485671997
training_0651,B,letter,-3.1748287677764893
training_0651,C,letter,-4.25295352935791
training_0651,D,letter,-0.2842036783695221
training_1462,A,present,-4.468750166706741
training_1462,B,present,-1.7031250149011612
training_1462,C,present,-0.5625
training_1462,D,present,-3.2187499925494194
training_2263,A,letter,-2.8359293937683105
training_2263,B,letter,-2.9140543937683105
training_2263,C,letter,-0.2890544533729553
training_2263,D,letter,-1.9921793937683103
training_2670,ADBC,perm,1.0
training_2670,A<B,pair,2.9062499403953552
training_2670,A<C,pair,2.4062501043081284
training_2670,A<D,pair,2.8281250037252903
training_2670,B<C,pair,-0.328125
training_2670,B<D,pair,-0.234375
training_2670,C<D,pair,-0.328125
training_3374,A,letter,-2.598087787628174
training_3374,B,letter,-1.4887126684188845
training_3374,C,letter,-2.098087787628174
training_3374,D,letter,-0.5512126684188843
training_0653,A,letter,-0.0053353775292634
training_0653,B,letter,-9.020960807800291
training_0653,C,letter,-7.333460330963135
training_0653,D,letter,-5.411585330963135
training_1464,A,present,-3.3437499590218067
training_1464,B,present,-4.95312485890463
training_1464,C,present,0.4375
training_1464,D,present,-6.859374953084625
training_2265,A,letter,-0.0150397419929504
training_2265,B,letter,-4.702539920806885
training_2265,C,letter,-5.483789920806885
training_2265,D,letter,-6.515039920806885
training_3376,A,letter,-2.1987667083740234
training_3376,B,letter,-0.4018915891647339
training_3376,C,letter,-2.8393917083740234
training_3376,D,letter,-1.8393915891647337
training_0657,A,letter,-0.4102609753608703
training_0657,B,letter,-2.1133859157562256
training_0657,C,letter,-1.5977609157562256
training_0657,D,letter,-4.410261154174805
training_1468,A,present,-3.4062500186264515
training_1468,B,present,-0.515625
training_1468,C,present,-0.5937499701976776
training_1468,D,present,-2.0468750596046448
training_2269,A,letter,-3.272949695587158
training_2269,B,letter,-2.382324695587158
training_2269,C,letter,-0.2104496508836746
training_2269,D,letter,-2.835449695587158
training_3380,A,letter,-3.498075008392334
training_3380,B,letter,-1.716825008392334
training_3380,C,letter,-0.5762000679969788
training_3380,D,letter,-1.482450008392334
training_0659,A,letter,-4.829704284667969
training_0659,B,letter,-0.5172045230865479
training_0659,C,letter,-0.939079523086548
training_0659,D,letter,-5.829704284667969
training_1470,A,present,1.0937499701976776
training_1470,B,present,-2.718749947845936
training_1470,C,present,-0.53125
training_1470,D,present,-1.7187499850988388
training_2271,A,letter,-0.1416863799095153
training_2271,B,letter,-4.53231143951416
training_2271,C,letter,-2.32918643951416
training_2271,D,letter,-3.76668643951416
training_3382,A,letter,-2.4472756385803223
training_3382,B,letter,-0.3847757279872894
training_3382,C,letter,-1.6347757577896118
training_3382,D,letter,-3.3066506385803223
training_0663,A,letter,-2.589544773101806
training_0663,B,letter,-4.777044773101807
training_0663,C,letter,-1.7770447731018066
training_0663,D,letter,-0.2926698327064514
training_1474,A,present,-7.781249839696102
training_1474,B,present,-6.84374979545828
training_1474,C,present,0.8593750596046448
training_1474,D,present,-3.328124895691872
training_2275,A,letter,-7.266566753387451
training_2275,B,letter,-5.594691753387451
training_2275,C,letter,-3.610316753387451
training_2275,D,letter,-0.0321917980909347
training_3386,A,letter,-0.4073149561882019
training_3386,B,letter,-2.0791900157928467
training_3386,C,letter,-2.0010650157928467
training_3386,D,letter,-2.6104400157928467
training_0665,A,letter,-0.0249340031296014
training_0665,B,letter,-6.149933815002441
training_0665,C,letter,-5.399933815002441
training_0665,D,letter,-4.056183815002441
training_1476,A,present,-3.921875085681677
training_1476,B,present,-1.9999999850988388
training_1476,C,present,-3.2968749552965164
training_1476,D,present,-9.765624652107364
training_2277,A,letter,-9.439517974853516
training_2277,B,letter,-9.002017974853516
training_2277,C,letter,-0.0176428239792585
training_2277,D,letter,-4.064517974853516
training_3388,A,letter,-1.0420446395874023
training_3388,B,letter,-5.213919639587402
training_3388,C,letter,-3.4482946395874023
training_3388,D,letter,-0.4951696991920471
training_0667,A,letter,-0.1329847127199173
training_0667,B,letter,-2.5392346382141118
training_0667,C,letter,-5.195484638214111
training_0667,D,letter,-3.2423596382141118
training_1478,A,present,1.0156249701976776
training_1478,B,present,-6.312499795109034
training_1478,C,present,-3.921875050291419
training_1478,D,present,1.9218749701976776
training_2279,A,letter,-0.1052985489368438
training_2279,B,letter,-5.3709235191345215
training_2279,C,letter,-4.9802985191345215
training_2279,D,letter,-2.433423519134521
training_2672,ADBC,perm,1.0
training_2672,A<B,pair,2.578124895691872
training_2672,A<C,pair,4.359375177882612
training_2672,A<D,pair,3.375000014901161
training_2672,B<C,pair,2.187500022351742
training_2672,B<D,pair,1.125
training_2672,C<D,pair,-2.156249977648258
training_3390,A,letter,-1.7253962755203247
training_3390,B,letter,-3.803521156311035
training_3390,C,letter,-0.5378962755203247
training_3390,D,letter,-1.5378962755203247
training_0670,A,letter,-0.5605183243751526
training_0670,B,letter,-4.732393264770508
training_0670,C,letter,-0.9042683243751526
training_0670,D,letter,-4.279268264770508
training_1481,A,present,-2.6406249925494194
training_1481,B,present,-5.312499826774001
training_1481,C,present,-6.296875023515895
training_1481,D,present,-3.234375085681677
training_2282,A,letter,-2.5260462760925293
training_2282,B,letter,-1.5885463953018188
training_2282,C,letter,-2.2604212760925293
training_2282,D,letter,-0.4947963953018188
training_2675,DACB,perm,1.0
training_2675,A<B,pair,-0.0625
training_2675,A<C,pair,-1.015625
training_2675,A<D,pair,-1.0937500298023224
training_2675,B<C,pair,-0.5937499701976776
training_2675,B<D,pair,-1.4375
training_2675,C<D,pair,-0.140625
training_3393,A,letter,-1.0573393106460571
training_3393,B,letter,-0.6042143106460571
training_3393,C,letter,-2.838589191436768
training_3393,D,letter,-3.088589191436768
training_0672,A,letter,-4.997940540313721
training_0672,B,letter,-2.5604405403137207
training_0672,C,letter,-0.091690644621849
training_0672,D,letter,-5.857315540313721
training_1483,A,present,-5.843749787192792
training_1483,B,present,-1.515625
training_1483,C,present,-5.421874876599759
training_1483,D,present,-7.609374919673428
training_2284,A,letter,-2.0022969245910645
training_2284,B,letter,-4.9554219245910645
training_2284,C,letter,-5.5022969245910645
training_2284,D,letter,-0.1585469394922256
training_2677,ABCD,perm,1.0
training_2677,A<B,pair,-1.0468750596046448
training_2677,A<C,pair,1.3437500149011612
training_2677,A<D,pair,1.1250000298023224
training_2677,B<C,pair,1.5156250447034836
training_2677,B<D,pair,1.3437499850988388
training_2677,C<D,pair,0.203125
training_3395,A,letter,-1.823361158370972
training_3395,B,letter,-2.557736158370972
training_3395,C,letter,-0.8858612179756165
training_3395,D,letter,-1.0577361583709717
training_0674,A,letter,-9.37840747833252
training_0674,B,letter,-0.0034076261799782
training_0674,C,letter,-5.76903247833252
training_0674,D,letter,-8.97215747833252
training_1485,A,present,-3.343749932944774
training_1485,B,present,-5.031250124797225
training_1485,C,present,-4.187499883584678
training_1485,D,present,-5.906249860301614
training_2286,A,letter,-0.3018358051776886
training_2286,B,letter,-1.3799607753753662
training_2286,C,letter,-6.645586013793945
training_2286,D,letter,-5.004961013793945
training_2679,BADC,perm,1.0
training_2679,A<B,pair,-2.4375000670552254
training_2679,A<C,pair,0.8125000298023224
training_2679,A<D,pair,0.6718750298023224
training_2679,B<C,pair,3.671874921768904
training_2679,B<D,pair,3.9531251154839993
training_2679,C<D,pair,-0.265625
training_3397,A,letter,-1.2183376550674438
training_3397,B,letter,-0.5933376550674438
training_3397,C,letter,-2.7808375358581543
training_3397,D,letter,-2.4370875358581543
training_0676,A,letter,-0.0074200038798153
training_0676,B,letter,-5.538670063018799
training_0676,C,letter,-6.616795063018799
training_0676,D,letter,-6.304295063018799
training_1487,A,present,-1.2812500149011612
training_1487,B,present,-7.5156249549472705
training_1487,C,present,-8.734374916733941
training_1487,D,present,-1.2500000298023224
training_2288,A,letter,-2.354517698287964
training_2288,B,letter,-0.1357678025960922
training_2288,C,letter,-3.870142698287964
training_2288,D,letter,-4.557642936706543
training_3399,A,letter,-1.5693777799606323
training_3399,B,letter,-0.3662527501583099
training_3399,C,letter,-3.1631276607513428
training_3399,D,letter,-3.0225026607513428
training_0678,A,letter,-5.753429412841797
training_0678,B,letter,-0.1128042414784431
training_0678,C,letter,-3.1753041744232178
training_0678,D,letter,-2.8003041744232178
training_1489,A,present,-1.3749999850988388
training_1489,B,present,0.28125
training_1489,C,present,-4.515624959021807
training_1489,D,present,-1.453125
training_2290,A,letter,-2.6264891624450684
training_2290,B,letter,-0.2358641326427459
training_2290,C,letter,-3.3139891624450684
training_2290,D,letter,-2.2983641624450684
training_3401,A,letter,-3.1339151859283447
training_3401,B,letter,-1.8839151859283447
training_3401,C,letter,-1.6964151859283447
training_3401,D,letter,-0.4776652455329895
training_0680,A,letter,-5.580687999725342
training_0680,B,letter,-6.299437999725342
training_0680,C,letter,-2.1744377613067627
training_0680,D,letter,-0.1275627762079239
training_1491,A,present,0.3125
training_1491,B,present,-2.3437499925494194
training_1491,C,present,-6.2656251192092896
training_1491,D,present,2.015625089406967
training_2292,A,letter,-5.539073944091797
training_2292,B,letter,-2.6953237056732178
training_2292,C,letter,-4.554698944091797
training_2292,D,letter,-0.0859487950801849
training_3403,A,letter,-1.989604353904724
training_3403,B,letter,-2.1302292346954346
training_3403,C,letter,-2.0364792346954346
training_3403,D,letter,-0.4896043241024017
training_0682,A,letter,-5.180734634399414
training_0682,B,letter,-3.258859634399414
training_0682,C,letter,-1.336984634399414
training_0682,D,letter,-0.3682345747947693
training_1493,A,present,-0.359375
training_1493,B,present,-5.812499765306711
training_1493,C,present,-4.484375070780516
training_1493,D,present,-2.1406249552965164
training_2294,A,letter,-3.906519889831543
training_2294,B,letter,-7.031519889831543
training_2294,C,letter,-0.0627699941396713
training_2294,D,letter,-3.234644889831543
training_3405,A,letter,-2.265108108520508
training_3405,B,letter,-0.1401079893112182
training_3405,C,letter,-4.546358108520508
training_3405,D,letter,-4.218233108520508
training_0686,A,letter,-5.008662700653076
training_0686,B,letter,-6.977412700653076
training_0686,C,letter,-0.0086628589779138
training_0686,D,letter,-7.055537700653076
training_1497,A,present,-6.1718748193234205
training_1497,B,present,1.2968749552965164
training_1497,C,present,-3.7343750037252894
training_1497,D,present,-2.906249962747097
training_2298,A,letter,-3.327637195587158
training_2298,B,letter,-0.3901371955871582
training_2298,C,letter,-1.4526371955871582
training_2298,D,letter,-2.952637195587158
training_3409,A,letter,-0.8393944501876831
training_3409,B,letter,-2.3237695693969727
training_3409,C,letter,-0.8081444501876831
training_3409,D,letter,-3.7456445693969727
training_0688,A,letter,-6.502847194671631
training_0688,B,letter,-0.1278471052646637
training_0688,C,letter,-6.049722194671631
training_0688,D,letter,-2.159097194671631
training_1499,A,present,-4.531250122003257
training_1499,B,present,-1.0468749701976776
training_1499,C,present,-2.6093751192092896
training_1499,D,present,-3.953124986961484
training_2300,A,letter,-1.1422524452209473
training_2300,B,letter,-2.8766274452209477
training_2300,C,letter,-2.2516274452209477
training_2300,D,letter,-0.657877504825592
training_3411,A,letter,-4.9526214599609375
training_3411,B,letter,-2.2338712215423584
training_3411,C,letter,-0.1244962513446807
training_3411,D,letter,-6.1244964599609375
training_0691,A,letter,-2.836805820465088
training_0691,B,letter,-3.289930820465088
training_0691,C,letter,-1.555555820465088
training_0691,D,letter,-0.3680558204650879
training_1502,A,present,-5.031249999068677
training_1502,B,present,-2.6406250596046448
training_1502,C,present,-2.640625074505806
training_1502,D,present,-2.4687501043081284
training_2303,A,letter,-1.915961503982544
training_2303,B,letter,-5.478461265563965
training_2303,C,letter,-2.962836503982544
training_2303,D,letter,-0.2284614741802215
training_3414,A,letter,-3.393617868423462
training_3414,B,letter,-0.0967429354786872
training_3414,C,letter,-4.784243106842041
training_3414,D,letter,-3.002992868423462
training_0693,A,letter,-0.5157157182693481
training_0693,B,letter,-2.3907155990600586
training_0693,C,letter,-3.5782155990600586
training_0693,D,letter,-1.265715718269348
training_1504,A,present,-0.578125
training_1504,B,present,-1.5468750149011612
training_1504,C,present,-3.7812500093132257
training_1504,D,present,-5.078125185798854
training_2305,A,letter,-5.168288230895996
training_2305,B,letter,-6.762038230895996
training_2305,C,letter,-0.8245384693145752
training_2305,D,letter,-0.5901634693145752
training_3416,A,letter,-0.4668914079666137
training_3416,B,letter,-4.732516288757324
training_3416,C,letter,-1.9200164079666135
training_3416,D,letter,-1.5293914079666138
training_0695,A,letter,-2.303792953491211
training_0695,B,letter,-5.647542953491211
training_0695,C,letter,-0.1162930279970169
training_0695,D,letter,-5.178792953491211
training_1506,A,present,-7.265625169617124
training_1506,B,present,1.5156249403953552
training_1506,C,present,-4.265625092200935
training_1506,D,present,-3.999999979510904
training_2307,A,letter,-0.9375569224357604
training_2307,B,letter,-5.171931743621826
training_2307,C,letter,-4.234431743621826
training_2307,D,letter,-0.5313069224357605
training_3418,A,letter,-2.340268135070801
training_3418,B,letter,-3.621518135070801
training_3418,C,letter,-0.1371432542800903
training_3418,D,letter,-5.371518135070801
training_0698,A,letter,-5.01084041595459
training_0698,B,letter,-6.16709041595459
training_0698,C,letter,-0.010840218514204
training_0698,D,letter,-6.37021541595459
training_1509,A,present,-2.140625044703484
training_1509,B,present,-3.6093749701976776
training_1509,C,present,-5.249999822117388
training_1509,D,present,-1.9375000298023224
training_2310,A,letter,-2.46986985206604
training_2310,B,letter,-1.79799485206604
training_2310,C,letter,-2.01674485206604
training_2310,D,letter,-0.4854949116706848
training_2683,CDAB,perm,1.0
training_2683,A<B,pair,0.7187500596046448
training_2683,A<C,pair,-3.640625096857548
training_2683,A<D,pair,-2.546875096857548
training_2683,B<C,pair,-3.5468749459832907
training_2683,B<D,pair,-2.343749888241291
training_2683,C<D,pair,1.0000000298023224
training_3421,A,letter,-1.864224314689636
training_3421,B,letter,-2.6142241954803467
training_3421,C,letter,-0.3017242848873138
training_3421,D,letter,-3.4579741954803467
training_0702,A,letter,-2.2364211082458496
training_0702,B,letter,-2.5020461082458496
training_0702,C,letter,-2.6895461082458496
training_0702,D,letter,-0.29892098903656
training_1513,A,present,-4.281249921768904
training_1513,B,present,-0.7656250596046448
training_1513,C,present,-2.3437499925494194
training_1513,D,present,-4.125000219792128
training_2314,A,letter,-2.120389461517334
training_2314,B,letter,-3.886014461517334
training_2314,C,letter,-0.8703893423080444
training_2314,D,letter,-0.8235143423080444
training_2684,ACBD,perm,1.0
training_2684,A<B,pair,0.5
training_2684,A<C,pair,1.5781250596046448
training_2684,A<D,pair,2.5468750074505806
training_2684,B<C,pair,0.5312499701976776
training_2684,B<D,pair,1.828125044703484
training_2684,C<D,pair,1.3281249850988388
training_3425,A,letter,-3.5198206901550293
training_3425,B,letter,-3.3948206901550293
training_3425,C,letter,-2.6448206901550293
training_3425,D,letter,-0.1448207795619964
training_0704,A,letter,-1.5637283325195312
training_0704,B,letter,-6.438728332519531
training_0704,C,letter,-1.4074783325195312
training_0704,D,letter,-0.6106032729148865
training_1515,A,present,-1.4218749403953552
training_1515,B,present,-5.031249912455678
training_1515,C,present,-0.7031250298023224
training_1515,D,present,-1.1718749701976776
training_2316,A,letter,-3.9080560207366943
training_2316,B,letter,-0.4393059909343719
training_2316,C,letter,-1.4705560207366943
training_2316,D,letter,-2.2674310207366943
training_2686,CADB,perm,1.0
training_2686,A<B,pair,0.9999999701976776
training_2686,A<C,pair,-0.21875
training_2686,A<D,pair,0.3125
training_2686,B<C,pair,-1.6874999701976776
training_2686,B<D,pair,-0.9531249701976776
training_2686,C<D,pair,1.3125000298023224
training_3427,A,letter,-4.145606994628906
training_3427,B,letter,-0.7862321734428406
training_3427,C,letter,-0.6768571734428406
training_3427,D,letter,-3.942482233047485
training_0708,A,letter,-2.3230140209198
training_0708,B,letter,-3.9792640209198
training_0708,C,letter,-0.1667640954256057
training_0708,D,letter,-3.3230140209198
training_1519,A,present,-1.9218749403953552
training_1519,B,present,-4.187500120140612
training_1519,C,present,-1.3281249701976776
training_1519,D,present,-4.9374998663552105
training_2320,A,letter,-1.3440368175506592
training_2320,B,letter,-2.234661817550659
training_2320,C,letter,-0.9065368175506592
training_2320,D,letter,-1.4846618175506592
training_2687,ADBC,perm,1.0
training_2687,A<B,pair,0.1875
training_2687,A<C,pair,1.7499999850988388
training_2687,A<D,pair,-1.0937499403953552
training_2687,B<C,pair,2.640624888241291
training_2687,B<D,pair,-0.1875
training_2687,C<D,pair,-2.3437500819563866
training_3431,A,letter,-4.926494121551514
training_3431,B,letter,-2.9421193599700928
training_3431,C,letter,-0.0671193227171897
training_3431,D,letter,-5.426494121551514
training_0710,A,letter,-2.8930704593658447
training_0710,B,letter,-3.7836954593658447
training_0710,C,letter,-0.1274454593658447
training_0710,D,letter,-3.2055704593658447
training_1521,A,present,0.0625
training_1521,B,present,-3.749999981373549
training_1521,C,present,-1.2187499701976776
training_1521,D,present,-1.8125000596046448
training_2322,A,letter,-2.868302822113037
training_2322,B,letter,-2.649552822113037
training_2322,C,letter,-1.5089277029037476
training_2322,D,letter,-0.4308027029037475
training_2689,ADBC,perm,1.0
training_2689,A<B,pair,0.015625
training_2689,A<C,pair,1.5312499552965164
training_2689,A<D,pair,-0.359375
training_2689,B<C,pair,2.734375074505806
training_2689,B<D,pair,0.359375
training_2689,C<D,pair,-1.4062500596046448
training_3433,A,letter,-0.7771055698394775
training_3433,B,letter,-2.948980569839477
training_3433,C,letter,-3.183355569839477
training_3433,D,letter,-0.8083555698394775
training_0716,A,letter,-4.421494483947754
training_0716,B,letter,-7.968369483947754
training_0716,C,letter,-0.0152442837134003
training_0716,D,letter,-6.015244483947754
training_1527,A,present,0.7031250298023224
training_1527,B,present,-4.703124867752194
training_1527,C,present,-2.3124999552965164
training_1527,D,present,2.093750089406967
training_2328,A,letter,-8.04801082611084
training_2328,B,letter,-7.876136302947998
training_2328,C,letter,-0.0011362532386556
training_2328,D,letter,-7.876136302947998
training_3439,A,letter,-2.6126697063446045
training_3439,B,letter,-0.6751696467399597
training_3439,C,letter,-0.8939196467399597
training_3439,D,letter,-5.018919467926025
training_0718,A,letter,-6.392557621002197
training_0718,B,letter,-5.673807621002197
training_0718,C,letter,-1.1113078594207764
training_0718,D,letter,-0.4081827998161316
training_1529,A,present,-3.296875093132257
training_1529,B,present,-0.9375
training_1529,C,present,-0.03125
training_1529,D,present,0.296875
training_2330,A,letter,-2.9490296840667725
training_2330,B,letter,-4.011529922485352
training_2330,C,letter,-2.1052796840667725
training_2330,D,letter,-0.214654728770256
training_3441,A,letter,-1.982445478439331
training_3441,B,letter,-1.013695478439331
training_3441,C,letter,-2.498070478439331
training_3441,D,letter,-0.888695478439331
training_0720,A,letter,-2.9996159076690674
training_0720,B,letter,-2.7183659076690674
training_0720,C,letter,-7.2339911460876465
training_0720,D,letter,-0.1246159225702285
training_1531,A,present,-5.29687494924292
training_1531,B,present,-2.9218750335276127
training_1531,C,present,-1.1406249403953552
training_1531,D,present,-4.6562498807907104
training_2332,A,letter,-0.104903943836689
training_2332,B,letter,-2.4799039363861084
training_2332,C,letter,-6.886154174804688
training_2332,D,letter,-4.245529174804688
training_3443,A,letter,-1.4493882656097412
training_3443,B,letter,-2.746263265609741
training_3443,C,letter,-4.543138027191162
training_3443,D,letter,-0.3712632358074188
training_0724,A,letter,-0.95684552192688
training_0724,B,letter,-7.706845283508301
training_0724,C,letter,-0.4880955219268799
training_0724,D,letter,-6.722470283508301
training_1535,A,present,-5.218749776948243
training_1535,B,present,-8.98437514991383
training_1535,C,present,-0.25
training_1535,D,present,2.4218750670552254
training_2336,A,letter,-1.92702317237854
training_2336,B,letter,-5.567647933959961
training_2336,C,letter,-0.6926481127738953
training_2336,D,letter,-1.05202317237854
training_3447,A,letter,-1.4808909893035889
training_3447,B,letter,-0.3558910191059112
training_3447,C,letter,-3.668390989303589
training_3447,D,letter,-3.090265989303589
training_0728,A,letter,-2.917370319366455
training_0728,B,letter,-4.261120319366455
training_0728,C,letter,-0.0736204087734222
training_0728,D,letter,-6.370495319366455
training_1539,A,present,0.5624999403953552
training_1539,B,present,-1.53125
training_1539,C,present,-3.93750006519258
training_1539,D,present,-3.3281250819563866
training_2340,A,letter,-2.0078015327453613
training_2340,B,letter,-3.617176532745361
training_2340,C,letter,-0.1953014433383941
training_2340,D,letter,-4.195301532745361
training_3451,A,letter,-0.6824164986610413
training_3451,B,letter,-1.8230414390563965
training_3451,C,letter,-1.3699164390563965
training_3451,D,letter,-2.5574164390563965
training_0731,A,letter,-0.0715640261769294
training_0731,B,letter,-4.352814197540283
training_0731,C,letter,-3.071563959121704
training_0731,D,letter,-4.727814197540283
training_1542,A,present,-4.546874822117388
training_1542,B,present,-3.625
training_1542,C,present,0.3125
training_1542,D,present,-2.5312499701976776
training_3454,A,letter,-2.597747802734375
training_3454,B,letter,-0.5977477431297302
training_3454,C,letter,-1.191497802734375
training_3454,D,letter,-2.660247802734375
training_0733,A,letter,-5.364334583282471
training_0733,B,letter,-3.723709583282471
training_0733,C,letter,-3.848709583282471
training_0733,D,letter,-0.0518346242606639
training_1544,A,present,-1.0625
training_1544,B,present,1.125
training_1544,C,present,-3.8124999664723873
training_1544,D,present,-1.9687499850988388
training_2342,A,letter,-3.4458553791046143
training_2342,B,letter,-0.1333554536104202
training_2342,C,letter,-2.7114803791046143
training_2342,D,letter,-3.6489803791046143
training_2691,CDBA,perm,1.0
training_2691,A<B,pair,1.4062499552965164
training_2691,A<C,pair,0.546875
training_2691,A<D,pair,3.718750072643161
training_2691,B<C,pair,-1.7343749850988388
training_2691,B<D,pair,2.843750111758709
training_2691,C<D,pair,3.624999936670065
training_3456,A,letter,-2.84623384475708
training_3456,B,letter,-1.36185884475708
training_3456,C,letter,-0.7368588447570801
training_3456,D,letter,-1.58060884475708
training_0737,A,letter,-0.023229956626892
training_0737,B,letter,-4.195105075836182
training_0737,C,letter,-5.632605075836182
training_0737,D,letter,-5.538855075836182
training_1548,A,present,-5.515625121537596
training_1548,B,present,-5.984375051688403
training_1548,C,present,-3.6718749832361937
training_1548,D,present,1.7812499850988388
training_2346,A,letter,-1.0642750263214111
training_2346,B,letter,-0.4392750561237335
training_2346,C,letter,-5.37677526473999
training_2346,D,letter,-5.22052526473999
training_3460,A,letter,-0.5302642583847046
training_3460,B,letter,-3.686514377593994
training_3460,C,letter,-1.3740142583847046
training_3460,D,letter,-2.030264377593994
training_0739,A,letter,-7.407386302947998
training_0739,B,letter,-8.93863582611084
training_0739,C,letter,-7.985511302947998
training_0739,D,letter,-0.0011361341457813
training_1550,A,present,2.109374962747097
training_1550,B,present,-1.5312500149011612
training_1550,C,present,-8.453124927676981
training_1550,D,present,-5.562499814201146
training_2348,A,letter,-6.492703437805176
training_2348,B,letter,-7.602078437805176
training_2348,C,letter,-5.086453437805176
training_2348,D,letter,-0.0083283502608537
training_3462,A,letter,-0.2043674439191818
training_3462,B,letter,-2.0324923992156982
training_3462,C,letter,-3.766867399215698
training_3462,D,letter,-3.5168673992156982
training_0741,A,letter,-2.5194132328033447
training_0741,B,letter,-3.6444132328033447
training_0741,C,letter,-0.2069132924079895
training_0741,D,letter,-2.5350382328033447
training_1552,A,present,-5.796875237021595
training_1552,B,present,-0.6562500298023224
training_1552,C,present,-0.6093749701976776
training_1552,D,present,-5.234375197440386
training_2350,A,letter,-1.5141289234161377
training_2350,B,letter,-0.6547539830207825
training_2350,C,letter,-1.8735039234161377
training_2350,D,letter,-2.2485039234161377
training_3464,A,letter,-2.174193382263184
training_3464,B,letter,-3.549193382263184
training_3464,C,letter,-0.1585683077573776
training_3464,D,letter,-5.611693382263184
training_0744,A,letter,-1.068350315093994
training_0744,B,letter,-6.177725315093994
training_0744,C,letter,-0.5683502554893494
training_0744,D,letter,-2.443350315093994
training_1555,A,present,-3.671875070780516
training_1555,B,present,-2.906250014901161
training_1555,C,present,-4.984375003259629
training_1555,D,present,-5.109375165309757
training_2353,A,letter,-5.08764123916626
training_2353,B,letter,-4.15014123916626
training_2353,C,letter,-0.4626412093639374
training_2353,D,letter,-1.0563912391662598
training_3467,A,letter,-3.898486375808716
training_3467,B,letter,-1.0703613758087158
training_3467,C,letter,-0.4766113758087158
training_3467,D,letter,-4.210986137390137
training_0747,A,letter,-0.0054631931707262
training_0747,B,letter,-6.958588123321533
training_0747,C,letter,-5.677338123321533
training_0747,D,letter,-7.099213123321533
training_1558,A,present,-0.03125
training_1558,B,present,-4.078125203028321
training_1558,C,present,-1.0
training_1558,D,present,-2.34375
training_2356,A,letter,-4.58312463760376
training_2356,B,letter,-5.20812463760376
training_2356,C,letter,-0.0206244643777608
training_2356,D,letter,-5.44249963760376
training_3470,A,letter,-2.908234119415283
training_3470,B,letter,-3.142609119415283
training_3470,C,letter,-1.4863591194152832
training_3470,D,letter,-0.3926091492176056
training_0749,A,letter,-9.939308166503906
training_0749,B,letter,-0.0018084376351907
training_0749,C,letter,-7.220558643341064
training_0749,D,letter,-6.9393086433410645
training_1560,A,present,-6.390624807681888
training_1560,B,present,1.0781249701976776
training_1560,C,present,-6.249999778345227
training_1560,D,present,-5.234374900814146
training_2358,A,letter,-4.745829105377197
training_2358,B,letter,-2.308328866958618
training_2358,C,letter,-0.8083289265632629
training_2358,D,letter,-0.8083289265632629
training_3472,A,letter,-1.5698521137237549
training_3472,B,letter,-2.616727113723755
training_3472,C,letter,-2.444852113723755
training_3472,D,letter,-0.4604771137237549
training_0754,A,letter,-4.24176549911499
training_0754,B,letter,-2.5855154991149902
training_0754,C,letter,-0.1011406034231185
training_0754,D,letter,-5.16364049911499
training_1565,A,present,-1.5781250149011612
training_1565,B,present,-3.296874944120645
training_1565,C,present,-4.437499795109034
training_1565,D,present,-4.953125037252903
training_2363,A,letter,-3.681450843811035
training_2363,B,letter,-2.040825843811035
training_2363,C,letter,-0.5564508438110352
training_2363,D,letter,-1.3064508438110352
training_3477,A,letter,-2.247600793838501
training_3477,B,letter,-3.716350793838501
training_3477,C,letter,-1.778850793838501
training_3477,D,letter,-0.3569757342338562
training_0756,A,letter,-0.880948007106781
training_0756,B,letter,-4.084073066711426
training_0756,C,letter,-1.6621980667114258
training_0756,D,letter,-0.974698007106781
training_1567,A,present,-1.2343750596046448
training_1567,B,present,-3.859374916180968
training_1567,C,present,-6.281250232714228
training_1567,D,present,-4.812499878928065
training_3479,A,letter,-4.407369136810303
training_3479,B,letter,-0.3761191666126251
training_3479,C,letter,-5.266744136810303
training_3479,D,letter,-1.2198691368103027
training_0759,A,letter,-0.9184322357177734
training_0759,B,letter,-2.855932235717773
training_0759,C,letter,-0.7153072357177734
training_0759,D,letter,-2.965307235717773
training_1570,A,present,-3.375000085681677
training_1570,B,present,-2.406250096857548
training_1570,C,present,-0.7968749701976776
training_1570,D,present,-3.874999942258
training_2365,A,letter,-3.1625444889068604
training_2365,B,letter,-1.5531694889068604
training_2365,C,letter,-0.9437945485115052
training_2365,D,letter,-1.0375444889068604
training_2695,BDCA,perm,1.0
training_2695,A<B,pair,-2.0468750074505806
training_2695,A<C,pair,-0.7968750298023224
training_2695,A<D,pair,-0.7343750298023224
training_2695,B<C,pair,1.3593749701976776
training_2695,B<D,pair,1.9687499403953552
training_2695,C<D,pair,-0.109375
training_3482,A,letter,-0.6850762367248535
training_3482,B,letter,-3.075701236724853
training_3482,C,letter,-0.8413262367248535
training_3482,D,letter,-4.0757012367248535
training_0764,A,letter,-6.04739236831665
training_0764,B,letter,-6.65676736831665
training_0764,C,letter,-4.40676736831665
training_0764,D,letter,-0.016142152249813
training_1575,A,present,-0.84375
training_1575,B,present,-3.546874947845936
training_1575,C,present,-5.54687513737008
training_1575,D,present,0.8749999403953552
training_2370,A,letter,-2.657711267471313
training_2370,B,letter,-3.017086267471313
training_2370,C,letter,-0.2358362674713134
training_2370,D,letter,-2.407711267471313
training_2697,DCAB,perm,1.0
training_2697,A<B,pair,0.21875
training_2697,A<C,pair,-1.3125000447034836
training_2697,A<D,pair,-0.6093749701976776
training_2697,B<C,pair,-1.2343749701976776
training_2697,B<D,pair,-0.9374999701976776
training_2697,C<D,pair,0.4375
training_3487,A,letter,-0.8044939041137695
training_3487,B,letter,-0.6638689041137695
training_3487,C,letter,-3.398243904113769
training_3487,D,letter,-5.7576189041137695
training_0769,A,letter,-0.5599875450134277
training_0769,B,letter,-1.1849875450134275
training_0769,C,letter,-3.013112545013428
training_0769,D,letter,-2.653737545013428
training_1580,A,present,-5.0781249310821295
training_1580,B,present,-6.60937492584344
training_1580,C,present,-3.640625013038516
training_1580,D,present,-2.156250089406967
training_3492,A,letter,-0.2243100702762603
training_3492,B,letter,-4.521184921264648
training_3492,C,letter,-1.833685040473938
training_3492,D,letter,-3.5211851596832275
training_0771,A,letter,-6.902034282684326
training_0771,B,letter,-7.120784282684326
training_0771,C,letter,-3.698909044265747
training_0771,D,letter,-0.0270341392606496
training_1582,A,present,1.0468750298023224
training_1582,B,present,-2.1249999925494194
training_1582,C,present,-0.90625
training_1582,D,present,-4.468750144354999
training_2374,A,letter,-3.101485252380371
training_2374,B,letter,-0.0702352002263069
training_2374,C,letter,-4.476485252380371
training_2374,D,letter,-4.523360252380371
training_2701,ACDB,perm,1.0
training_2701,A<B,pair,4.500000226311386
training_2701,A<C,pair,-0.15625
training_2701,A<D,pair,4.093749837949872
training_2701,B<C,pair,-2.703124918043613
training_2701,B<D,pair,-0.8593749701976776
training_2701,C<D,pair,1.9843751043081284
training_3494,A,letter,-1.1273369789123535
training_3494,B,letter,-1.9554619789123533
training_3494,C,letter,-0.8773370385169983
training_3494,D,letter,-2.142961978912353
training_0774,A,letter,-2.1315627098083496
training_0774,B,letter,-4.00656270980835
training_0774,C,letter,-0.1784376800060272
training_0774,D,letter,-3.7878127098083496
training_1585,A,present,-3.078125085681677
training_1585,B,present,-3.7343750819563866
training_1585,C,present,-2.9999999292194843
training_1585,D,present,-3.765625048428774
training_2377,A,letter,-0.92782324552536
training_2377,B,letter,-2.427823305130005
training_2377,C,letter,-1.8028233051300049
training_2377,D,letter,-1.0528233051300049
training_3497,A,letter,-0.944595217704773
training_3497,B,letter,-1.866470217704773
training_3497,C,letter,-1.210220217704773
training_3497,D,letter,-1.850845217704773
training_0776,A,letter,-1.6195068359375
training_0776,B,letter,-0.6195068359375
training_0776,C,letter,-1.5101318359375
training_0776,D,letter,-3.2132568359375
training_1587,A,present,-2.734374932944774
training_1587,B,present,-1.9062499552965164
training_1587,C,present,-5.234375037718564
training_1587,D,present,1.7968749701976776
training_2379,A,letter,-2.4597301483154297
training_2379,B,letter,-0.4128550291061401
training_2379,C,letter,-2.7409801483154297
training_2379,D,letter,-1.67848002910614
training_3499,A,letter,-2.9276933670043945
training_3499,B,letter,-1.271443247795105
training_3499,C,letter,-1.802693247795105
training_3499,D,letter,-0.693318247795105
training_0778,A,letter,-0.5161988139152527
training_0778,B,letter,-1.7818238735198977
training_0778,C,letter,-3.406823873519897
training_0778,D,letter,-1.6099488735198977
training_1589,A,present,-4.484374824911356
training_1589,B,present,-0.8906249701976776
training_1589,C,present,1.9687500298023224
training_1589,D,present,-0.5468750596046448
training_2381,A,letter,-3.3490262031555176
training_2381,B,letter,-4.645901203155518
training_2381,C,letter,-0.2396511286497116
training_2381,D,letter,-1.786526083946228
training_3501,A,letter,-1.2001197338104248
training_3501,B,letter,-1.1844947338104248
training_3501,C,letter,-2.075119733810425
training_3501,D,letter,-1.3251197338104248
training_0780,A,letter,-0.536384105682373
training_0780,B,letter,-1.052009105682373
training_0780,C,letter,-2.833259105682373
training_0780,D,letter,-5.255134105682373
training_1591,A,present,-3.124999899417162
training_1591,B,present,-0.59375
training_1591,C,present,0.7343750298023224
training_1591,D,present,-0.375
training_2383,A,letter,-0.9116209745407104
training_2383,B,letter,-1.6928709745407104
training_2383,C,letter,-3.52099609375
training_2383,D,letter,-0.9584959745407104
training_2704,CADB,perm,1.0
training_2704,A<B,pair,2.749999932944774
training_2704,A<C,pair,1.109375
training_2704,A<D,pair,2.734375052154064
training_2704,B<C,pair,-1.2499999701976776
training_2704,B<D,pair,-0.015625
training_2704,C<D,pair,1.3750000596046448
training_3503,A,letter,-1.8548836708068848
training_3503,B,letter,-0.63613361120224
training_3503,C,letter,-1.4173836708068848
training_3503,D,letter,-2.6517586708068848
training_0783,A,letter,-0.7638316750526428
training_0783,B,letter,-1.185706615447998
training_0783,C,letter,-2.466956615447998
training_0783,D,letter,-1.951331615447998
training_1594,A,present,-1.5781249552965164
training_1594,B,present,-2.687500096857548
training_1594,C,present,-0.78125
training_1594,D,present,-0.7187499701976776
training_2386,A,letter,-0.1848553568124771
training_2386,B,letter,-2.934855461120605
training_2386,C,letter,-2.387980461120605
training_2386,D,letter,-3.7786054611206055
training_2707,CDAB,perm,1.0
training_2707,A<B,pair,6.218749912688509
training_2707,A<C,pair,-2.593749947845936
training_2707,A<D,pair,-1.5468749850988388
training_2707,B<C,pair,-6.718750081490725
training_2707,B<D,pair,-5.250000046100467
training_2707,C<D,pair,0.40625
training_3506,A,letter,-4.203525543212891
training_3506,B,letter,-4.125400543212891
training_3506,C,letter,-2.6254007816314697
training_3506,D,letter,-0.1097756922245025
training_0790,A,letter,-1.7392945289611816
training_0790,B,letter,-6.333044528961182
training_0790,C,letter,-2.3642945289611816
training_0790,D,letter,-0.3174195885658264
training_1601,A,present,-5.609375108033419
training_1601,B,present,-5.531250186730176
training_1601,C,present,-6.250000104075298
training_1601,D,present,-8.328124690509867
training_2393,A,letter,-3.737063646316528
training_2393,B,letter,-3.1120636463165283
training_2393,C,letter,-0.0808136016130447
training_2393,D,letter,-4.768313407897949
training_3513,A,letter,-0.9346541166305542
training_3513,B,letter,-0.9971541166305542
training_3513,C,letter,-3.731529235839844
training_3513,D,letter,-1.5440291166305542
training_0793,A,letter,-0.3404155373573303
training_0793,B,letter,-3.9654154777526855
training_0793,C,letter,-2.309165477752685
training_0793,D,letter,-1.7779154777526855
training_1604,A,present,-5.1562500088475645
training_1604,B,present,0.4375
training_1604,C,present,1.9218749105930328
training_1604,D,present,-1.2968750447034836
training_2396,A,letter,-5.592856407165527
training_2396,B,letter,-3.249106407165528
training_2396,C,letter,-4.077231407165527
training_2396,D,letter,-0.0616063103079795
training_2711,ACBD,perm,1.0
training_2711,A<B,pair,0.6718750298023224
training_2711,A<C,pair,0.25
training_2711,A<D,pair,2.374999888241291
training_2711,B<C,pair,-0.28125
training_2711,B<D,pair,1.7968750447034836
training_2711,C<D,pair,1.7656249850988388
training_3516,A,letter,-0.3452305495738983
training_3516,B,letter,-2.4233555793762207
training_3516,C,letter,-3.6421055793762207
training_3516,D,letter,-1.7358555793762207
training_0796,A,letter,-8.909224510192871
training_0796,B,letter,-0.0029747304506599
training_0796,C,letter,-6.112349510192871
training_0796,D,letter,-7.659224510192871
training_1607,A,present,-4.484375137835741
training_1607,B,present,-4.359375013969839
training_1607,C,present,-5.828125093365088
training_1607,D,present,-0.34375
training_2399,A,letter,-3.9889752864837646
training_2399,B,letter,-0.5358502864837646
training_2399,C,letter,-4.442100524902344
training_2399,D,letter,-0.9577252864837646
training_3519,A,letter,-2.54975700378418
training_3519,B,letter,-0.5497571229934692
training_3519,C,letter,-1.5028821229934692
training_3519,D,letter,-2.11225700378418
training_0799,A,letter,-5.843057155609131
training_0799,B,letter,-4.264932155609131
training_0799,C,letter,-0.0305570885539054
training_0799,D,letter,-4.358682155609131
training_1610,A,present,-3.187499921768904
training_1610,B,present,-1.3906249552965164
training_1610,C,present,-3.0468751154839997
training_1610,D,present,-2.0781251043081284
training_2402,A,letter,-1.9352108240127563
training_2402,B,letter,-1.4977108240127563
training_2402,C,letter,-1.3414608240127563
training_2402,D,letter,-0.9977108240127563
training_2714,ADBC,perm,1.0
training_2714,A<B,pair,5.124999918043613
training_2714,A<C,pair,5.156250093597919
training_2714,A<D,pair,0.21875
training_2714,B<C,pair,0.8749999403953552
training_2714,B<D,pair,-2.2968750819563866
training_2714,C<D,pair,-2.546874910593033
training_3522,A,letter,-1.266925573348999
training_3522,B,letter,-0.7044256329536438
training_3522,C,letter,-1.798175573348999
training_3522,D,letter,-2.860675573348999
training_0803,A,letter,-3.4344756603240967
training_0803,B,letter,-2.2313506603240967
training_0803,C,letter,-1.8407255411148071
training_0803,D,letter,-0.3563505709171295
training_1614,A,present,-0.328125
training_1614,B,present,-3.406250063329935
training_1614,C,present,-6.328124816995114
training_1614,D,present,-6.078125006752089
training_2406,A,letter,-4.245190143585205
training_2406,B,letter,-0.4170651435852051
training_2406,C,letter,-3.401440143585205
training_2406,D,letter,-1.229565143585205
training_3526,A,letter,-4.640110492706299
training_3526,B,letter,-3.827610731124878
training_3526,C,letter,-4.327610492706299
training_3526,D,letter,-0.0463606379926204
training_0805,A,letter,-5.377447605133057
training_0805,B,letter,-5.408697605133057
training_0805,C,letter,-0.4555726945400238
training_0805,D,letter,-1.0336977243423462
training_1616,A,present,-4.656249954365194
training_1616,B,present,-4.35937515553087
training_1616,C,present,-2.953124925494194
training_1616,D,present,-0.09375
training_2408,A,letter,-0.9113141298294068
training_2408,B,letter,-1.6300641298294067
training_2408,C,letter,-1.1769391298294067
training_2408,D,letter,-2.380064010620117
training_3528,A,letter,-3.646082878112793
training_3528,B,letter,-5.271082878112793
training_3528,C,letter,-0.0367078222334384
training_3528,D,letter,-5.474207878112793
training_0808,A,letter,-4.383676052093506
training_0808,B,letter,-4.696176052093506
training_0808,C,letter,-0.1805508732795715
training_0808,D,letter,-1.9461758136749268
training_1619,A,present,-3.843749901279807
training_1619,B,present,-4.062500111758709
training_1619,C,present,-0.9843749403953552
training_1619,D,present,-1.015625
training_2411,A,letter,-0.2333354204893112
training_2411,B,letter,-2.077085494995117
training_2411,C,letter,-2.577085494995117
training_2411,D,letter,-5.123960494995117
training_2720,ABCD,perm,1.0
training_2720,A<B,pair,2.609375096857548
training_2720,A<C,pair,2.328125044703484
training_2720,A<D,pair,3.1406250186264515
training_2720,B<C,pair,0.140625
training_2720,B<D,pair,1.1250000298023224
training_2720,C<D,pair,1.1875000596046448
training_3531,A,letter,-1.4486833810806274
training_3531,B,letter,-3.167433261871338
training_3531,C,letter,-0.5580583810806274
training_3531,D,letter,-1.9018083810806277
training_0810,A,letter,-0.0090766437351703
training_0810,B,letter,-5.3684515953063965
training_0810,C,letter,-6.2903265953063965
training_0810,D,letter,-6.0403265953063965
training_1621,A,present,-2.093749910593033
training_1621,B,present,-6.171874812105671
training_1621,C,present,-5.421874792780727
training_1621,D,present,-3.2499998845160007
training_2413,A,letter,-1.8446195125579836
training_2413,B,letter,-3.3133695125579834
training_2413,C,letter,-3.625869512557984
training_2413,D,letter,-0.2508695423603058
training_2722,BACD,perm,1.0
training_2722,A<B,pair,-1.75
training_2722,A<C,pair,5.843749973457307
training_2722,A<D,pair,5.281249900814146
training_2722,B<C,pair,4.1406250558793545
training_2722,B<D,pair,4.437500145286322
training_2722,C<D,pair,0.9687500298023224
training_3533,A,letter,-1.970906972885132
training_3533,B,letter,-5.283407211303711
training_3533,C,letter,-2.283406972885132
training_3533,D,letter,-0.2834070026874542
training_0078,A,letter,-1.0841044187545776
training_0078,B,letter,-3.318479537963867
training_0078,C,letter,-0.8341044187545776
training_0078,D,letter,-1.6622294187545776
training_0889,A,present,-6.359375064377673
training_0889,B,present,-1.0625
training_0889,C,present,1.2812500447034836
training_0889,D,present,-3.812499942258
training_1697,A,letter,-5.014666557312012
training_1697,B,letter,-5.655291557312012
training_1697,C,letter,-0.0146667156368494
training_1697,D,letter,-5.467791557312012
training_2801,A,letter,-1.3038924932479858
training_2801,B,letter,-0.5226424932479858
training_2801,C,letter,-2.6007676124572754
training_2801,D,letter,-2.8038926124572754
training_0080,A,letter,-4.682492256164551
training_0080,B,letter,-0.5418673753738403
training_0080,C,letter,-6.151242256164551
training_0080,D,letter,-0.9012423753738404
training_0891,A,present,-0.640625
training_0891,B,present,-6.375000044703484
training_0891,C,present,1.7656250447034836
training_0891,D,present,-0.234375
training_1699,A,letter,-6.035796165466309
training_1699,B,letter,-6.488921165466309
training_1699,C,letter,-2.801421403884888
training_1699,D,letter,-0.0670463070273399
training_2803,A,letter,-2.473335266113281
training_2803,B,letter,-0.4577102661132812
training_2803,C,letter,-1.2858352661132812
training_2803,D,letter,-5.223335266113281
training_0083,A,letter,-3.669778347015381
training_0083,B,letter,-0.232278436422348
training_0083,C,letter,-5.591653347015381
training_0083,D,letter,-1.7322784662246704
training_0894,A,present,-4.703124965541065
training_0894,B,present,-3.812499891966581
training_0894,C,present,-3.7656249441206455
training_0894,D,present,-6.218749813502654
training_1702,A,letter,-0.5589724183082581
training_1702,B,letter,-3.1370973587036133
training_1702,C,letter,-2.0433473587036133
training_1702,D,letter,-1.3714723587036133
training_2444,ABDC,perm,1.0
training_2444,A<B,pair,0.8906249403953552
training_2444,A<C,pair,-0.578125
training_2444,A<D,pair,2.171874932944774
training_2444,B<C,pair,0.109375
training_2444,B<D,pair,1.7968749701976776
training_2444,C<D,pair,3.109375085681677
training_2806,A,letter,-0.5232239365577698
training_2806,B,letter,-1.773223876953125
training_2806,C,letter,-2.632598876953125
training_2806,D,letter,-1.804473876953125
training_0085,A,letter,-5.560934066772461
training_0085,B,letter,-2.29530930519104
training_0085,C,letter,-0.1859342604875564
training_0085,D,letter,-2.74843430519104
training_0896,A,present,-5.718749893596396
training_0896,B,present,-0.4843749701976776
training_0896,C,present,-4.312499797903001
training_0896,D,present,-1.7656249552965164
training_1704,A,letter,-4.021628379821777
training_1704,B,letter,-1.7403786182403564
training_1704,C,letter,-2.0997536182403564
training_1704,D,letter,-0.381003588438034
training_2446,ADBC,perm,1.0
training_2446,A<B,pair,2.6406250298023224
training_2446,A<C,pair,1.1875000596046448
training_2446,A<D,pair,0.65625
training_2446,B<C,pair,-2.015625074505806
training_2446,B<D,pair,-1.2187500596046448
training_2446,C<D,pair,0.5000000298023224
training_2808,A,letter,-1.4237701892852783
training_2808,B,letter,-2.1893951892852783
training_2808,C,letter,-0.4706452488899231
training_2808,D,letter,-3.8300201892852783
training_0087,A,letter,-0.0263944957405328
training_0087,B,letter,-5.495144367218018
training_0087,C,letter,-3.8701446056365967
training_0087,D,letter,-7.292019367218018
training_0898,A,present,-5.500000087078661
training_0898,B,present,-4.156250080093741
training_0898,C,present,-4.531250157393515
training_0898,D,present,-1.7187499403953552
training_1706,A,letter,-4.242187023162842
training_1706,B,letter,-1.0859369039535522
training_1706,C,letter,-2.085937023162842
training_1706,D,letter,-0.6484369039535522
training_2448,ABDC,perm,1.0
training_2448,A<B,pair,1.8124999552965164
training_2448,A<C,pair,2.0624999403953552
training_2448,A<D,pair,2.7187499925494194
training_2448,B<C,pair,0.8437500298023224
training_2448,B<D,pair,1.1406249701976776
training_2448,C<D,pair,0.4375
training_2810,A,letter,-2.1388986110687256
training_2810,B,letter,-2.7951486110687256
training_2810,C,letter,-4.1857733726501465
training_2810,D,letter,-0.2170235365629196
training_0089,A,letter,-4.932294845581055
training_0089,B,letter,-0.0104198483750224
training_0089,C,letter,-5.979169845581055
training_0089,D,letter,-8.104169845581055
training_0900,A,present,-9.546874647814548
training_0900,B,present,-1.25
training_0900,C,present,-3.921874921768904
training_0900,D,present,-6.937500026077032
training_1708,A,letter,-0.5891605019569397
training_1708,B,letter,-3.151660442352295
training_1708,C,letter,-1.198535442352295
training_1708,D,letter,-2.307910442352295
training_2812,A,letter,-1.379627704620361
training_2812,B,letter,-3.3015027046203613
training_2812,C,letter,-0.3796277642250061
training_2812,D,letter,-3.629627704620361
training_0091,A,letter,-0.0270574614405632
training_0091,B,letter,-5.402057647705078
training_0091,C,letter,-7.902057647705078
training_0091,D,letter,-3.839557409286499
training_0902,A,present,-4.17187490966171
training_0902,B,present,-7.95312485130853
training_0902,C,present,-2.187499895691872
training_0902,D,present,-0.8906250596046448
training_1710,A,letter,-8.011880874633789
training_1710,B,letter,-4.980630874633789
training_1710,C,letter,-5.402505874633789
training_1710,D,letter,-0.0118808271363377
training_2814,A,letter,-2.181389331817627
training_2814,B,letter,-0.9626394510269164
training_2814,C,letter,-0.6970144510269165
training_2814,D,letter,-5.103264331817627
training_0093,A,letter,-0.0925807058811187
training_0093,B,letter,-5.170705795288086
training_0093,C,letter,-4.264455795288086
training_0093,D,letter,-2.686330795288086
training_0904,A,present,-3.4218750335276127
training_0904,B,present,-1.0781250298023224
training_0904,C,present,-0.21875
training_0904,D,present,-2.062499910593033
training_1712,A,letter,-3.0686938762664795
training_1712,B,letter,-1.0843188762664795
training_1712,C,letter,-2.1780688762664795
training_1712,D,letter,-0.6936939358711243
training_2451,ACDB,perm,1.0
training_2451,A<B,pair,3.7187500689178714
training_2451,A<C,pair,-0.03125
training_2451,A<D,pair,4.375000054016709
training_2451,B<C,pair,-3.3749999925494194
training_2451,B<D,pair,0.484375
training_2451,C<D,pair,5.68749979394488
training_2816,A,letter,-0.5801063776016235
training_2816,B,letter,-2.173856258392334
training_2816,C,letter,-2.470731258392334
training_2816,D,letter,-1.4238563776016235
training_0095,A,letter,-2.3049123287200928
training_0095,B,letter,-3.3361623287200928
training_0095,C,letter,-0.351787269115448
training_0095,D,letter,-1.8361623287200928
training_0906,A,present,-3.1875000037252903
training_0906,B,present,-1.4843750596046448
training_0906,C,present,-1.953125074505806
training_0906,D,present,-4.640625052154064
training_1714,A,letter,-2.122584342956543
training_1714,B,letter,-2.731959342956543
training_1714,C,letter,-0.4819592237472534
training_1714,D,letter,-1.6382092237472534
training_2453,ADCB,perm,1.0
training_2453,A<B,pair,3.1562498919665813
training_2453,A<C,pair,1.0781250298023224
training_2453,A<D,pair,0.5156250298023224
training_2453,B<C,pair,-1.1562500298023224
training_2453,B<D,pair,-1.6093750596046448
training_2453,C<D,pair,-0.359375
training_2818,A,letter,-2.1914279460906982
training_2818,B,letter,-1.5039279460906982
training_2818,C,letter,-0.832053005695343
training_2818,D,letter,-1.4726779460906982
training_0098,A,letter,-6.521181583404541
training_0098,B,letter,-1.068056344985962
training_0098,C,letter,-6.099306583404541
training_0098,D,letter,-0.4274314045906067
training_0909,A,present,-2.421875052154064
training_0909,B,present,-3.2656250409781933
training_0909,C,present,-4.812499969266355
training_0909,D,present,1.4999999552965164
training_1717,A,letter,-4.958122730255127
training_1717,B,letter,-0.6612475514411926
training_1717,C,letter,-3.395622491836548
training_1717,D,letter,-0.8174975514411926
training_2821,A,letter,-2.933530569076538
training_2821,B,letter,-3.699155569076538
training_2821,C,letter,-0.5741556286811829
training_2821,D,letter,-1.027280569076538
training_0100,A,letter,-6.569188594818115
training_0100,B,letter,-0.022313367575407
training_0100,C,letter,-4.053563594818115
training_0100,D,letter,-5.866063594818115
training_0911,A,present,1.15625
training_0911,B,present,-4.609375037252903
training_0911,C,present,-4.29687515553087
training_0911,D,present,-4.249999826774001
training_1719,A,letter,-4.2917962074279785
training_1719,B,letter,-2.1511714458465576
training_1719,C,letter,-3.3386714458465576
training_1719,D,letter,-0.1824214309453964
training_2823,A,letter,-2.3654978275299072
training_2823,B,letter,-0.5373727679252625
training_2823,C,letter,-1.1623728275299072
training_2823,D,letter,-4.849872589111328
training_0104,A,letter,-7.081026077270508
training_0104,B,letter,-0.0029011564329266
training_0104,C,letter,-6.659151077270508
training_0104,D,letter,-7.456026077270508
training_0915,A,present,-4.468750176951289
training_0915,B,present,-1.7812500447034836
training_0915,C,present,-1.8749999701976776
training_0915,D,present,-8.249999942723662
training_1723,A,letter,-0.1905974447727203
training_1723,B,letter,-2.4874725341796875
training_1723,C,letter,-4.471847534179688
training_1723,D,letter,-2.5655975341796875
training_2827,A,letter,-3.7104880809783936
training_2827,B,letter,-3.2886130809783936
training_2827,C,letter,-0.0698630884289741
training_2827,D,letter,-5.304238319396973
training_0106,A,letter,-2.1401689052581787
training_0106,B,letter,-0.1557939797639846
training_0106,C,letter,-7.468294143676758
training_0106,D,letter,-3.6714189052581783
training_0917,A,present,-3.484374964609742
training_0917,B,present,0.9843749701976776
training_0917,C,present,-0.6249999403953552
training_0917,D,present,-1.5312500596046448
training_1725,A,letter,-3.874270677566528
training_1725,B,letter,-0.3898956477642059
training_1725,C,letter,-1.7180206775665283
training_1725,D,letter,-2.1086456775665283
training_2829,A,letter,-0.3076103925704956
training_2829,B,letter,-3.870110511779785
training_2829,C,letter,-2.682610511779785
training_2829,D,letter,-1.7451103925704956
training_0108,A,letter,-0.8825151920318604
training_0108,B,letter,-2.5387651920318604
training_0108,C,letter,-2.2106401920318604
training_0108,D,letter,-0.9293901920318604
training_0919,A,present,0.28125
training_0919,B,present,-2.218749888241291
training_0919,C,present,-1.1250000298023224
training_0919,D,present,-1.7968750298023224
training_1727,A,letter,-2.5207443237304688
training_1727,B,letter,-6.145744323730469
training_1727,C,letter,-0.3332444429397583
training_1727,D,letter,-1.6769944429397583
training_2460,DCAB,perm,1.0
training_2460,A<B,pair,3.921875080093741
training_2460,A<C,pair,0.6093749701976776
training_2460,A<D,pair,0.421875
training_2460,B<C,pair,-1.3593749850988388
training_2460,B<D,pair,-2.7343750596046448
training_2460,C<D,pair,0.046875
training_2831,A,letter,-1.542588710784912
training_2831,B,letter,-0.9019637703895568
training_2831,C,letter,-1.917588710784912
training_2831,D,letter,-1.464463710784912
training_0110,A,letter,-6.2060160636901855
training_0110,B,letter,-7.0028910636901855
training_0110,C,letter,-0.9872660636901855
training_0110,D,letter,-0.4716410636901855
training_0921,A,present,-2.187499985098839
training_0921,B,present,-4.046874843537808
training_0921,C,present,0.78125
training_0921,D,present,-5.40625004703179
training_1729,A,letter,-3.1884870529174805
training_1729,B,letter,-0.1103621572256088
training_1729,C,letter,-3.922862052917481
training_1729,D,letter,-3.1884870529174805
training_2462,BADC,perm,1.0
training_2462,A<B,pair,-2.1406250596046448
training_2462,A<C,pair,-0.390625
training_2462,A<D,pair,0.5468750596046448
training_2462,B<C,pair,2.859374921768904
training_2462,B<D,pair,5.171874809078872
training_2462,C<D,pair,2.234375089406967
training_2833,A,letter,-1.7038766145706177
training_2833,B,letter,-3.391376495361328
training_2833,C,letter,-0.3445015847682953
training_2833,D,letter,-2.594501495361328
training_0112,A,letter,-3.495551109313965
training_0112,B,letter,-0.6205509901046753
training_0112,C,letter,-1.3080509901046753
training_0112,D,letter,-1.8393009901046755
training_0923,A,present,-4.171875232830644
training_0923,B,present,-2.9218750782310963
training_0923,C,present,-3.421874951571226
training_0923,D,present,-0.015625
training_1731,A,letter,-5.118244647979736
training_1731,B,letter,-0.5088696479797363
training_1731,C,letter,-0.9776196479797364
training_1731,D,letter,-4.149494647979736
training_2464,ADCB,perm,1.0
training_2464,A<B,pair,1.4374999850988388
training_2464,A<C,pair,1.265625
training_2464,A<D,pair,-0.21875
training_2464,B<C,pair,-0.078125
training_2464,B<D,pair,-1.65625
training_2464,C<D,pair,-2.0312500298023224
training_2835,A,letter,-1.934692144393921
training_2835,B,letter,-0.2784421741962433
training_2835,C,letter,-2.653442144393921
training_2835,D,letter,-3.606567144393921
training_0114,A,letter,-5.17854642868042
training_0114,B,letter,-7.31917142868042
training_0114,C,letter,-0.0066716540604829
training_0114,D,letter,-8.366046905517578
training_0925,A,present,-5.343750054482371
training_0925,B,present,0.9218750298023224
training_0925,C,present,-7.843749769788701
training_0925,D,present,-2.734375037252903
training_1733,A,letter,-6.3813652992248535
training_1733,B,letter,-3.350115299224853
training_1733,C,letter,-9.521990776062012
training_1733,D,letter,-0.0376153364777565
training_2837,A,letter,-4.603363513946533
training_2837,B,letter,-3.853363513946533
training_2837,C,letter,-0.040863499045372
training_2837,D,letter,-4.822113513946533
training_0116,A,letter,-0.8788468241691589
training_0116,B,letter,-1.1132218837738037
training_0116,C,letter,-1.4257218837738037
training_0116,D,letter,-4.269471645355225
training_0927,A,present,-3.312500093132257
training_0927,B,present,-0.59375
training_0927,C,present,-2.437499932944774
training_0927,D,present,-1.3281250447034836
training_1735,A,letter,-0.3378314673900604
training_1735,B,letter,-4.400331497192383
training_1735,C,letter,-2.447206497192383
training_1735,D,letter,-1.6815814971923828
training_2839,A,letter,-4.83354377746582
training_2839,B,letter,-0.4585436880588531
training_2839,C,letter,-2.3491687774658203
training_2839,D,letter,-1.3335436582565308
training_0118,A,letter,-5.349449157714844
training_0118,B,letter,-0.1463241130113601
training_0118,C,letter,-3.443199157714844
training_0118,D,letter,-2.318199157714844
training_0929,A,present,-0.8906249701976776
training_0929,B,present,-1.8125
training_0929,C,present,-2.500000014901161
training_0929,D,present,-6.296874810941517
training_1737,A,letter,-0.2365529835224151
training_1737,B,letter,-2.1740529537200928
training_1737,C,letter,-3.5490529537200928
training_1737,D,letter,-2.7053029537200928
training_2841,A,letter,-3.1804728507995605
training_2841,B,letter,-4.6023478507995605
training_2841,C,letter,-1.2117228507995603
training_2841,D,letter,-0.4304728507995605
training_0120,A,letter,-1.7100328207015991
training_0120,B,letter,-0.8975328207015991
training_0120,C,letter,-0.9287828207015992
training_0120,D,letter,-4.256907939910889
training_0931,A,present,-3.671874968335033
training_0931,B,present,-4.718750082887709
training_0931,C,present,-4.20312484074384
training_0931,D,present,-3.2656249552965164
training_1739,A,letter,-2.305349349975586
training_1739,B,letter,-1.039724349975586
training_1739,C,letter,-2.195974349975586
training_1739,D,letter,-0.8365993499755859
training_2843,A,letter,-3.1566755771636963
training_2843,B,letter,-0.7348005771636963
training_2843,C,letter,-2.0316755771636963
training_2843,D,letter,-1.0629255771636963
training_0122,A,letter,-9.016261100769045
training_0122,B,letter,-0.0006358985556289
training_0122,C,letter,-8.110011100769043
training_0122,D,letter,-8.703761100769043
training_0933,A,present,1.2500000298023224
training_0933,B,present,-6.968749857041985
training_0933,C,present,-1.3750000298023224
training_0933,D,present,1.078125
training_1741,A,letter,-5.616913795471191
training_1741,B,letter,-1.2887887954711914
training_1741,C,letter,-3.0231637954711914
training_1741,D,letter,-0.3981637358665466
training_2845,A,letter,-0.0668319091200828
training_2845,B,letter,-4.785582065582275
training_2845,C,letter,-4.676207065582275
training_2845,D,letter,-3.0668318271636963
training_0124,A,letter,-6.483212947845459
training_0124,B,letter,-4.420712947845459
training_0124,C,letter,-0.0144627606496214
training_0124,D,letter,-7.420712947845459
training_0935,A,present,-2.203124985098839
training_0935,B,present,-1.6093749403953552
training_0935,C,present,0.6562499701976776
training_0935,D,present,0.8906249403953552
training_1743,A,letter,-6.19176197052002
training_1743,B,letter,-0.8480120301246643
training_1743,C,letter,-6.26988697052002
training_1743,D,letter,-0.5667620301246643
training_2847,A,letter,-5.437164783477783
training_2847,B,letter,-5.452789783477783
training_2847,C,letter,-0.0309148728847503
training_2847,D,letter,-3.843414783477783
training_0126,A,letter,-3.931107521057129
training_0126,B,letter,-0.3217325508594513
training_0126,C,letter,-3.821732521057129
training_0126,D,letter,-1.462357521057129
training_0937,A,present,-3.656249955296517
training_0937,B,present,0.9218750298023224
training_0937,C,present,-3.187499910593033
training_0937,D,present,-2.2968749701976776
training_1745,A,letter,-1.5509722232818604
training_1745,B,letter,-1.2540972232818604
training_1745,C,letter,-1.8165972232818604
training_1745,D,letter,-1.0822222232818604
training_2466,ACDB,perm,1.0
training_2466,A<B,pair,2.8281250670552254
training_2466,A<C,pair,1.937500044703484
training_2466,A<D,pair,3.7031249534338713
training_2466,B<C,pair,-0.265625
training_2466,B<D,pair,-0.234375
training_2466,C<D,pair,0.171875
training_2849,A,letter,-0.2946522533893585
training_2849,B,letter,-2.372777223587036
training_2849,C,letter,-3.232152223587036
training_2849,D,letter,-2.107152223587036
training_0128,A,letter,-4.073630332946777
training_0128,B,letter,-0.5580054521560669
training_0128,C,letter,-1.261130452156067
training_0128,D,letter,-2.0892553329467773
training_0939,A,present,-1.0781250298023224
training_0939,B,present,-3.796874955296517
training_0939,C,present,-1.171875
training_0939,D,present,-2.625000052154064
training_1747,A,letter,-1.9818623065948489
training_1747,B,letter,-1.3568623065948486
training_1747,C,letter,-1.3256123065948486
training_1747,D,letter,-1.0912373065948486
training_2851,A,letter,-1.518427848815918
training_2851,B,letter,-0.3465528488159179
training_2851,C,letter,-4.424677848815918
training_2851,D,letter,-2.799677848815918
training_0130,A,letter,-3.4629271030426025
training_0130,B,letter,-0.4629271328449249
training_0130,C,letter,-1.1035521030426023
training_0130,D,letter,-5.103552341461182
training_0941,A,present,-3.140624988824129
training_0941,B,present,-1.7031250447034836
training_0941,C,present,-5.499999974388629
training_0941,D,present,-1.7656250298023224
training_1749,A,letter,-2.7817656993865967
training_1749,B,letter,-1.938015699386597
training_1749,C,letter,-1.266140699386597
training_1749,D,letter,-0.6723906397819519
training_2853,A,letter,-4.349279403686523
training_2853,B,letter,-4.193029403686523
training_2853,C,letter,-0.786779522895813
training_2853,D,letter,-0.661779522895813
training_0132,A,letter,-8.251834869384766
training_0132,B,letter,-6.923709392547607
training_0132,C,letter,-7.564334392547607
training_0132,D,letter,-0.00183461594861
training_0943,A,present,-4.453124989755452
training_0943,B,present,-2.093749932944774
training_0943,C,present,1.984374925494194
training_0943,D,present,-7.062500119267497
training_1751,A,letter,-0.0998912006616592
training_1751,B,letter,-4.412391185760498
training_1751,C,letter,-4.084266185760498
training_1751,D,letter,-2.724891185760498
training_2855,A,letter,-1.2793521881103516
training_2855,B,letter,-0.8887271881103516
training_2855,C,letter,-1.3418521881103516
training_2855,D,letter,-3.076227188110352
training_0135,A,letter,-6.4088006019592285
training_0135,B,letter,-7.4244256019592285
training_0135,C,letter,-0.0025508028920739
training_0135,D,letter,-8.674426078796387
training_0946,A,present,-6.624999866937287
training_0946,B,present,3.453125070780516
training_0946,C,present,-6.484375063562766
training_0946,D,present,-6.187499885214493
training_1754,A,letter,-7.520373344421387
training_1754,B,letter,-0.0047481404617428
training_1754,C,letter,-7.926623344421387
training_1754,D,letter,-5.582873344421387
training_2858,A,letter,-0.6705787181854248
training_2858,B,letter,-0.7487037181854248
training_2858,C,letter,-4.639328956604004
training_2858,D,letter,-5.217453956604004
training_0139,A,letter,-1.4629135131835938
training_0139,B,letter,-0.853538453578949
training_0139,C,letter,-1.4629135131835938
training_0139,D,letter,-2.2129135131835938
training_0950,A,present,-1.984375044703484
training_0950,B,present,-3.437499888241291
training_0950,C,present,-3.468750109896064
training_0950,D,present,0.25
training_1758,A,letter,-3.792952299118042
training_1758,B,letter,-0.324202299118042
training_1758,C,letter,-3.433577299118042
training_1758,D,letter,-1.511702299118042
training_2470,ADBC,perm,1.0
training_2470,A<B,pair,-0.40625
training_2470,A<C,pair,3.609374929219484
training_2470,A<D,pair,-0.328125
training_2470,B<C,pair,2.968749951571226
training_2470,B<D,pair,0.421875
training_2470,C<D,pair,-2.843750026077032
training_2862,A,letter,-3.778388023376465
training_2862,B,letter,-3.606513023376465
training_2862,C,letter,-4.887763023376465
training_2862,D,letter,-0.0596380345523357
training_0141,A,letter,-2.581533193588257
training_0141,B,letter,-3.597158193588257
training_0141,C,letter,-1.1440331935882568
training_0141,D,letter,-0.5502831339836121
training_0952,A,present,-2.093750089406967
training_0952,B,present,-4.468750146217644
training_0952,C,present,-1.6406250298023224
training_0952,D,present,-4.390624847263098
training_1760,A,letter,-2.451246738433838
training_1760,B,letter,-0.5762468576431274
training_1760,C,letter,-1.8887468576431277
training_1760,D,letter,-1.6231218576431274
training_2472,DBAC,perm,1.0
training_2472,A<B,pair,-0.7343750298023224
training_2472,A<C,pair,0.703125
training_2472,A<D,pair,-1.2031249701976776
training_2472,B<C,pair,1.7812500447034836
training_2472,B<D,pair,-0.1875
training_2472,C<D,pair,-1.1562499701976776
training_2864,A,letter,-0.4303847253322601
training_2864,B,letter,-1.1960097551345823
training_2864,C,letter,-3.399134635925293
training_2864,D,letter,-4.352259635925293
training_0145,A,letter,-7.1911821365356445
training_0145,B,letter,-0.0036822627298533
training_0145,C,letter,-6.6286821365356445
training_0145,D,letter,-6.6755571365356445
training_0956,A,present,-8.703125138854375
training_0956,B,present,-1.4687500447034836
training_0956,C,present,-2.8593749590218067
training_0956,D,present,-1.6249999403953552
training_1764,A,letter,-5.459589004516602
training_1764,B,letter,-0.0064640482887625
training_1764,C,letter,-6.865839004516602
training_1764,D,letter,-6.928339004516602
training_2868,A,letter,-2.08962631225586
training_2868,B,letter,-1.2458763122558594
training_2868,C,letter,-0.7458763718605042
training_2868,D,letter,-2.18337631225586
training_0147,A,letter,-5.233701705932617
training_0147,B,letter,-1.2493267059326172
training_0147,C,letter,-2.983701705932617
training_0147,D,letter,-0.4212016761302948
training_0958,A,present,-2.531249903142452
training_0958,B,present,-0.421875
training_0958,C,present,-3.296874936670065
training_0958,D,present,-2.359374985098839
training_1766,A,letter,-2.339630603790283
training_1766,B,letter,-0.808380663394928
training_1766,C,letter,-1.3083806037902832
training_1766,D,letter,-1.6833806037902832
training_2475,DBAC,perm,1.0
training_2475,A<B,pair,-1.7499999850988388
training_2475,A<C,pair,0.453125
training_2475,A<D,pair,-2.515625014901161
training_2475,B<C,pair,2.9843748845160007
training_2475,B<D,pair,-0.859375
training_2475,C<D,pair,-3.0937500819563866
training_2870,A,letter,-5.008752822875977
training_2870,B,letter,-5.586877822875977
training_2870,C,letter,-2.055628061294556
training_2870,D,letter,-0.149378016591072
training_0150,A,letter,-6.226670265197754
training_0150,B,letter,-4.711045265197754
training_0150,C,letter,-0.3047953844070434
training_0150,D,letter,-1.3829203844070437
training_0961,A,present,-4.421874859370291
training_0961,B,present,-1.6718749552965164
training_0961,C,present,-2.2031249925494194
training_0961,D,present,1.4062500149011612
training_1769,A,letter,-4.609103202819824
training_1769,B,letter,-2.874728202819824
training_1769,C,letter,-0.187228113412857
training_1769,D,letter,-2.265353202819824
training_2873,A,letter,-1.9690719842910769
training_2873,B,letter,-0.9221969842910768
training_2873,C,letter,-1.2034469842910769
training_2873,D,letter,-1.8284469842910769
training_0153,A,letter,-1.6473385095596311
training_0153,B,letter,-0.2254635393619537
training_0153,C,letter,-5.709838390350342
training_0153,D,letter,-5.225463390350342
training_0964,A,present,-2.0468750819563866
training_0964,B,present,-5.687499966239557
training_0964,C,present,-0.5
training_0964,D,present,-1.828125
training_1772,A,letter,-2.21488094329834
training_1772,B,letter,-1.0898810625076294
training_1772,C,letter,-1.0273810625076294
training_1772,D,letter,-1.6367560625076294
training_2876,A,letter,-2.8686788082122803
training_2876,B,letter,-0.7124287486076355
training_2876,C,letter,-0.8686787486076355
training_2876,D,letter,-3.4468038082122803
training_0156,A,letter,-3.210941791534424
training_0156,B,letter,-2.398441791534424
training_0156,C,letter,-0.2890667617321014
training_0156,D,letter,-2.132816791534424
training_0967,A,present,-2.21875
training_0967,B,present,-3.375000089406967
training_0967,C,present,-2.218750037252903
training_0967,D,present,-4.546874984167516
training_1775,A,letter,-0.3316705524921417
training_1775,B,letter,-2.80042052268982
training_1775,C,letter,-1.7535455226898191
training_1775,D,letter,-3.06604552268982
training_2879,A,letter,-0.8651629686355591
training_2879,B,letter,-0.8807879686355591
training_2879,C,letter,-1.865162968635559
training_2879,D,letter,-4.7245378494262695
training_0158,A,letter,-0.9207029342651368
training_0158,B,letter,-3.4207029342651367
training_0158,C,letter,-4.201952934265137
training_0158,D,letter,-0.5925779342651367
training_0969,A,present,-5.015624965075404
training_0969,B,present,-4.437499791383743
training_0969,C,present,-4.9999997788108885
training_0969,D,present,-5.04687483003363
training_1777,A,letter,-0.1279507428407669
training_1777,B,letter,-2.487325668334961
training_1777,C,letter,-3.643575668334961
training_1777,D,letter,-4.581075668334961
training_2477,CADB,perm,1.0
training_2477,A<B,pair,2.4062499925494194
training_2477,A<C,pair,0.234375
training_2477,A<D,pair,3.859374888241291
training_2477,B<C,pair,-2.765625052154064
training_2477,B<D,pair,1.9375000298023224
training_2477,C<D,pair,4.1562498062849045
training_2881,A,letter,-0.1270769238471985
training_2881,B,letter,-3.6270768642425537
training_2881,C,letter,-3.8302018642425537
training_2881,D,letter,-2.6583268642425537
training_0164,A,letter,-2.4071288108825684
training_0164,B,letter,-1.3290038108825684
training_0164,C,letter,-0.5165038704872131
training_0164,D,letter,-3.0790038108825684
training_0975,A,present,-1.5000000298023224
training_0975,B,present,-2.734374932944774
training_0975,C,present,-2.1562499701976776
training_0975,D,present,-4.671874878928065
training_1783,A,letter,-3.049438238143921
training_1783,B,letter,-1.8775633573532104
training_1783,C,letter,-3.080688238143921
training_1783,D,letter,-0.283813327550888
training_2887,A,letter,-1.524238348007202
training_2887,B,letter,-5.352363586425781
training_2887,C,letter,-3.211738348007202
training_2887,D,letter,-0.3054884076118469
training_0166,A,letter,-0.7677218914031982
training_0166,B,letter,-3.0020968914031982
training_0166,C,letter,-0.9395968914031982
training_0166,D,letter,-2.3770968914031982
training_0977,A,present,-2.3125001043081284
training_0977,B,present,-4.156250005587936
training_0977,C,present,-3.437499977648258
training_0977,D,present,-0.6718749403953552
training_1785,A,letter,-2.030182123184204
training_1785,B,letter,-1.748932123184204
training_1785,C,letter,-1.795807123184204
training_1785,D,letter,-0.6395570635795593
training_2889,A,letter,-3.0356380939483643
training_2889,B,letter,-0.598138153553009
training_2889,C,letter,-2.3793880939483643
training_2889,D,letter,-1.1762630939483645
training_0168,A,letter,-3.7673885822296143
training_0168,B,letter,-1.6736385822296145
training_0168,C,letter,-0.501763641834259
training_0168,D,letter,-1.7048885822296145
training_0979,A,present,-1.5000000298023224
training_0979,B,present,-6.578124866937287
training_0979,C,present,-4.812499999068677
training_0979,D,present,-0.890625
training_1787,A,letter,-0.4157068431377411
training_1787,B,letter,-4.056331634521484
training_1787,C,letter,-1.2125818729400637
training_1787,D,letter,-3.728206872940064
training_2891,A,letter,-0.2566471397876739
training_2891,B,letter,-4.381647109985352
training_2891,C,letter,-1.6628971099853516
training_2891,D,letter,-3.787897109985352
training_0170,A,letter,-5.677100658416748
training_0170,B,letter,-0.005225452594459
training_0170,C,letter,-9.20835018157959
training_0170,D,letter,-6.442725658416748
training_0981,A,present,-7.57812485093018
training_0981,B,present,-0.7968750298023224
training_0981,C,present,-5.546875031199306
training_0981,D,present,2.468749962747097
training_1789,A,letter,-6.597671508789063
training_1789,B,letter,-0.0039213206619024
training_1789,C,letter,-7.7070465087890625
training_1789,D,letter,-6.222671508789063
training_2893,A,letter,-5.086835861206055
training_2893,B,letter,-2.039960622787476
training_2893,C,letter,-0.1493357270956039
training_2893,D,letter,-6.180585861206055
training_0172,A,letter,-1.145924091339111
training_0172,B,letter,-5.067799091339111
training_0172,C,letter,-0.5521740317344666
training_0172,D,letter,-2.3177990913391118
training_0983,A,present,-6.828125041211024
training_0983,B,present,-2.328125044703484
training_0983,C,present,-0.671875
training_0983,D,present,-3.7031249403953552
training_1791,A,letter,-2.649171829223633
training_1791,B,letter,-7.258546829223633
training_1791,C,letter,-2.242921829223633
training_1791,D,letter,-0.1960469037294387
training_2895,A,letter,-0.5549218654632568
training_2895,B,letter,-3.289296865463257
training_2895,C,letter,-0.9611718654632568
training_2895,D,letter,-5.226797103881836
training_0174,A,letter,-4.044394016265869
training_0174,B,letter,-0.0600190237164497
training_0174,C,letter,-5.856894016265869
training_0174,D,letter,-3.294394016265869
training_0985,A,present,-0.234375
training_0985,B,present,0.390625
training_0985,C,present,-4.984375023283064
training_0985,D,present,-2.0624999552965164
training_1793,A,letter,-4.206910133361816
training_1793,B,letter,-1.5350351333618164
training_1793,C,letter,-2.6131601333618164
training_1793,D,letter,-0.3631601333618164
training_2897,A,letter,-2.324847936630249
training_2897,B,letter,-4.059223175048828
training_2897,C,letter,-1.637347936630249
training_2897,D,letter,-0.3717229962348938
training_0178,A,letter,-3.523488521575928
training_0178,B,letter,-0.9766135215759276
training_0178,C,letter,-0.6016135215759277
training_0178,D,letter,-3.117238521575928
training_0989,A,present,-0.9843749701976776
training_0989,B,present,-3.859375
training_0989,C,present,-4.046874841675162
training_0989,D,present,-6.671875036903657
training_1797,A,letter,-2.654968500137329
training_1797,B,letter,-1.998718500137329
training_1797,C,letter,-3.279968500137329
training_1797,D,letter,-0.2799685299396515
training_2901,A,letter,-0.0358319170773029
training_2901,B,letter,-4.676456928253174
training_2901,C,letter,-4.067081928253174
training_2901,D,letter,-4.817081928253174
training_0180,A,letter,-4.386750221252441
training_0180,B,letter,-0.0430000238120555
training_0180,C,letter,-3.7617499828338623
training_0180,D,letter,-5.214875221252441
training_0991,A,present,-5.031250232364982
training_0991,B,present,0.046875
training_0991,C,present,0.0625
training_0991,D,present,-5.062499780673534
training_1799,A,letter,-1.391136884689331
training_1799,B,letter,-3.797386884689331
training_1799,C,letter,-0.3442618548870086
training_1799,D,letter,-3.953636884689331
training_2481,BCDA,perm,1.0
training_2481,A<B,pair,-1.7968750447034836
training_2481,A<C,pair,-1.6718750298023224
training_2481,A<D,pair,-0.9062499701976776
training_2481,B<C,pair,0.796875
training_2481,B<D,pair,0.8124999403953552
training_2481,C<D,pair,-0.5
training_2903,A,letter,-0.2592467367649078
training_2903,B,letter,-1.9467467069625852
training_2903,C,letter,-4.352996826171875
training_2903,D,letter,-2.634246826171875
training_0182,A,letter,-1.0636252164840698
training_0182,B,letter,-1.2198752164840698
training_0182,C,letter,-1.0636252164840698
training_0182,D,letter,-4.469875335693359
training_0993,A,present,-3.484375083819032
training_0993,B,present,-4.749999771825969
training_0993,C,present,-3.921875111758709
training_0993,D,present,-4.734375125728548
training_1801,A,letter,-2.129204750061035
training_1801,B,letter,-2.301079750061035
training_1801,C,letter,-1.2542047500610352
training_1801,D,letter,-0.7073298096656799
training_2905,A,letter,-4.942424774169922
training_2905,B,letter,-2.708049774169922
training_2905,C,letter,-0.0830497741699218
training_2905,D,letter,-5.254924774169922
training_0185,A,letter,-2.6898210048675537
training_0185,B,letter,-4.049195766448975
training_0185,C,letter,-0.1429459601640701
training_0185,D,letter,-3.0648210048675537
training_0996,A,present,-3.109374903142452
training_0996,B,present,1.234375
training_0996,C,present,-0.6250000298023224
training_0996,D,present,-0.5624999403953552
training_1804,A,letter,-0.474166989326477
training_1804,B,letter,-1.442916989326477
training_1804,C,letter,-4.021041870117188
training_1804,D,letter,-2.0991668701171875
training_2483,BCAD,perm,1.0
training_2483,A<B,pair,-1.6718749701976776
training_2483,A<C,pair,-2.687500052154064
training_2483,A<D,pair,0.46875
training_2483,B<C,pair,-1.5625
training_2483,B<D,pair,1.7343749850988388
training_2483,C<D,pair,4.000000236555934
training_2908,A,letter,-1.230716586112976
training_2908,B,letter,-0.8557165861129761
training_2908,C,letter,-1.324466586112976
training_2908,D,letter,-4.152591705322266
training_0188,A,letter,-4.311515331268311
training_0188,B,letter,-8.139640808105469
training_0188,C,letter,-7.2490153312683105
training_0188,D,letter,-0.0146404011175036
training_0999,A,present,-0.6562500298023224
training_0999,B,present,-0.953125
training_0999,C,present,0.5937500596046448
training_0999,D,present,0.1875
training_1807,A,letter,-0.4186769127845764
training_1807,B,letter,-2.137426853179932
training_1807,C,letter,-1.7624268531799316
training_1807,D,letter,-2.965551853179932
training_2911,A,letter,-2.0884814262390137
training_2911,B,letter,-2.7291064262390137
training_2911,C,letter,-2.4791064262390137
training_2911,D,letter,-0.3228563368320465
training_0190,A,letter,-6.077828884124756
training_0190,B,letter,-2.327828884124756
training_0190,C,letter,-4.093453884124756
training_0190,D,letter,-0.1247040033340454
training_1001,A,present,-1.7812500149011612
training_1001,B,present,-1.1250000298023224
training_1001,C,present,-2.2499999552965164
training_1001,D,present,-3.828125035390258
training_1809,A,letter,-2.5577609539031982
training_1809,B,letter,-1.1515109539031982
training_1809,C,letter,-2.2296359539031982
training_1809,D,letter,-0.6983858942985535
training_2913,A,letter,-4.084512710571289
training_2913,B,letter,-1.6938875913619995
training_2913,C,letter,-0.2720125615596771
training_2913,D,letter,-3.31888747215271
training_0193,A,letter,-7.319477558135986
training_0193,B,letter,-8.444478034973145
training_0193,C,letter,-5.116352558135986
training_0193,D,letter,-0.0069775958545506
training_1004,A,present,-3.6093749720603223
training_1004,B,present,-7.953125204803655
training_1004,C,present,-1.8593750596046448
training_1004,D,present,-3.828125013038516
training_1812,A,letter,-5.394879817962647
training_1812,B,letter,-4.973004817962647
training_1812,C,letter,-0.019879974424839
training_1812,D,letter,-4.848004817962647
training_2916,A,letter,-1.2118558883666992
training_2916,B,letter,-0.4774808287620544
training_2916,C,letter,-2.680605888366699
training_2916,D,letter,-4.368105888366699
training_0196,A,letter,-0.0336790829896926
training_0196,B,letter,-6.674304008483887
training_0196,C,letter,-4.377429008483887
training_0196,D,letter,-3.971179008483887
training_1007,A,present,-4.156249882653356
training_1007,B,present,-4.812499923631549
training_1007,C,present,0.203125
training_1007,D,present,-3.859374903142452
training_1815,A,letter,-3.0674588680267334
training_1815,B,letter,-1.1143338680267334
training_1815,C,letter,-0.5674588680267334
training_1815,D,letter,-2.8955838680267334
training_2919,A,letter,-1.720542550086975
training_2919,B,letter,-3.7674174308776855
training_2919,C,letter,-0.5799175500869751
training_2919,D,letter,-1.439292550086975
training_0199,A,letter,-0.2947387099266052
training_0199,B,letter,-4.91973876953125
training_0199,C,letter,-5.21661376953125
training_0199,D,letter,-1.41973876953125
training_1010,A,present,-1.9843749105930328
training_1010,B,present,-1.6406249552965164
training_1010,C,present,-3.687499891966581
training_1010,D,present,-4.375000102445483
training_1818,A,letter,-0.470349907875061
training_1818,B,letter,-1.282849907875061
training_1818,C,letter,-4.407849788665772
training_1818,D,letter,-2.4703497886657715
training_2922,A,letter,-0.5589797496795654
training_2922,B,letter,-1.5589797496795654
training_2922,C,letter,-3.371479749679565
training_2922,D,letter,-1.6996047496795654
training_0203,A,letter,-2.7334682941436768
training_0203,B,letter,-0.1397183835506439
training_0203,C,letter,-3.3272182941436768
training_0203,D,letter,-3.5772182941436768
training_1014,A,present,-4.125000087544322
training_1014,B,present,-4.093750076368451
training_1014,C,present,-4.718750002793968
training_1014,D,present,0.0625
training_1822,A,letter,-4.3955817222595215
training_1822,B,letter,-3.8799569606781006
training_1822,C,letter,-1.192456841468811
training_1822,D,letter,-0.4112068712711334
training_2926,A,letter,-2.0232386589050293
training_2926,B,letter,-0.4607385396957397
training_2926,C,letter,-1.5076135396957395
training_2926,D,letter,-4.257613658905029
training_0205,A,letter,-2.148268938064575
training_0205,B,letter,-1.6795189380645752
training_0205,C,letter,-3.726393938064575
training_0205,D,letter,-0.3982689082622528
training_1016,A,present,-2.9843751154839997
training_1016,B,present,-5.999999794177711
training_1016,C,present,-5.812499774154276
training_1016,D,present,-4.937499826774001
training_1824,A,letter,-4.957028388977051
training_1824,B,letter,-3.707028388977051
training_1824,C,letter,-1.3007783889770508
training_1824,D,letter,-0.3632784485816955
training_2928,A,letter,-2.658267974853516
training_2928,B,letter,-2.423892974853516
training_2928,C,letter,-3.252017974853516
training_2928,D,letter,-0.2207680791616439
training_0208,A,letter,-0.6159733533859253
training_0208,B,letter,-1.5065983533859253
training_0208,C,letter,-3.459723472595215
training_0208,D,letter,-1.5847233533859253
training_1019,A,present,-0.078125
training_1019,B,present,-3.749999942258
training_1019,C,present,-2.859375074505806
training_1019,D,present,-4.609375048428774
training_1827,A,letter,-0.4228450059890747
training_1827,B,letter,-1.7197200059890747
training_1827,C,letter,-2.704094886779785
training_1827,D,letter,-2.329094886779785
training_2488,DBCA,perm,1.0
training_2488,A<B,pair,-0.484375
training_2488,A<C,pair,-0.6406249403953552
training_2488,A<D,pair,-0.7343749403953552
training_2488,B<C,pair,0.375
training_2488,B<D,pair,-0.203125
training_2488,C<D,pair,0.734375
training_2931,A,letter,-0.8627480268478394
training_2931,B,letter,-1.6439980268478394
training_2931,C,letter,-1.1283730268478394
training_2931,D,letter,-2.815873146057129
training_0212,A,letter,-3.64547610282898
training_0212,B,letter,-4.0829758644104
training_0212,C,letter,-0.1142260804772377
training_0212,D,letter,-2.7548511028289795
training_1023,A,present,-5.468750210478902
training_1023,B,present,-1.6874999403953552
training_1023,C,present,-1.8124999552965164
training_1023,D,present,-0.328125
training_1831,A,letter,-3.011800765991211
training_1831,B,letter,-1.480550765991211
training_1831,C,letter,-1.214925765991211
training_1831,D,letter,-0.8555507659912109
training_2935,A,letter,-1.7940900325775146
training_2935,B,letter,-1.6847150325775146
training_2935,C,letter,-1.1690900325775146
training_2935,D,letter,-1.0909650325775146
training_0214,A,letter,-0.6402646899223328
training_0214,B,letter,-4.499639511108398
training_0214,C,letter,-3.140264749526977
training_0214,D,letter,-0.8746396899223328
training_1025,A,present,-4.64062480814755
training_1025,B,present,0.203125
training_1025,C,present,-5.062500062864274
training_1025,D,present,-0.421875
training_1833,A,letter,-2.71294903755188
training_1833,B,letter,-2.83794903755188
training_1833,C,letter,-0.2598240375518799
training_1833,D,letter,-2.27544903755188
training_2937,A,letter,-3.3836669921875
training_2937,B,letter,-0.5242918729782104
training_2937,C,letter,-1.1024168729782104
training_2937,D,letter,-3.1961669921875
training_0218,A,letter,-5.769344329833984
training_0218,B,letter,-4.597469329833984
training_0218,C,letter,-0.0818445533514022
training_0218,D,letter,-2.7380945682525635
training_1029,A,present,-2.578125037252903
training_1029,B,present,-2.8593749552965164
training_1029,C,present,-3.750000018626452
training_1029,D,present,-3.781250027939677
training_1837,A,letter,-0.8693686723709106
training_1837,B,letter,-2.619368553161621
training_1837,C,letter,-1.1974936723709106
training_1837,D,letter,-1.5881186723709106
training_2941,A,letter,-0.2433218508958816
training_2941,B,letter,-2.555821895599365
training_2941,C,letter,-5.149571895599365
training_2941,D,letter,-2.024571895599365
training_0221,A,letter,-0.1898839771747589
training_0221,B,letter,-2.7992589473724365
training_0221,C,letter,-2.3617589473724365
training_0221,D,letter,-4.111759185791016
training_1032,A,present,-5.625000077998266
training_1032,B,present,-6.81250020605512
training_1032,C,present,-1.03125
training_1032,D,present,-8.093750310334144
training_1840,A,letter,-2.850541830062866
training_1840,B,letter,-5.084916591644287
training_1840,C,letter,-0.1786667257547378
training_1840,D,letter,-2.319291830062866
training_2944,A,letter,-0.84214186668396
training_2944,B,letter,-1.93589186668396
training_2944,C,letter,-1.15464186668396
training_2944,D,letter,-2.24839186668396
training_0225,A,letter,-4.325096607208252
training_0225,B,letter,-0.0282214637845754
training_0225,C,letter,-5.262596607208252
training_0225,D,letter,-4.700096607208252
training_1036,A,present,-3.4374999925494194
training_1036,B,present,-3.718749908730388
training_1036,C,present,-4.046875135973096
training_1036,D,present,0.7187500298023224
training_1844,A,letter,-3.9494378566741934
training_1844,B,letter,-0.1369379609823227
training_1844,C,letter,-2.3556878566741943
training_1844,D,letter,-4.308813095092773
training_2493,DCAB,perm,1.0
training_2493,A<B,pair,0.640625
training_2493,A<C,pair,-2.812500011175871
training_2493,A<D,pair,-2.296875096857548
training_2493,B<C,pair,-2.8906250558793545
training_2493,B<D,pair,-2.765625026077032
training_2493,C<D,pair,-0.171875
training_2948,A,letter,-5.740171909332275
training_2948,B,letter,-6.412046909332275
training_2948,C,letter,-0.0057971202768385
training_2948,D,letter,-7.162046909332275
training_0227,A,letter,-5.666915893554688
training_0227,B,letter,-5.354415893554688
training_0227,C,letter,-0.010665675625205
training_0227,D,letter,-6.135665893554688
training_1038,A,present,-1.828125044703484
training_1038,B,present,-3.874999994412065
training_1038,C,present,-5.765624838415533
training_1038,D,present,2.0937499925494194
training_1846,A,letter,-5.91147518157959
training_1846,B,letter,-6.23960018157959
training_1846,C,letter,-0.0052249780856072
training_1846,D,letter,-7.61460018157959
training_2950,A,letter,-0.1047591343522071
training_2950,B,letter,-4.698509216308594
training_2950,C,letter,-3.8391342163085938
training_2950,D,letter,-2.6828842163085938
training_0230,A,letter,-3.042180299758911
training_0230,B,letter,-3.995305299758911
training_0230,C,letter,-0.1828052699565887
training_0230,D,letter,-2.307805299758911
training_1041,A,present,-4.531249890103936
training_1041,B,present,-3.0156250037252903
training_1041,C,present,-7.07812506769551
training_1041,D,present,-5.546874919906259
training_1849,A,letter,-3.406112670898437
training_1849,B,letter,-4.3592376708984375
training_1849,C,letter,-0.0936126261949539
training_1849,D,letter,-3.156112670898437
training_2495,DBAC,perm,1.0
training_2495,A<B,pair,-0.109375
training_2495,A<C,pair,0.7968750298023224
training_2495,A<D,pair,-0.6250000298023224
training_2495,B<C,pair,1.4999999552965164
training_2495,B<D,pair,0.21875
training_2495,C<D,pair,-0.9218750596046448
training_2953,A,letter,-2.354857921600342
training_2953,B,letter,-0.589232861995697
training_2953,C,letter,-1.1829829216003418
training_2953,D,letter,-3.151732921600342
training_0232,A,letter,-2.0586977005004883
training_0232,B,letter,-1.9180728197097776
training_0232,C,letter,-0.5118228197097778
training_0232,D,letter,-2.0899477005004883
training_1043,A,present,-0.5468750298023224
training_1043,B,present,-2.624999888241291
training_1043,C,present,-6.593750084284693
training_1043,D,present,-4.234375016763806
training_1851,A,letter,-3.7694127559661865
training_1851,B,letter,-1.722537636756897
training_1851,C,letter,-3.9100377559661865
training_1851,D,letter,-0.2537876665592193
training_2497,DBAC,perm,1.0
training_2497,A<B,pair,-1.6406250149011612
training_2497,A<C,pair,0.375
training_2497,A<D,pair,-0.5937499403953552
training_2497,B<C,pair,2.7812498845160007
training_2497,B<D,pair,1.2499999701976776
training_2497,C<D,pair,-1.1406250596046448
training_2955,A,letter,-2.311147689819336
training_2955,B,letter,-1.3736475706100464
training_2955,C,letter,-0.5455225706100464
training_2955,D,letter,-2.701772689819336
training_0234,A,letter,-5.105807781219482
training_0234,B,letter,-3.574558019638061
training_0234,C,letter,-0.1683079749345779
training_0234,D,letter,-2.121433019638061
training_1045,A,present,1.1249999701976776
training_1045,B,present,-3.5468751080334187
training_1045,C,present,-2.5312500596046448
training_1045,D,present,-2.125000096857548
training_1853,A,letter,-0.051597811281681
training_1853,B,letter,-6.739097595214844
training_1853,C,letter,-8.567222595214844
training_1853,D,letter,-3.020347833633423
training_2957,A,letter,-5.223459720611572
training_2957,B,letter,-4.989084720611572
training_2957,C,letter,-0.0359598062932491
training_2957,D,letter,-3.785959720611572
training_0237,A,letter,-6.095254421234131
training_0237,B,letter,-0.0483796149492263
training_0237,C,letter,-3.50150465965271
training_0237,D,letter,-4.267129421234131
training_1048,A,present,-4.20312484819442
training_1048,B,present,-0.90625
training_1048,C,present,-4.828124879859388
training_1048,D,present,-2.156249910593033
training_1856,A,letter,-1.0317590236663818
training_1856,B,letter,-0.7192590236663818
training_1856,C,letter,-3.406759023666382
training_1856,D,letter,-2.109884023666382
training_2960,A,letter,-0.8655374050140381
training_2960,B,letter,-1.584287405014038
training_2960,C,letter,-1.443662405014038
training_2960,D,letter,-1.990537405014038
training_0239,A,letter,-0.001810222514905
training_0239,B,letter,-7.204935073852539
training_0239,C,letter,-7.626810073852539
training_0239,D,letter,-7.548685073852539
training_1050,A,present,1.9218750596046448
training_1050,B,present,1.2656249701976776
training_1050,C,present,-5.937499969964847
training_1050,D,present,-6.875000153202564
training_1858,A,letter,-4.704947471618652
training_1858,B,letter,-0.0330725088715553
training_1858,C,letter,-4.204947471618652
training_1858,D,letter,-4.829947471618652
training_2498,DBAC,perm,1.0
training_2498,A<B,pair,-2.703125022351742
training_2498,A<C,pair,-0.25
training_2498,A<D,pair,-2.937499977648258
training_2498,B<C,pair,4.031250018626452
training_2498,B<D,pair,-0.390625
training_2498,C<D,pair,-2.562499947845936
training_2962,A,letter,-3.783457279205322
training_2962,B,letter,-4.767832279205322
training_2962,C,letter,-6.533457279205322
training_2962,D,letter,-0.0334572941064834
training_0241,A,letter,-1.5224851369857788
training_0241,B,letter,-0.2568601667881012
training_0241,C,letter,-5.897485256195068
training_0241,D,letter,-5.506860256195068
training_1052,A,present,-6.60937494202517
training_1052,B,present,-5.562500069383532
training_1052,C,present,-5.093750089406967
training_1052,D,present,-0.4375
training_1860,A,letter,-0.9675604104995728
training_1860,B,letter,-0.4988104403018951
training_1860,C,letter,-4.623810291290283
training_1860,D,letter,-5.983185291290283
training_2500,DCAB,perm,1.0
training_2500,A<B,pair,1.4531249701976776
training_2500,A<C,pair,-3.125000093132257
training_2500,A<D,pair,-4.062500098720193
training_2500,B<C,pair,-3.953125011175871
training_2500,B<D,pair,-4.203124919906259
training_2500,C<D,pair,-1.4843749552965164
training_2964,A,letter,-6.764740943908691
training_2964,B,letter,-0.0303660631179809
training_2964,C,letter,-3.7959909439086914
training_2964,D,letter,-5.108490943908691
training_0245,A,letter,-0.750291109085083
training_0245,B,letter,-3.000291109085083
training_0245,C,letter,-0.969041109085083
training_0245,D,letter,-2.344041109085083
training_1056,A,present,-2.312499918043613
training_1056,B,present,-5.593750033294782
training_1056,C,present,2.0625001043081284
training_1056,D,present,-3.734374906867743
training_1864,A,letter,-2.787095785140991
training_1864,B,letter,-1.3495957851409912
training_1864,C,letter,-0.443345844745636
training_1864,D,letter,-3.333970785140991
training_2504,BDCA,perm,1.0
training_2504,A<B,pair,-2.359375014901161
training_2504,A<C,pair,0.6562499701976776
training_2504,A<D,pair,0.6093749701976776
training_2504,B<C,pair,2.9531248807907104
training_2504,B<D,pair,3.0156249925494194
training_2504,C<D,pair,1.4843750298023224
training_2968,A,letter,-0.1816322356462478
training_2968,B,letter,-3.4003822803497314
training_2968,C,letter,-2.3378822803497314
training_2968,D,letter,-3.3378822803497314
training_0247,A,letter,-1.7538704872131348
training_0247,B,letter,-1.3476204872131348
training_0247,C,letter,-1.0819954872131348
training_0247,D,letter,-1.4882454872131348
training_1058,A,present,-1.3437500298023224
training_1058,B,present,-0.328125
training_1058,C,present,-2.250000111758709
training_1058,D,present,-3.406250111758709
training_1866,A,letter,-2.8157901763916016
training_1866,B,letter,-2.4876651763916016
training_1866,C,letter,-1.081415057182312
training_1866,D,letter,-0.659540057182312
training_2506,ADBC,perm,1.0
training_2506,A<B,pair,4.578124836087227
training_2506,A<C,pair,4.156250057742
training_2506,A<D,pair,3.015624925494194
training_2506,B<C,pair,-0.265625
training_2506,B<D,pair,-1.6718749850988388
training_2506,C<D,pair,-1.2343749701976776
training_2970,A,letter,-2.3195931911468506
training_2970,B,letter,-1.0070931911468506
training_2970,C,letter,-0.8664682507514954
training_2970,D,letter,-2.1633431911468506
training_0249,A,letter,-1.4133501052856443
training_0249,B,letter,-2.1477251052856445
training_0249,C,letter,-3.3196001052856445
training_0249,D,letter,-0.5071001052856445
training_1060,A,present,-7.171875097905286
training_1060,B,present,-1.671875
training_1060,C,present,-3.7343749459832902
training_1060,D,present,-2.890625022351742
training_1868,A,letter,-1.0516772270202637
training_1868,B,letter,-2.957927227020264
training_1868,C,letter,-0.9891772270202636
training_1868,D,letter,-1.4891772270202637
training_2972,A,letter,-4.058318614959717
training_2972,B,letter,-1.6676936149597168
training_2972,C,letter,-4.464568614959717
training_2972,D,letter,-0.2458186745643615
training_0252,A,letter,-0.200042262673378
training_0252,B,letter,-3.481292247772217
training_0252,C,letter,-2.012542247772217
training_0252,D,letter,-4.137542247772217
training_1063,A,present,-2.781250037252903
training_1063,B,present,-1.0156250298023224
training_1063,C,present,-5.265624972991645
training_1063,D,present,-1.6249999403953552
training_1871,A,letter,-5.120696544647217
training_1871,B,letter,-3.995696544647217
training_1871,C,letter,-0.0269466489553451
training_1871,D,letter,-6.214446544647217
training_2508,ACDB,perm,1.0
training_2508,A<B,pair,3.515624964609742
training_2508,A<C,pair,3.421875
training_2508,A<D,pair,4.937500184867531
training_2508,B<C,pair,-0.265625
training_2508,B<D,pair,0.265625
training_2508,C<D,pair,0.40625
training_2975,A,letter,-1.6080714464187622
training_2975,B,letter,-3.3424463272094727
training_2975,C,letter,-1.7486964464187622
training_2975,D,letter,-0.5299464464187622
training_0254,A,letter,-3.868657112121582
training_0254,B,letter,-0.0874072313308715
training_0254,C,letter,-3.368657112121582
training_0254,D,letter,-3.603032112121582
training_1065,A,present,-1.1874999701976776
training_1065,B,present,-2.718749985098839
training_1065,C,present,-5.515625148080289
training_1065,D,present,-0.453125
training_1873,A,letter,-3.528961420059204
training_1873,B,letter,-6.247711181640625
training_1873,C,letter,-2.200836420059204
training_1873,D,letter,-0.1539613902568817
training_2510,BDCA,perm,1.0
training_2510,A<B,pair,-4.39062519185245
training_2510,A<C,pair,-1.2656249701976776
training_2510,A<D,pair,-4.656249886378646
training_2510,B<C,pair,3.953125067055226
training_2510,B<D,pair,0.5468750298023224
training_2510,C<D,pair,-3.2968750074505806
training_2977,A,letter,-2.294416904449463
training_2977,B,letter,-1.216291904449463
training_2977,C,letter,-2.747541904449463
training_2977,D,letter,-0.6225419640541077
training_0256,A,letter,-0.00834596529603
training_0256,B,letter,-7.789596080780029
training_0256,C,letter,-7.914596080780029
training_0256,D,letter,-4.898971080780029
training_1067,A,present,0.359375
training_1067,B,present,-2.6718748807907104
training_1067,C,present,1.8750001043081284
training_1067,D,present,-0.078125
training_1875,A,letter,-0.5410110354423523
training_1875,B,letter,-1.041011095046997
training_1875,C,letter,-3.228511095046997
training_1875,D,letter,-3.712886095046997
training_2512,BDAC,perm,1.0
training_2512,A<B,pair,-3.906249918043613
training_2512,A<C,pair,4.671874953433871
training_2512,A<D,pair,-3.890625074505806
training_2512,B<C,pair,8.484375385727617
training_2512,B<D,pair,2.7187500298023224
training_2512,C<D,pair,-7.187499959953129
training_2979,A,letter,-0.9441526532173156
training_2979,B,letter,-0.7097776532173157
training_2979,C,letter,-2.444152593612671
training_2979,D,letter,-3.475402593612671
training_0258,A,letter,-1.3503687381744385
training_0258,B,letter,-5.225368499755859
training_0258,C,letter,-1.8972437381744385
training_0258,D,letter,-0.5378687381744385
training_1069,A,present,-1.9687501043081284
training_1069,B,present,-4.015624795109034
training_1069,C,present,-3.999999806284905
training_1069,D,present,-7.109374784573447
training_1877,A,letter,-5.989654064178467
training_1877,B,letter,-0.0052789342589676
training_1877,C,letter,-8.739653587341309
training_1877,D,letter,-6.020904064178467
training_2981,A,letter,-0.04239222407341
training_2981,B,letter,-4.589267253875732
training_2981,C,letter,-4.011142253875732
training_2981,D,letter,-4.354892253875732
training_0260,A,letter,-3.430522918701172
training_0260,B,letter,-3.977397918701172
training_0260,C,letter,-0.1180230155587196
training_0260,D,letter,-2.821147918701172
training_1071,A,present,-1.9531250596046448
training_1071,B,present,1.6093750596046448
training_1071,C,present,-3.374999977648258
training_1071,D,present,-1.5937500298023224
training_1879,A,letter,-2.6821532249450684
training_1879,B,letter,-4.791528224945068
training_1879,C,letter,-0.4477782845497131
training_1879,D,letter,-1.2602782249450684
training_2983,A,letter,-0.5708036422729492
training_2983,B,letter,-1.5551786422729492
training_2983,C,letter,-1.7895536422729492
training_2983,D,letter,-2.914553642272949
training_0263,A,letter,-4.921642303466797
training_0263,B,letter,-3.7341420650482178
training_0263,C,letter,-0.1091420799493789
training_0263,D,letter,-2.6403920650482178
training_1074,A,present,-2.328125014901161
training_1074,B,present,-0.078125
training_1074,C,present,-2.218749947845936
training_1074,D,present,-0.7812500298023224
training_1882,A,letter,-0.9227250218391418
training_1882,B,letter,-1.078974962234497
training_1882,C,letter,-3.235224962234497
training_1882,D,letter,-1.516474962234497
training_2513,CDBA,perm,1.0
training_2513,A<B,pair,0.5
training_2513,A<C,pair,-1.4843749850988388
training_2513,A<D,pair,0.015625
training_2513,B<C,pair,-2.078125111758709
training_2513,B<D,pair,0.5468750596046448
training_2513,C<D,pair,1.7500000596046448
training_2986,A,letter,-1.2003452777862549
training_2986,B,letter,-1.1847202777862549
training_2986,C,letter,-4.059720039367676
training_2986,D,letter,-0.9815952777862548
training_0266,A,letter,-0.6888464689254761
training_0266,B,letter,-4.938846588134766
training_0266,C,letter,-0.7200964689254761
training_0266,D,letter,-5.813846588134766
training_1077,A,present,-1.3906249850988388
training_1077,B,present,-5.453125135973096
training_1077,C,present,-6.140624763444066
training_1077,D,present,-6.31250019883737
training_1885,A,letter,-1.3060309886932373
training_1885,B,letter,-4.071656227111816
training_1885,C,letter,-2.7904059886932373
training_1885,D,letter,-0.4310310184955597
training_2989,A,letter,-3.814019680023194
training_2989,B,letter,-1.5952696800231934
training_2989,C,letter,-0.2671447098255157
training_2989,D,letter,-4.751519680023193
training_0268,A,letter,-3.051499605178833
training_0268,B,letter,-3.473374605178833
training_0268,C,letter,-0.2233745008707046
training_0268,D,letter,-2.113999605178833
training_1079,A,present,-0.8593749701976776
training_1079,B,present,-1.1093750298023224
training_1079,C,present,-2.187500022351742
training_1079,D,present,-3.2343750335276127
training_1887,A,letter,-4.5706071853637695
training_1887,B,letter,-3.5237319469451904
training_1887,C,letter,-0.3674820065498352
training_1887,D,letter,-1.3206069469451904
training_2991,A,letter,-4.230437755584717
training_2991,B,letter,-1.8241877555847168
training_2991,C,letter,-0.2460628002882003
training_2991,D,letter,-3.183562755584717
training_0270,A,letter,-3.4190030097961426
training_0270,B,letter,-2.2471280097961426
training_0270,C,letter,-5.809628009796143
training_0270,D,letter,-0.1533780694007873
training_1081,A,present,-3.4843749683350325
training_1081,B,present,-1.0781249701976776
training_1081,C,present,-1.7031250596046448
training_1081,D,present,-3.671875102445483
training_1889,A,letter,-1.154663324356079
training_1889,B,letter,-1.639038324356079
training_1889,C,letter,-2.279663324356079
training_1889,D,letter,-0.9515382647514344
training_2993,A,letter,-3.420966863632202
training_2993,B,letter,-1.155341863632202
training_2993,C,letter,-0.8584668040275574
training_2993,D,letter,-1.483466863632202
training_0273,A,letter,-0.1534288972616195
training_0273,B,letter,-2.215928792953491
training_0273,C,letter,-3.794053792953491
training_0273,D,letter,-4.63780403137207
training_1084,A,present,-4.640625176951289
training_1084,B,present,-1.4843749850988388
training_1084,C,present,-2.250000052154064
training_1084,D,present,-4.218750096857548
training_1892,A,letter,-1.075977802276611
training_1892,B,letter,-3.2791028022766118
training_1892,C,letter,-1.669727802276611
training_1892,D,letter,-0.8416028022766113
training_2996,A,letter,-4.3333821296691895
training_2996,B,letter,-2.208382368087769
training_2996,C,letter,-0.1771322935819625
training_2996,D,letter,-3.255257368087769
training_0276,A,letter,-4.312308311462402
training_0276,B,letter,-5.234183311462402
training_0276,C,letter,-4.468558311462402
training_0276,D,letter,-0.0310582984238863
training_1087,A,present,-0.7031250298023224
training_1087,B,present,-5.109375190921128
training_1087,C,present,-2.5468750074505806
training_1087,D,present,-2.5624999925494194
training_1895,A,letter,-3.025444746017456
training_1895,B,letter,-3.884819746017456
training_1895,C,letter,-2.666069746017456
training_1895,D,letter,-0.1504447907209396
training_2517,ACDB,perm,1.0
training_2517,A<B,pair,2.1406249552965164
training_2517,A<C,pair,0.203125
training_2517,A<D,pair,1.7812500149011612
training_2517,B<C,pair,-1.2968749701976776
training_2517,B<D,pair,-1.078125
training_2517,C<D,pair,0.359375
training_2999,A,letter,-3.230806589126587
training_2999,B,letter,-3.965181589126587
training_2999,C,letter,-1.2308064699172974
training_2999,D,letter,-0.4339314997196197
training_0278,A,letter,-5.124608993530273
training_0278,B,letter,-7.108983993530273
training_0278,C,letter,-2.937108993530273
training_0278,D,letter,-0.0621090084314346
training_1089,A,present,-6.3124999708961695
training_1089,B,present,-4.453124918974936
training_1089,C,present,0.7812500298023224
training_1089,D,present,-6.468749837717041
training_3001,A,letter,-0.4331754744052887
training_3001,B,letter,-3.480050563812256
training_3001,C,letter,-2.605050563812256
training_3001,D,letter,-1.4019254446029663
training_0280,A,letter,-3.806619882583618
training_0280,B,letter,-0.0878699421882629
training_0280,C,letter,-2.822244882583618
training_0280,D,letter,-6.369120121002197
training_1091,A,present,-7.312499984691385
training_1091,B,present,-0.7031249701976776
training_1091,C,present,-2.109374962747097
training_1091,D,present,-4.281250088475645
training_3003,A,letter,-2.088229894638061
training_3003,B,letter,-0.9632298946380616
training_3003,C,letter,-4.510105133056641
training_3003,D,letter,-0.7288548946380615
training_0283,A,letter,-2.3387374877929688
training_0283,B,letter,-0.2293625324964523
training_0283,C,letter,-5.463737487792969
training_0283,D,letter,-2.2762374877929688
training_1094,A,present,-2.0468751043081284
training_1094,B,present,-2.984374899417162
training_1094,C,present,-4.890624794643372
training_1094,D,present,1.6093750149011612
training_1899,A,letter,-3.7842862606048575
training_1899,B,letter,-3.5967862606048584
training_1899,C,letter,-0.0967863276600837
training_1899,D,letter,-3.1905362606048584
training_2521,ADBC,perm,1.0
training_2521,A<B,pair,4.875000099651516
training_2521,A<C,pair,4.499999827705324
training_2521,A<D,pair,0.984375
training_2521,B<C,pair,-0.6250000298023224
training_2521,B<D,pair,-5.046875176019967
training_2521,C<D,pair,-3.843750104308128
training_3006,A,letter,-4.179141044616699
training_3006,B,letter,-4.554141044616699
training_3006,C,letter,-0.3197662532329559
training_3006,D,letter,-1.3978912830352783
training_0285,A,letter,-3.407945156097412
training_0285,B,letter,-2.704820156097412
training_0285,C,letter,-0.3454452455043793
training_0285,D,letter,-1.6579452753067017
training_1096,A,present,-0.4999999701976776
training_1096,B,present,-4.374999879859388
training_1096,C,present,-1.0937500596046448
training_1096,D,present,-3.843750070780516
training_1901,A,letter,-2.8965635299682617
training_1901,B,letter,-4.630938529968262
training_1901,C,letter,-0.1934386193752288
training_1901,D,letter,-2.2090635299682617
training_3008,A,letter,-2.9824228286743164
training_3008,B,letter,-0.2636727392673492
training_3008,C,letter,-1.8417977094650269
training_3008,D,letter,-3.857422828674317
training_0287,A,letter,-3.41053318977356
training_0287,B,letter,-5.004283428192139
training_0287,C,letter,-3.72303318977356
training_0287,D,letter,-0.0667832940816879
training_1098,A,present,-3.3906250670552254
training_1098,B,present,-3.5000000949949026
training_1098,C,present,-6.312499849009328
training_1098,D,present,-1.3906249403953552
training_1903,A,letter,-0.7129470109939575
training_1903,B,letter,-4.384821891784668
training_1903,C,letter,-5.056696891784668
training_1903,D,letter,-0.7129470109939575
training_3010,A,letter,-0.2285464704036712
training_3010,B,letter,-3.916046380996704
training_3010,C,letter,-1.8535465002059937
training_3010,D,letter,-3.634796380996704
training_0289,A,letter,-1.7488242387771606
training_0289,B,letter,-5.233199119567871
training_0289,C,letter,-0.2019492387771606
training_0289,D,letter,-5.967574119567871
training_1100,A,present,-7.234374960709829
training_1100,B,present,-6.453125226311386
training_1100,C,present,-0.9218750298023224
training_1100,D,present,-1.6406249403953552
training_1905,A,letter,-3.464015007019043
training_1905,B,letter,-3.714015007019043
training_1905,C,letter,-0.214014932513237
training_1905,D,letter,-1.9952648878097532
training_3012,A,letter,-2.7188973426818848
training_3012,B,letter,-3.4845223426818848
training_3012,C,letter,-0.1251474618911743
training_3012,D,letter,-3.9220223426818848
training_0291,A,letter,-0.3677100837230682
training_0291,B,letter,-4.117710113525391
training_0291,C,letter,-4.555210113525391
training_0291,D,letter,-1.2739601135253906
training_1102,A,present,0.34375
training_1102,B,present,-2.1718748807907104
training_1102,C,present,-3.76562506146729
training_1102,D,present,-7.406249920255504
training_1907,A,letter,-2.543086290359497
training_1907,B,letter,-6.433711051940918
training_1907,C,letter,-0.1055862754583358
training_1907,D,letter,-3.933711290359497
training_3014,A,letter,-2.3915038108825684
training_3014,B,letter,-2.3602538108825684
training_3014,C,letter,-0.5165036916732788
training_3014,D,letter,-1.5321286916732788
training_0293,A,letter,-1.401984453201294
training_0293,B,letter,-0.4488594830036163
training_0293,C,letter,-3.495734453201294
training_0293,D,letter,-2.480109453201294
training_1104,A,present,-2.4843749403953552
training_1104,B,present,-0.046875
training_1104,C,present,-0.375
training_1104,D,present,-2.390624962747097
training_1909,A,letter,-0.8687145113945007
training_1909,B,letter,-0.7593395113945007
training_1909,C,letter,-3.8218395709991455
training_1909,D,letter,-2.415589570999145
training_2522,CBDA,perm,1.0
training_2522,A<B,pair,-3.375000063329935
training_2522,A<C,pair,-2.218749888241291
training_2522,A<D,pair,-1.0937500298023224
training_2522,B<C,pair,2.546874977648258
training_2522,B<D,pair,2.9062500409781933
training_2522,C<D,pair,1.0312499403953552
training_3016,A,letter,-6.374140739440918
training_3016,B,letter,-2.467890739440918
training_3016,C,letter,-0.0928907990455627
training_3016,D,letter,-6.233515739440918
training_0296,A,letter,-3.598278760910034
training_0296,B,letter,-3.082653760910034
training_0296,C,letter,-5.223278999328613
training_0296,D,letter,-0.0826538652181625
training_1107,A,present,-3.624999908730388
training_1107,B,present,-0.5625
training_1107,C,present,-0.90625
training_1107,D,present,1.140625
training_1912,A,letter,-2.788048028945923
training_1912,B,letter,-1.5849230289459229
training_1912,C,letter,-2.663048028945923
training_1912,D,letter,-0.4130479693412781
training_2525,DCBA,perm,1.0
training_2525,A<B,pair,0.203125
training_2525,A<C,pair,-2.8749999962747097
training_2525,A<D,pair,-3.437499951571226
training_2525,B<C,pair,-2.500000014901161
training_2525,B<D,pair,-3.359375096857548
training_2525,C<D,pair,0.5625
training_3019,A,letter,-1.333401441574097
training_3019,B,letter,-0.9584014415740968
training_3019,C,letter,-3.1302764415740967
training_3019,D,letter,-1.177151441574097
training_0298,A,letter,-1.990123987197876
training_0298,B,letter,-2.349498987197876
training_0298,C,letter,-0.568248987197876
training_0298,D,letter,-1.615123987197876
training_1109,A,present,-5.187500076834112
training_1109,B,present,-2.1250000596046448
training_1109,C,present,-3.078125111758709
training_1109,D,present,-0.109375
training_1914,A,letter,-1.4816038608551023
training_1914,B,letter,-0.9503538608551024
training_1914,C,letter,-1.5909788608551023
training_1914,D,letter,-1.7159788608551023
training_2527,BCDA,perm,1.0
training_2527,A<B,pair,-2.687499985098839
training_2527,A<C,pair,-2.1093750670552254
training_2527,A<D,pair,-0.265625
training_2527,B<C,pair,-0.28125
training_2527,B<D,pair,1.515625
training_2527,C<D,pair,2.9843749925494194
training_3021,A,letter,-3.5962917804718018
training_3021,B,letter,-1.4712917804718018
training_3021,C,letter,-1.9869167804718015
training_3021,D,letter,-0.5025418400764465
training_0300,A,letter,-2.89892315864563
training_0300,B,letter,-0.2270480841398239
training_0300,C,letter,-2.43017315864563
training_0300,D,letter,-2.83642315864563
training_1111,A,present,-2.546875014901161
training_1111,B,present,-1.9531250298023224
training_1111,C,present,-0.34375
training_1111,D,present,-3.7656248938292265
training_1916,A,letter,-4.267238140106201
training_1916,B,letter,-0.2672383487224579
training_1916,C,letter,-3.0797383785247803
training_1916,D,letter,-1.7516133785247805
training_3023,A,letter,-1.1980576515197754
training_3023,B,letter,-1.7293076515197754
training_3023,C,letter,-0.7136826515197754
training_3023,D,letter,-3.5261826515197754
training_0303,A,letter,-6.51933479309082
training_0303,B,letter,-8.22245979309082
training_0303,C,letter,-6.30058479309082
training_0303,D,letter,-0.0037098173052072
training_1114,A,present,-0.8593750596046448
training_1114,B,present,-1.1249999701976776
training_1114,C,present,-0.359375
training_1114,D,present,-5.328125199303031
training_1919,A,letter,-4.063492774963379
training_1919,B,letter,-2.313493013381958
training_1919,C,letter,-6.250992774963379
training_1919,D,letter,-0.125993013381958
training_3026,A,letter,-0.8659616708755493
training_3026,B,letter,-1.912836670875549
training_3026,C,letter,-1.537836670875549
training_3026,D,letter,-1.537836670875549
training_0305,A,letter,-5.6144795417785645
training_0305,B,letter,-8.536354064941406
training_0305,C,letter,-0.0051043666899204
training_0305,D,letter,-6.7551045417785645
training_1116,A,present,0.0625
training_1116,B,present,-3.671874947845936
training_1116,C,present,-0.234375
training_1116,D,present,-2.171875022351742
training_1921,A,letter,-1.7922130823135376
training_1921,B,letter,-0.9640880823135376
training_1921,C,letter,-3.260962963104248
training_1921,D,letter,-0.8859630823135376
training_3028,A,letter,-4.178683280944824
training_3028,B,letter,-4.006808280944824
training_3028,C,letter,-5.678683280944824
training_3028,D,letter,-0.0380582846701145
training_0307,A,letter,-6.269367218017578
training_0307,B,letter,-6.784992218017578
training_0307,C,letter,-0.0037421216256916
training_0307,D,letter,-7.363117218017578
training_1118,A,present,0.4375
training_1118,B,present,-3.734374998137355
training_1118,C,present,-3.890624955296517
training_1118,D,present,0.8125000298023224
training_1923,A,letter,-4.124964714050293
training_1923,B,letter,-1.937464952468872
training_1923,C,letter,-0.5624649524688721
training_1923,D,letter,-1.312464952468872
training_3030,A,letter,-2.020686626434326
training_3030,B,letter,-3.661311626434326
training_3030,C,letter,-5.708186626434326
training_3030,D,letter,-0.1769367456436157
training_0313,A,letter,-0.5778552293777466
training_0313,B,letter,-3.265355110168457
training_0313,C,letter,-3.921605110168457
training_0313,D,letter,-0.9684802293777466
training_1124,A,present,-7.499999800405931
training_1124,B,present,1.7031250149011612
training_1124,C,present,1.09375
training_1124,D,present,-3.890625108033418
training_1929,A,letter,-0.8547517657279968
training_1929,B,letter,-1.1203768253326416
training_1929,C,letter,-3.3703768253326416
training_1929,D,letter,-1.5578768253326416
training_2530,ADCB,perm,1.0
training_2530,A<B,pair,4.984375204425305
training_2530,A<C,pair,4.999999986961484
training_2530,A<D,pair,5.281249786261469
training_2530,B<C,pair,-0.046875
training_2530,B<D,pair,-0.46875
training_2530,C<D,pair,0.8593749701976776
training_3036,A,letter,-3.346845388412476
training_3036,B,letter,-5.0655951499938965
training_3036,C,letter,-0.0655953660607338
training_3036,D,letter,-3.846845388412476
training_0315,A,letter,-3.0580477714538574
training_0315,B,letter,-1.167422890663147
training_0315,C,letter,-0.729922890663147
training_0315,D,letter,-1.854922890663147
training_1126,A,present,-2.890625
training_1126,B,present,-1.2656249403953552
training_1126,C,present,-2.687499925494194
training_1126,D,present,-1.7187499850988388
training_1931,A,letter,-3.23593544960022
training_1931,B,letter,-0.2671854197978973
training_1931,C,letter,-3.40781044960022
training_1931,D,letter,-1.82968544960022
training_3038,A,letter,-1.2256555557250977
training_3038,B,letter,-1.3506555557250977
training_3038,C,letter,-1.0850305557250977
training_3038,D,letter,-2.2412805557250977
training_0318,A,letter,-0.6902109384536743
training_0318,B,letter,-1.4558359384536743
training_0318,C,letter,-1.5808359384536743
training_0318,D,letter,-2.9245858192443848
training_1129,A,present,-4.421874859370291
training_1129,B,present,-2.734374977648258
training_1129,C,present,0.359375
training_1129,D,present,-1.2812499552965164
training_1934,A,letter,-1.1695923805236816
training_1934,B,letter,-3.6695923805236816
training_1934,C,letter,-1.3883423805236816
training_1934,D,letter,-0.8883423805236816
training_2532,DCBA,perm,1.0
training_2532,A<B,pair,0.0625
training_2532,A<C,pair,-0.65625
training_2532,A<D,pair,0.09375
training_2532,B<C,pair,-0.7031250298023224
training_2532,B<D,pair,-0.21875
training_2532,C<D,pair,0.0625
training_3041,A,letter,-0.9391022324562072
training_3041,B,letter,-3.7047271728515625
training_3041,C,letter,-0.5797272324562073
training_3041,D,letter,-3.7516021728515625
training_0321,A,letter,-0.0030865669250488
training_0321,B,letter,-7.799961566925049
training_0321,C,letter,-7.424961566925049
training_0321,D,letter,-6.221836566925049
training_1132,A,present,0.609375
training_1132,B,present,-2.078124888241291
training_1132,C,present,-0.390625
training_1132,D,present,-6.031249955762178
training_1937,A,letter,-0.1680056899785995
training_1937,B,letter,-2.0586307048797607
training_1937,C,letter,-6.261755466461182
training_1937,D,letter,-3.6992557048797607
training_2535,CADB,perm,1.0
training_2535,A<B,pair,1.0781250298023224
training_2535,A<C,pair,-0.703125
training_2535,A<D,pair,1.421875
training_2535,B<C,pair,-1.2343749701976776
training_2535,B<D,pair,0.7343750596046448
training_2535,C<D,pair,1.7343749403953552
training_3044,A,letter,-4.72279691696167
training_3044,B,letter,-2.36342191696167
training_3044,C,letter,-0.1134220287203788
training_3044,D,letter,-5.61342191696167
training_0327,A,letter,-1.7361316680908203
training_0327,B,letter,-0.3767566382884979
training_0327,C,letter,-3.5798816680908203
training_0327,D,letter,-2.2361316680908203
training_1138,A,present,-3.578124918043613
training_1138,B,present,-3.328124944120645
training_1138,C,present,-0.53125
training_1138,D,present,-7.296874912455678
training_1943,A,letter,-4.960571765899658
training_1943,B,letter,-5.648071765899658
training_1943,C,letter,-0.0230717752128839
training_1943,D,letter,-4.460571765899658
training_2541,ACDB,perm,1.0
training_2541,A<B,pair,2.593750014901161
training_2541,A<C,pair,-0.4843749701976776
training_2541,A<D,pair,1.5468750447034836
training_2541,B<C,pair,-2.562500037252903
training_2541,B<D,pair,-0.5
training_2541,C<D,pair,2.140624903142452
training_3050,A,letter,-0.2380626648664474
training_3050,B,letter,-2.238062620162964
training_3050,C,letter,-2.300562620162964
training_3050,D,letter,-5.441187858581543
training_0329,A,letter,-5.26632022857666
training_0329,B,letter,-3.14132022857666
training_0329,C,letter,-1.1569452285766602
training_0329,D,letter,-0.4538201689720154
training_1140,A,present,-1.6093750298023224
training_1140,B,present,-2.015624925494194
training_1140,C,present,-10.015624529762135
training_1140,D,present,0.484375
training_1945,A,letter,-0.5678902864456177
training_1945,B,letter,-2.333515167236328
training_1945,C,letter,-2.067890167236328
training_1945,D,letter,-1.6303902864456177
training_3052,A,letter,-1.693364500999451
training_3052,B,letter,-2.63086462020874
training_3052,C,letter,-0.5683645009994507
training_3052,D,letter,-1.740239500999451
training_0332,A,letter,-3.2687737941741943
training_0332,B,letter,-0.0968987569212913
training_0332,C,letter,-3.0031487941741943
training_0332,D,letter,-5.550023555755615
training_1143,A,present,-0.9218749701976776
training_1143,B,present,-0.7187499701976776
training_1143,C,present,0.03125
training_1143,D,present,-0.078125
training_1948,A,letter,-0.3653930723667145
training_1948,B,letter,-1.662268042564392
training_1948,C,letter,-4.740393161773682
training_1948,D,letter,-2.2403931617736816
training_2543,CBAD,perm,1.0
training_2543,A<B,pair,0.25
training_2543,A<C,pair,-2.781249936670065
training_2543,A<D,pair,0.7968749403953552
training_2543,B<C,pair,-3.187500026077032
training_2543,B<D,pair,0.4999999701976776
training_2543,C<D,pair,3.7968750037252894
training_3055,A,letter,-3.729091644287109
training_3055,B,letter,-3.0728416442871094
training_3055,C,letter,-2.4947166442871094
training_3055,D,letter,-0.1665916442871093
training_0336,A,letter,-0.5973713397979736
training_0336,B,letter,-6.4098711013793945
training_0336,C,letter,-4.4254961013793945
training_0336,D,letter,-0.8317463397979736
training_1147,A,present,-6.40625015203841
training_1147,B,present,-4.703124969266355
training_1147,C,present,-3.1562499403953552
training_1147,D,present,-5.500000134576112
training_1952,A,letter,-0.473099946975708
training_1952,B,letter,-1.051224946975708
training_1952,C,letter,-4.582474708557129
training_1952,D,letter,-4.144974708557129
training_2547,ABDC,perm,1.0
training_2547,A<B,pair,-0.21875
training_2547,A<C,pair,7.390624922176357
training_2547,A<D,pair,5.06249995296821
training_2547,B<C,pair,4.953125043772161
training_2547,B<D,pair,2.59375
training_2547,C<D,pair,-3.484375052154064
training_3059,A,letter,-1.0479241609573364
training_3059,B,letter,-4.079174041748047
training_3059,C,letter,-0.4697991609573364
training_3059,D,letter,-5.063549041748047
training_0338,A,letter,-4.381551742553711
training_0338,B,letter,-0.5534267425537109
training_0338,C,letter,-3.084676742553711
training_0338,D,letter,-1.006551742553711
training_1149,A,present,-6.687500098487362
training_1149,B,present,-3.812500057742
training_1149,C,present,-8.546874908104655
training_1149,D,present,-3.5624999050050974
training_1954,A,letter,-3.4664103984832764
training_1954,B,letter,-1.2476603984832764
training_1954,C,letter,-1.2476603984832764
training_1954,D,letter,-0.9351604580879213
training_3061,A,letter,-0.4654729962348938
training_3061,B,letter,-1.574847936630249
training_3061,C,letter,-3.262347936630249
training_3061,D,letter,-2.074847936630249
training_0340,A,letter,-2.021397829055786
training_0340,B,letter,-4.349522590637207
training_0340,C,letter,-0.3807727694511413
training_0340,D,letter,-1.771397829055786
training_1151,A,present,-2.390624962747097
training_1151,B,present,-1.9531250894069672
training_1151,C,present,-3.546874899417162
training_1151,D,present,-4.218750231899321
training_1956,A,letter,-2.713367462158203
training_1956,B,letter,-2.260242462158203
training_1956,C,letter,-0.7446174025535583
training_1956,D,letter,-1.0414924621582031
training_3063,A,letter,-3.611793279647827
training_3063,B,letter,-0.7524182200431824
training_3063,C,letter,-0.8305432200431824
training_3063,D,letter,-2.736793279647827
training_0343,A,letter,-0.1582358032464981
training_0343,B,letter,-2.080110788345337
training_0343,C,letter,-4.126986026763916
training_0343,D,letter,-5.455111026763916
training_1154,A,present,-5.968749900814146
training_1154,B,present,-2.7499999552965164
training_1154,C,present,-0.03125
training_1154,D,present,-4.671874813735485
training_1959,A,letter,-4.412840843200684
training_1959,B,letter,-0.0222159028053283
training_1959,C,letter,-8.209715843200684
training_1959,D,letter,-4.662840843200684
training_3066,A,letter,-0.8524197340011597
training_3066,B,letter,-1.2430447340011597
training_3066,C,letter,-2.274294853210449
training_3066,D,letter,-1.7117947340011597
training_0346,A,letter,-2.576946258544922
training_0346,B,letter,-4.467571258544922
training_0346,C,letter,-7.373821258544922
training_0346,D,letter,-0.0925713628530502
training_1157,A,present,-4.437500005587936
training_1157,B,present,-4.046875026077032
training_1157,C,present,-0.09375
training_1157,D,present,-2.1093749552965164
training_1962,A,letter,-2.4964959621429443
training_1962,B,letter,-6.527746200561523
training_1962,C,letter,-6.121496200561523
training_1962,D,letter,-0.0902460664510726
training_3069,A,letter,-0.4275563359260559
training_3069,B,letter,-1.4119312763214111
training_3069,C,letter,-3.177556276321411
training_3069,D,letter,-2.786931276321411
training_0349,A,letter,-0.646201491355896
training_0349,B,letter,-2.536826610565185
training_0349,C,letter,-2.099326610565185
training_0349,D,letter,-1.302451491355896
training_1160,A,present,-3.546874936670065
training_1160,B,present,-0.34375
training_1160,C,present,-3.749999891966581
training_1160,D,present,-3.984375091269612
training_1965,A,letter,-1.6616954803466797
training_1965,B,letter,-1.6460704803466797
training_1965,C,letter,-2.70857048034668
training_1965,D,letter,-0.5991954207420349
training_3072,A,letter,-1.9233529567718504
training_3072,B,letter,-1.1108529567718506
training_3072,C,letter,-0.7983528971672058
training_3072,D,letter,-2.6108529567718506
training_0352,A,letter,-2.5658562183380127
training_0352,B,letter,-0.4877312779426574
training_0352,C,letter,-1.2064812183380127
training_0352,D,letter,-4.831481456756592
training_1163,A,present,-5.796874775085598
training_1163,B,present,-5.046874869149178
training_1163,C,present,-5.9375000356230885
training_1163,D,present,-6.500000057625584
training_1968,A,letter,-3.601940393447876
training_1968,B,letter,-0.05506531894207
training_1968,C,letter,-4.617565155029297
training_1968,D,letter,-4.148815155029297
training_3075,A,letter,-0.6534923315048218
training_3075,B,letter,-2.6378674507141118
training_3075,C,letter,-1.5441173315048218
training_3075,D,letter,-1.7316173315048218
training_0355,A,letter,-1.1729538440704346
training_0355,B,letter,-1.7198288440704346
training_0355,C,letter,-1.6885788440704346
training_0355,D,letter,-1.1260788440704346
training_1166,A,present,-1.2812499850988388
training_1166,B,present,-3.7499999199062586
training_1166,C,present,-3.421874903142452
training_1166,D,present,-0.140625
training_1971,A,letter,-0.4003625810146332
training_1971,B,letter,-1.5722376108169556
training_1971,C,letter,-4.197237491607666
training_1971,D,letter,-2.337862491607666
training_2551,DCBA,perm,1.0
training_2551,A<B,pair,1.09375
training_2551,A<C,pair,-0.265625
training_2551,A<D,pair,0.0
training_2551,B<C,pair,-0.578125
training_2551,B<D,pair,-0.6093750298023224
training_2551,C<D,pair,0.578125
training_3078,A,letter,-1.3948054313659668
training_3078,B,letter,-1.0510554313659668
training_3078,C,letter,-2.160430431365967
training_3078,D,letter,-1.2541804313659668
training_0357,A,letter,-3.198873996734619
training_0357,B,letter,-2.276998996734619
training_0357,C,letter,-4.589498996734619
training_0357,D,letter,-0.1676240861415863
training_1168,A,present,0.359375
training_1168,B,present,-4.359375044703484
training_1168,C,present,-3.703124895691872
training_1168,D,present,-5.000000163447112
training_1973,A,letter,-4.181684970855713
training_1973,B,letter,-2.587934970855713
training_1973,C,letter,-0.5410599708557129
training_1973,D,letter,-1.119184970855713
training_3080,A,letter,-1.7397761344909668
training_3080,B,letter,-2.536651134490967
training_3080,C,letter,-1.9585261344909668
training_3080,D,letter,-0.505401074886322
training_0359,A,letter,-7.901092529296875
training_0359,B,letter,-2.963592529296875
training_0359,C,letter,-0.1667175889015197
training_0359,D,letter,-2.291717529296875
training_1170,A,present,1.6250000298023224
training_1170,B,present,-6.078125009546056
training_1170,C,present,-5.624999873805791
training_1170,D,present,-5.140625039581209
training_3082,A,letter,-2.088997364044189
training_3082,B,letter,-0.2296222895383834
training_3082,C,letter,-3.432747364044189
training_3082,D,letter,-3.057747364044189
training_0361,A,letter,-4.466408729553223
training_0361,B,letter,-7.903908729553223
training_0361,C,letter,-0.1070335060358047
training_0361,D,letter,-2.419533491134644
training_1172,A,present,-5.39062503632158
training_1172,B,present,-6.906249994644895
training_1172,C,present,-4.937500002328306
training_1172,D,present,-0.015625
training_1976,A,letter,-6.081711769104004
training_1976,B,letter,-4.909836769104004
training_1976,C,letter,-4.691086769104004
training_1976,D,letter,-0.0192115306854248
training_3084,A,letter,-3.5271167755126958
training_3084,B,letter,-0.4333668649196625
training_3084,C,letter,-4.573991775512695
training_3084,D,letter,-1.1677418947219849
training_0363,A,letter,-1.0923314094543457
training_0363,B,letter,-2.8267064094543457
training_0363,C,letter,-2.8267064094543457
training_0363,D,letter,-0.6079564094543457
training_1174,A,present,-0.8906249403953552
training_1174,B,present,-5.734374983236194
training_1174,C,present,-4.54687515180558
training_1174,D,present,-5.50000018440187
training_1978,A,letter,-2.823957920074463
training_1978,B,letter,-4.855207920074463
training_1978,C,letter,-0.1520829498767852
training_1978,D,letter,-2.620832920074463
training_3086,A,letter,-2.834458351135254
training_3086,B,letter,-3.865708351135254
training_3086,C,letter,-0.1157084479928016
training_3086,D,letter,-3.537583351135254
training_0365,A,letter,-8.158037185668945
training_0365,B,letter,-0.0017874945187941
training_0365,C,letter,-7.111162662506104
training_0365,D,letter,-7.486162662506103
training_1176,A,present,-2.5312499925494194
training_1176,B,present,-5.078124829567969
training_1176,C,present,-5.687500082189217
training_1176,D,present,2.031250096857548
training_1980,A,letter,-3.4942286014556885
training_1980,B,letter,-1.9004786014556885
training_1980,C,letter,-2.2442286014556885
training_1980,D,letter,-0.3379786610603332
training_3088,A,letter,-0.9170904159545898
training_3088,B,letter,-0.9483404159545898
training_3088,C,letter,-3.15146541595459
training_3088,D,letter,-1.7764654159545898
training_0367,A,letter,-0.8650054931640625
training_0367,B,letter,-2.0993804931640625
training_0367,C,letter,-2.7243804931640625
training_0367,D,letter,-0.9431304931640624
training_1178,A,present,-4.20312478300184
training_1178,B,present,-5.98437478672713
training_1178,C,present,-1.8124999850988388
training_1178,D,present,2.265624910593033
training_1982,A,letter,-1.637686252593994
training_1982,B,letter,-2.918936252593994
training_1982,C,letter,-2.981436252593994
training_1982,D,letter,-0.3564361929893493
training_3090,A,letter,-2.6474478244781494
training_3090,B,letter,-1.6786978244781494
training_3090,C,letter,-0.6474478840827942
training_3090,D,letter,-1.5224478244781494
training_0369,A,letter,-0.0035185827873647
training_0369,B,letter,-7.675393581390381
training_0369,C,letter,-6.159768581390381
training_0369,D,letter,-7.175393581390381
training_1180,A,present,0.125
training_1180,B,present,-3.5624999906867743
training_1180,C,present,-3.093749936670065
training_1180,D,present,-7.218750089406967
training_1984,A,letter,-0.8108123540878296
training_1984,B,letter,-0.7170623540878296
training_1984,C,letter,-3.217062473297119
training_1984,D,letter,-3.670187473297119
training_3092,A,letter,-1.8787873983383176
training_3092,B,letter,-4.035037517547607
training_3092,C,letter,-0.3631623685359955
training_3092,D,letter,-2.0194122791290283
training_0371,A,letter,-0.7408412098884583
training_0371,B,letter,-0.8189662098884583
training_0371,C,letter,-3.8033411502838135
training_0371,D,letter,-2.850216150283813
training_1182,A,present,0.9843750596046448
training_1182,B,present,-4.578125107102096
training_1182,C,present,-0.53125
training_1182,D,present,-3.906250070780516
training_1986,A,letter,-1.0716389417648315
training_1986,B,letter,-0.7435139417648315
training_1986,C,letter,-3.259139060974121
training_1986,D,letter,-1.9466389417648315
training_2552,CADB,perm,1.0
training_2552,A<B,pair,0.4843749701976776
training_2552,A<C,pair,-2.062500022351742
training_2552,A<D,pair,0.1875
training_2552,B<C,pair,-2.2656249403953552
training_2552,B<D,pair,-0.0625
training_2552,C<D,pair,3.375000111758709
training_3094,A,letter,-0.2995835840702057
training_3094,B,letter,-4.518333435058594
training_3094,C,letter,-1.4245835542678833
training_3094,D,letter,-5.049583435058594
training_0373,A,letter,-4.127120971679688
training_0373,B,letter,-1.4239962100982666
training_0373,C,letter,-2.8927462100982666
training_0373,D,letter,-0.3771211802959442
training_1184,A,present,-2.671875089406967
training_1184,B,present,-0.40625
training_1184,C,present,-1.5625000596046448
training_1184,D,present,-0.8437500596046448
training_1988,A,letter,-3.1432595252990723
training_1988,B,letter,-2.1120095252990723
training_1988,C,letter,-0.3620095551013946
training_1988,D,letter,-1.9870095252990725
training_2554,CDAB,perm,1.0
training_2554,A<B,pair,-0.109375
training_2554,A<C,pair,-1.703125
training_2554,A<D,pair,-2.640625
training_2554,B<C,pair,-0.484375
training_2554,B<D,pair,-1.1406249701976776
training_2554,C<D,pair,-0.15625
training_3096,A,letter,-4.911159515380859
training_3096,B,letter,-0.0517843700945377
training_3096,C,letter,-4.348659515380859
training_3096,D,letter,-3.5361592769622803
training_0377,A,letter,-0.7273746728897095
training_0377,B,letter,-1.8523746728897093
training_0377,C,letter,-2.60237455368042
training_0377,D,letter,-1.2586246728897097
training_1188,A,present,-1.25
training_1188,B,present,-1.7968749701976776
training_1188,C,present,-2.3906250670552254
training_1188,D,present,-0.546875
training_1992,A,letter,-3.802718162536621
training_1992,B,letter,-3.599593162536621
training_1992,C,letter,-1.740218162536621
training_1992,D,letter,-0.2558431625366211
training_2558,CADB,perm,1.0
training_2558,A<B,pair,0.390625
training_2558,A<C,pair,-0.9531250596046448
training_2558,A<D,pair,-0.015625
training_2558,B<C,pair,-1.8749999105930328
training_2558,B<D,pair,-0.4999999701976776
training_2558,C<D,pair,1.5781250596046448
training_3100,A,letter,-1.244917392730713
training_3100,B,letter,-1.557417392730713
training_3100,C,letter,-3.994917392730713
training_3100,D,letter,-0.7292924523353577
training_0380,A,letter,-6.523239135742188
training_0380,B,letter,-0.6951138973236084
training_0380,C,letter,-0.7732388973236084
training_0380,D,letter,-3.3201138973236084
training_1191,A,present,-5.390624802559614
training_1191,B,present,-1.7031249850988388
training_1191,C,present,-9.078125353786165
training_1191,D,present,-2.0781250596046448
training_1995,A,letter,-1.873496532440185
training_1995,B,letter,-6.3266215324401855
training_1995,C,letter,-1.7328715324401855
training_1995,D,letter,-0.4047465026378631
training_3103,A,letter,-2.61500096321106
training_3103,B,letter,-3.27125096321106
training_3103,C,letter,-3.70875096321106
training_3103,D,letter,-0.1462509930133819
